categoria,receita,rendimento_original,ingrediente,quantidade,origem
Personalizada,"Ragu de carne com pure de couve flor, alho poró, tomate cereja e chia 250g",1.0,ACÉM sem osso,168.0,ABA_RECEITA
Personalizada,"Ragu de carne com pure de couve flor, alho poró, tomate cereja e chia 250g",1.0,COUVE  FLOR 250g,100.0,ABA_RECEITA
Personalizada,"Ragu de carne com pure de couve flor, alho poró, tomate cereja e chia 250g",1.0,ALHO PORÓ,45.0,ABA_RECEITA
Personalizada,"Ragu de carne com pure de couve flor, alho poró, tomate cereja e chia 250g",1.0,CEBOLA 258g,5.0,ABA_RECEITA
Personalizada,"Ragu de carne com pure de couve flor, alho poró, tomate cereja e chia 250g",1.0,SAL,5.0,ABA_RECEITA
Personalizada,"Ragu de carne com pure de couve flor, alho poró, tomate cereja e chia 250g",1.0,CHIA (EXTRA BLACK),5.0,ABA_RECEITA
Personalizada,"Ragu de carne com pure de couve flor, alho poró, tomate cereja e chia 250g",1.0,TEMPERO A GOSTO,5.0,ABA_RECEITA
Personalizada,"Ragu de carne com pure de couve flor, alho poró, tomate cereja e chia 250g",1.0,TOMATE CEREJA 280g,5.0,ABA_RECEITA
Personalizada,Couve flor ao molho branco gratinada com queijo 200g,1.0,AZEITE DE OLIVA 500ml,10.0,ABA_RECEITA
Personalizada,Couve flor ao molho branco gratinada com queijo 200g,1.0,COUVE  FLOR 250g,80.0,ABA_RECEITA
Personalizada,Couve flor ao molho branco gratinada com queijo 200g,1.0,CEBOLA 258g,10.0,ABA_RECEITA
Personalizada,Couve flor ao molho branco gratinada com queijo 200g,1.0,ALHO 65g,5.0,ABA_RECEITA
Personalizada,Couve flor ao molho branco gratinada com queijo 200g,1.0,CREME DE LEITE LIGHT 290g,100.0,ABA_RECEITA
Personalizada,Couve flor ao molho branco gratinada com queijo 200g,1.0,QUEIJO MUSSARELA pedaço,100.0,ABA_RECEITA
Personalizada,Couve flor ao molho branco gratinada com queijo 200g,1.0,NOZ MOSCADA (EM GRÃO),5.0,ABA_RECEITA
Personalizada,Couve flor ao molho branco gratinada com queijo 200g,1.0,SAL,5.0,ABA_RECEITA
Personalizada,Couve flor ao molho branco gratinada com queijo 200g,1.0,TEMPERO A GOSTO,5.0,ABA_RECEITA
Personalizada,Picanha Suína e espaguete de abobrinha 250g,1.0,Picanha Suina,168.0,ABA_RECEITA
Personalizada,Picanha Suína e espaguete de abobrinha 250g,1.0,Lemon Pepper 45g,3.5,ABA_RECEITA
Personalizada,Picanha Suína e espaguete de abobrinha 250g,1.0,CHIMICHURRI ( SEM PIMENTA),3.5,ABA_RECEITA
Personalizada,Picanha Suína e espaguete de abobrinha 250g,1.0,PIMENTA CALABREZA,3.5,ABA_RECEITA
Personalizada,Picanha Suína e espaguete de abobrinha 250g,1.0,ABOBRINHA ITALIANA,100.0,ABA_RECEITA
Personalizada,Picanha Suína e espaguete de abobrinha 250g,1.0,ALHO 65g,5.0,ABA_RECEITA
Personalizada,Picanha Suína e espaguete de abobrinha 250g,1.0,TOMATE CEREJA 280g,25.0,ABA_RECEITA
Personalizada,Picanha Suína e espaguete de abobrinha 250g,1.0,AZEITE DE OLIVA 500ml,10.0,ABA_RECEITA
Personalizada,Picanha Suína e espaguete de abobrinha 250g,1.0,SAL,5.0,ABA_RECEITA
Personalizada,Picanha Suína e espaguete de abobrinha 250g,1.0,PIMENTA PRETA,4.0,ABA_RECEITA
Personalizada,Lasanha de Abobrinha 350g,1.0,PATINHO (CARNE MOIDA),100.0,ABA_RECEITA
Personalizada,Lasanha de Abobrinha 350g,1.0,ABOBRINHA ITALIANA,140.0,ABA_RECEITA
Personalizada,Lasanha de Abobrinha 350g,1.0,QUEIJO MUSSARELA pedaço,30.0,ABA_RECEITA
Personalizada,Lasanha de Abobrinha 350g,1.0,QUEIJO PARMESÃO,10.0,ABA_RECEITA
Personalizada,Lasanha de Abobrinha 350g,1.0,CREME DE RICOTA 200g TIROLEZ,20.0,ABA_RECEITA
Personalizada,Lasanha de Abobrinha 350g,1.0,AZEITE DE OLIVA 500ml,4.0,ABA_RECEITA
Personalizada,Lasanha de Abobrinha 350g,1.0,SAL,2.0,ABA_RECEITA
Personalizada,Lasanha de Abobrinha 350g,1.0,TEMPERO A GOSTO,1.0,ABA_RECEITA
Personalizada,Lasanha de Abobrinha 350g,1.0,CEBOLA 258g,3.0,ABA_RECEITA
Personalizada,Lasanha de Abobrinha 350g,1.0,ALHO 65g,2.0,ABA_RECEITA
Personalizada,Lasanha de Beringela 350g,1.0,PATINHO (CARNE MOIDA),100.0,ABA_RECEITA
Personalizada,Lasanha de Beringela 350g,1.0,BERINJELA 381g,129.0,ABA_RECEITA
Personalizada,Lasanha de Beringela 350g,1.0,QUEIJO MUSSARELA pedaço,43.0,ABA_RECEITA
Personalizada,Lasanha de Beringela 350g,1.0,TOMATE CARMEM 330g,43.0,ABA_RECEITA
Personalizada,Lasanha de Beringela 350g,1.0,CEBOLA 258g,14.29,ABA_RECEITA
Personalizada,Lasanha de Beringela 350g,1.0,AZEITE DE OLIVA 500ml,2.86,ABA_RECEITA
Personalizada,Lasanha de Beringela 350g,1.0,TEMPERO A GOSTO,2.15,ABA_RECEITA
Personalizada,Lasanha de Beringela 350g,1.0,SAL,2.15,ABA_RECEITA
Personalizada,Lasanha de Beringela 350g,1.0,ALHO 65g,1.43,ABA_RECEITA
Personalizada,"Purê de mandioquinha, carne moída e legume salteados na manteiga 360g I",1.0,MANDIOQUINHA 150g,100.0,ABA_RECEITA
Personalizada,"Purê de mandioquinha, carne moída e legume salteados na manteiga 360g I",1.0,CENOURA 200g,60.0,ABA_RECEITA
Personalizada,"Purê de mandioquinha, carne moída e legume salteados na manteiga 360g I",1.0,CREME DE LEITE LIGHT 290g,50.0,ABA_RECEITA
Personalizada,"Purê de mandioquinha, carne moída e legume salteados na manteiga 360g I",1.0,MANTEIGA AVIAÇÃO 200g,4.28,ABA_RECEITA
Personalizada,"Purê de mandioquinha, carne moída e legume salteados na manteiga 360g I",1.0,PATINHO (CARNE MOIDA),168.0,ABA_RECEITA
Personalizada,"Purê de mandioquinha, carne moída e legume salteados na manteiga 360g I",1.0,CEBOLA 258g,11.42,ABA_RECEITA
Personalizada,"Purê de mandioquinha, carne moída e legume salteados na manteiga 360g I",1.0,ALHO 65g,2.15,ABA_RECEITA
Personalizada,"Purê de mandioquinha, carne moída e legume salteados na manteiga 360g I",1.0,TOMATE CARMEM 330g,60.0,ABA_RECEITA
Personalizada,"Purê de mandioquinha, carne moída e legume salteados na manteiga 360g I",1.0,SAL,2.15,ABA_RECEITA
Personalizada,"Purê de mandioquinha, carne moída e legume salteados na manteiga 360g I",1.0,TEMPERO A GOSTO,2.85,ABA_RECEITA
Personalizada,"Purê de mandioquinha, carne moída e legume salteados na manteiga 230g II",1.0,MANDIOQUINHA 150g,80.0,ABA_RECEITA
Personalizada,"Purê de mandioquinha, carne moída e legume salteados na manteiga 230g II",1.0,CENOURA 200g,50.0,ABA_RECEITA
Personalizada,"Purê de mandioquinha, carne moída e legume salteados na manteiga 230g II",1.0,CREME DE LEITE LIGHT 290g,50.0,ABA_RECEITA
Personalizada,"Purê de mandioquinha, carne moída e legume salteados na manteiga 230g II",1.0,MANTEIGA AVIAÇÃO 200g,4.28,ABA_RECEITA
Personalizada,"Purê de mandioquinha, carne moída e legume salteados na manteiga 230g II",1.0,PATINHO (CARNE MOIDA),120.0,ABA_RECEITA
Personalizada,"Purê de mandioquinha, carne moída e legume salteados na manteiga 230g II",1.0,CEBOLA 258g,11.42,ABA_RECEITA
Personalizada,"Purê de mandioquinha, carne moída e legume salteados na manteiga 230g II",1.0,ALHO 65g,2.15,ABA_RECEITA
Personalizada,"Purê de mandioquinha, carne moída e legume salteados na manteiga 230g II",1.0,TOMATE CARMEM 330g,22.85,ABA_RECEITA
Personalizada,"Purê de mandioquinha, carne moída e legume salteados na manteiga 230g II",1.0,SAL,2.15,ABA_RECEITA
Personalizada,"Purê de mandioquinha, carne moída e legume salteados na manteiga 230g II",1.0,TEMPERO A GOSTO,2.85,ABA_RECEITA
Personalizada,"Purê de mandioquinha, carne moída e legume salteados na manteiga 260g III",1.0,MANDIOQUINHA 150g,120.0,ABA_RECEITA
Personalizada,"Purê de mandioquinha, carne moída e legume salteados na manteiga 260g III",1.0,CENOURA 200g,20.0,ABA_RECEITA
Personalizada,"Purê de mandioquinha, carne moída e legume salteados na manteiga 260g III",1.0,CREME DE LEITE LIGHT 290g,50.0,ABA_RECEITA
Personalizada,"Purê de mandioquinha, carne moída e legume salteados na manteiga 260g III",1.0,MANTEIGA AVIAÇÃO 200g,4.28,ABA_RECEITA
Personalizada,"Purê de mandioquinha, carne moída e legume salteados na manteiga 260g III",1.0,PATINHO (CARNE MOIDA),120.0,ABA_RECEITA
Personalizada,"Purê de mandioquinha, carne moída e legume salteados na manteiga 260g III",1.0,CEBOLA 258g,11.42,ABA_RECEITA
Personalizada,"Purê de mandioquinha, carne moída e legume salteados na manteiga 260g III",1.0,ALHO 65g,2.15,ABA_RECEITA
Personalizada,"Purê de mandioquinha, carne moída e legume salteados na manteiga 260g III",1.0,TOMATE CARMEM 330g,20.0,ABA_RECEITA
Personalizada,"Purê de mandioquinha, carne moída e legume salteados na manteiga 260g III",1.0,SAL,2.15,ABA_RECEITA
Personalizada,"Purê de mandioquinha, carne moída e legume salteados na manteiga 260g III",1.0,TEMPERO A GOSTO,2.85,ABA_RECEITA
Personalizada,"Almôndegas de frango, quinoa e creme de milho e vagem 320g I",1.0,PEITO DE FRANGO SEM OSSO E SEM PELE,168.0,ABA_RECEITA
Personalizada,"Almôndegas de frango, quinoa e creme de milho e vagem 320g I",1.0,FARINHA DE AVEIA,11.25,ABA_RECEITA
Personalizada,"Almôndegas de frango, quinoa e creme de milho e vagem 320g I",1.0,OVOS,25.0,ABA_RECEITA
Personalizada,"Almôndegas de frango, quinoa e creme de milho e vagem 320g I",1.0,CEBOLA 258g,18.75,ABA_RECEITA
Personalizada,"Almôndegas de frango, quinoa e creme de milho e vagem 320g I",1.0,ALHO 65g,3.75,ABA_RECEITA
Personalizada,"Almôndegas de frango, quinoa e creme de milho e vagem 320g I",1.0,SALSINHA 150g,12.5,ABA_RECEITA
Personalizada,"Almôndegas de frango, quinoa e creme de milho e vagem 320g I",1.0,CEBOLINHA 150g,13.0,ABA_RECEITA
Personalizada,"Almôndegas de frango, quinoa e creme de milho e vagem 320g I",1.0,QUINOA EM GRÃO,70.0,ABA_RECEITA
Personalizada,"Almôndegas de frango, quinoa e creme de milho e vagem 320g I",1.0,SAL,1.87,ABA_RECEITA
Personalizada,"Almôndegas de frango, quinoa e creme de milho e vagem 320g I",1.0,TEMPERO A GOSTO,5.0,ABA_RECEITA
Personalizada,"Almôndegas de frango, quinoa e creme de milho e vagem 180g II",1.0,PEITO DE FRANGO SEM OSSO E SEM PELE,120.0,ABA_RECEITA
Personalizada,"Almôndegas de frango, quinoa e creme de milho e vagem 180g II",1.0,FARINHA DE AVEIA,11.25,ABA_RECEITA
Personalizada,"Almôndegas de frango, quinoa e creme de milho e vagem 180g II",1.0,OVOS,25.0,ABA_RECEITA
Personalizada,"Almôndegas de frango, quinoa e creme de milho e vagem 180g II",1.0,CEBOLA 258g,18.75,ABA_RECEITA
Personalizada,"Almôndegas de frango, quinoa e creme de milho e vagem 180g II",1.0,ALHO 65g,3.75,ABA_RECEITA
Personalizada,"Almôndegas de frango, quinoa e creme de milho e vagem 180g II",1.0,SALSINHA 150g,12.5,ABA_RECEITA
Personalizada,"Almôndegas de frango, quinoa e creme de milho e vagem 180g II",1.0,CEBOLINHA 150g,13.0,ABA_RECEITA
Personalizada,"Almôndegas de frango, quinoa e creme de milho e vagem 180g II",1.0,QUINOA EM GRÃO,60.0,ABA_RECEITA
Personalizada,"Almôndegas de frango, quinoa e creme de milho e vagem 180g II",1.0,SAL,1.87,ABA_RECEITA
Personalizada,"Almôndegas de frango, quinoa e creme de milho e vagem 180g II",1.0,TEMPERO A GOSTO,5.0,ABA_RECEITA
Personalizada,Escondidinho de Batata Doce com Frango e molho branco de inhame 240g I,1.0,BATATA ROSA DOCÊ 515g,102.040816,ABA_RECEITA
Personalizada,Escondidinho de Batata Doce com Frango e molho branco de inhame 240g I,1.0,PEITO DE FRANGO SEM OSSO E SEM PELE,168.0,ABA_RECEITA
Personalizada,Escondidinho de Batata Doce com Frango e molho branco de inhame 240g I,1.0,CEBOLA 258g,20.408163,ABA_RECEITA
Personalizada,Escondidinho de Batata Doce com Frango e molho branco de inhame 240g I,1.0,AZEITE DE OLIVA 500ml,1.020408,ABA_RECEITA
Personalizada,Escondidinho de Batata Doce com Frango e molho branco de inhame 240g I,1.0,ALHO 65g,2.55102,ABA_RECEITA
Personalizada,Escondidinho de Batata Doce com Frango e molho branco de inhame 240g I,1.0,INHAME 155g,61.22449,ABA_RECEITA
Personalizada,Escondidinho de Batata Doce com Frango e molho branco de inhame 240g I,1.0,AGUA FILTRADA 20l,51.020408,ABA_RECEITA
Personalizada,Escondidinho de Batata Doce com Frango e molho branco de inhame 240g I,1.0,EXTRATO DE TOMATE  ELEFANTE 300g,2.55102,ABA_RECEITA
Personalizada,Escondidinho de Batata Doce com Frango e molho branco de inhame 240g I,1.0,SAL,1.530612,ABA_RECEITA
Personalizada,Escondidinho de Batata Doce com Frango e molho branco de inhame 180g II,1.0,BATATA ROSA DOCÊ 515g,80.0,ABA_RECEITA
Personalizada,Escondidinho de Batata Doce com Frango e molho branco de inhame 180g II,1.0,PEITO DE FRANGO SEM OSSO E SEM PELE,120.0,ABA_RECEITA
Personalizada,Escondidinho de Batata Doce com Frango e molho branco de inhame 180g II,1.0,CEBOLA 258g,20.408163,ABA_RECEITA
Personalizada,Escondidinho de Batata Doce com Frango e molho branco de inhame 180g II,1.0,AZEITE DE OLIVA 500ml,1.020408,ABA_RECEITA
Personalizada,Escondidinho de Batata Doce com Frango e molho branco de inhame 180g II,1.0,ALHO 65g,2.55102,ABA_RECEITA
Personalizada,Escondidinho de Batata Doce com Frango e molho branco de inhame 180g II,1.0,INHAME 155g,61.22449,ABA_RECEITA
Personalizada,Escondidinho de Batata Doce com Frango e molho branco de inhame 180g II,1.0,AGUA FILTRADA 20l,51.020408,ABA_RECEITA
Personalizada,Escondidinho de Batata Doce com Frango e molho branco de inhame 180g II,1.0,EXTRATO DE TOMATE  ELEFANTE 300g,2.55102,ABA_RECEITA
Personalizada,Escondidinho de Batata Doce com Frango e molho branco de inhame 180g II,1.0,SAL,1.530612,ABA_RECEITA
Personalizada,Escondidinho de Batata Doce com Frango e molho branco de inhame 240g III,1.0,BATATA ROSA DOCÊ 515g,120.0,ABA_RECEITA
Personalizada,Escondidinho de Batata Doce com Frango e molho branco de inhame 240g III,1.0,PEITO DE FRANGO SEM OSSO E SEM PELE,144.0,ABA_RECEITA
Personalizada,Escondidinho de Batata Doce com Frango e molho branco de inhame 240g III,1.0,CEBOLA 258g,20.408163,ABA_RECEITA
Personalizada,Escondidinho de Batata Doce com Frango e molho branco de inhame 240g III,1.0,AZEITE DE OLIVA 500ml,1.020408,ABA_RECEITA
Personalizada,Escondidinho de Batata Doce com Frango e molho branco de inhame 240g III,1.0,ALHO 65g,2.55102,ABA_RECEITA
Personalizada,Escondidinho de Batata Doce com Frango e molho branco de inhame 240g III,1.0,INHAME 155g,61.22449,ABA_RECEITA
Personalizada,Escondidinho de Batata Doce com Frango e molho branco de inhame 240g III,1.0,AGUA FILTRADA 20l,51.020408,ABA_RECEITA
Personalizada,Escondidinho de Batata Doce com Frango e molho branco de inhame 240g III,1.0,EXTRATO DE TOMATE  ELEFANTE 300g,2.55102,ABA_RECEITA
Personalizada,Escondidinho de Batata Doce com Frango e molho branco de inhame 240g III,1.0,SAL,1.530612,ABA_RECEITA
Personalizada,Pernil c/ mandioca acompanhado de repolho c/ gergelim preto 320g I,1.0,PERNIL COM OSSO TRASEIRO,168.0,ABA_RECEITA
Personalizada,Pernil c/ mandioca acompanhado de repolho c/ gergelim preto 320g I,1.0,CEBOLA 258g,15.0,ABA_RECEITA
Personalizada,Pernil c/ mandioca acompanhado de repolho c/ gergelim preto 320g I,1.0,ALHO 65g,2.0,ABA_RECEITA
Personalizada,Pernil c/ mandioca acompanhado de repolho c/ gergelim preto 320g I,1.0,MANDIOCA,100.0,ABA_RECEITA
Personalizada,Pernil c/ mandioca acompanhado de repolho c/ gergelim preto 320g I,1.0,"REPOLHO VERDE 1,460kg",100.0,ABA_RECEITA
Personalizada,Pernil c/ mandioca acompanhado de repolho c/ gergelim preto 320g I,1.0,SAL,2.0,ABA_RECEITA
Personalizada,Pernil c/ mandioca acompanhado de repolho c/ gergelim preto 320g I,1.0,TEMPERO A GOSTO,4.0,ABA_RECEITA
Personalizada,Pernil c/ mandioca acompanhado de repolho c/ gergelim preto 320g I,1.0,AZEITE DE OLIVA 500ml,2.0,ABA_RECEITA
Personalizada,Pernil c/ mandioca acompanhado de repolho c/ gergelim preto 320g I,1.0,SALSINHA 150g,3.5,ABA_RECEITA
Personalizada,Pernil c/ mandioca acompanhado de repolho c/ gergelim preto 320g I,1.0,CEBOLINHA 150g,3.5,ABA_RECEITA
Personalizada,Pernil c/ mandioca acompanhado de repolho c/ gergelim preto 230g II,1.0,PERNIL COM OSSO TRASEIRO,120.0,ABA_RECEITA
Personalizada,Pernil c/ mandioca acompanhado de repolho c/ gergelim preto 230g II,1.0,CEBOLA 258g,15.0,ABA_RECEITA
Personalizada,Pernil c/ mandioca acompanhado de repolho c/ gergelim preto 230g II,1.0,ALHO 65g,2.0,ABA_RECEITA
Personalizada,Pernil c/ mandioca acompanhado de repolho c/ gergelim preto 230g II,1.0,MANDIOCA,80.0,ABA_RECEITA
Personalizada,Pernil c/ mandioca acompanhado de repolho c/ gergelim preto 230g II,1.0,"REPOLHO VERDE 1,460kg",65.0,ABA_RECEITA
Personalizada,Pernil c/ mandioca acompanhado de repolho c/ gergelim preto 230g II,1.0,SAL,2.0,ABA_RECEITA
Personalizada,Pernil c/ mandioca acompanhado de repolho c/ gergelim preto 230g II,1.0,TEMPERO A GOSTO,4.0,ABA_RECEITA
Personalizada,Pernil c/ mandioca acompanhado de repolho c/ gergelim preto 230g II,1.0,AZEITE DE OLIVA 500ml,2.0,ABA_RECEITA
Personalizada,Pernil c/ mandioca acompanhado de repolho c/ gergelim preto 230g II,1.0,SALSINHA 150g,3.5,ABA_RECEITA
Personalizada,Pernil c/ mandioca acompanhado de repolho c/ gergelim preto 230g II,1.0,CEBOLINHA 150g,3.5,ABA_RECEITA
Personalizada,Sobrecoxa assada com de creme de milho e pure de abóbora 240g I,1.0,SOBRE COXA,140.0,ABA_RECEITA
Personalizada,Sobrecoxa assada com de creme de milho e pure de abóbora 240g I,1.0,LIMÃO TAHITI 120g,7.166667,ABA_RECEITA
Personalizada,Sobrecoxa assada com de creme de milho e pure de abóbora 240g I,1.0,CENOURA 200g,20.833333,ABA_RECEITA
Personalizada,Sobrecoxa assada com de creme de milho e pure de abóbora 240g I,1.0,CEBOLA 258g,29.75,ABA_RECEITA
Personalizada,Sobrecoxa assada com de creme de milho e pure de abóbora 240g I,1.0,TOMATE CEREJA 280g,29.75,ABA_RECEITA
Personalizada,Sobrecoxa assada com de creme de milho e pure de abóbora 240g I,1.0,"MILHO quero 1,700kg",40.0,ABA_RECEITA
Personalizada,Sobrecoxa assada com de creme de milho e pure de abóbora 240g I,1.0,CREME DE LEITE SEM LACTOSE 200g,50.0,ABA_RECEITA
Personalizada,Sobrecoxa assada com de creme de milho e pure de abóbora 240g I,1.0,AMIDO DE MILHO,1.75,ABA_RECEITA
Personalizada,Sobrecoxa assada com de creme de milho e pure de abóbora 240g I,1.0,AGUA FILTRADA 20l,35.5,ABA_RECEITA
Personalizada,Sobrecoxa assada com de creme de milho e pure de abóbora 240g I,1.0,TEMPERO A GOSTO,2.666667,ABA_RECEITA
Personalizada,Sobrecoxa assada com de creme de milho e pure de abóbora 240g I,1.0,SOBRE COXA,120.0,ABA_RECEITA
Personalizada,Sobrecoxa assada com de creme de milho e pure de abóbora 240g I,1.0,LIMÃO TAHITI 120g,7.166667,ABA_RECEITA
Personalizada,Sobrecoxa assada com de creme de milho e pure de abóbora 240g I,1.0,CENOURA 200g,20.833333,ABA_RECEITA
Personalizada,Sobrecoxa assada com de creme de milho e pure de abóbora 240g I,1.0,CEBOLA 258g,29.75,ABA_RECEITA
Personalizada,Sobrecoxa assada com de creme de milho e pure de abóbora 240g I,1.0,TOMATE CEREJA 280g,29.75,ABA_RECEITA
Personalizada,Sobrecoxa assada com de creme de milho e pure de abóbora 240g I,1.0,"MILHO quero 1,700kg",40.0,ABA_RECEITA
Personalizada,Sobrecoxa assada com de creme de milho e pure de abóbora 240g I,1.0,CREME DE LEITE SEM LACTOSE 200g,50.0,ABA_RECEITA
Personalizada,Sobrecoxa assada com de creme de milho e pure de abóbora 240g I,1.0,AMIDO DE MILHO,1.75,ABA_RECEITA
Personalizada,Sobrecoxa assada com de creme de milho e pure de abóbora 240g I,1.0,AGUA FILTRADA 20l,35.5,ABA_RECEITA
Personalizada,Sobrecoxa assada com de creme de milho e pure de abóbora 240g I,1.0,TEMPERO A GOSTO,2.666667,ABA_RECEITA
Personalizada,Escondidinho de abobora recheado com frango 240g I,1.0,ABÓBORA CABOTIÃ,120.0,ABA_RECEITA
Personalizada,Escondidinho de abobora recheado com frango 240g I,1.0,CREME DE LEITE SEM LACTOSE 200g,50.0,ABA_RECEITA
Personalizada,Escondidinho de abobora recheado com frango 240g I,1.0,PIMENTA PRETA,1.0,ABA_RECEITA
Personalizada,Escondidinho de abobora recheado com frango 240g I,1.0,SAL,2.571429,ABA_RECEITA
Personalizada,Escondidinho de abobora recheado com frango 240g I,1.0,OREGANO EGÍPICIO,1.0,ABA_RECEITA
Personalizada,Escondidinho de abobora recheado com frango 240g I,1.0,ALHO 65g,2.571429,ABA_RECEITA
Personalizada,Escondidinho de abobora recheado com frango 240g I,1.0,AZEITE DE OLIVA 500ml,2.857143,ABA_RECEITA
Personalizada,Escondidinho de abobora recheado com frango 180g II,1.0,ABÓBORA CABOTIÃ,100.0,ABA_RECEITA
Personalizada,Escondidinho de abobora recheado com frango 180g II,1.0,CREME DE LEITE SEM LACTOSE 200g,50.0,ABA_RECEITA
Personalizada,Escondidinho de abobora recheado com frango 180g II,1.0,PIMENTA PRETA,1.0,ABA_RECEITA
Personalizada,Escondidinho de abobora recheado com frango 180g II,1.0,SAL,2.571429,ABA_RECEITA
Personalizada,Escondidinho de abobora recheado com frango 180g II,1.0,OREGANO EGÍPICIO,1.0,ABA_RECEITA
Personalizada,Escondidinho de abobora recheado com frango 180g II,1.0,ALHO 65g,2.571429,ABA_RECEITA
Personalizada,Escondidinho de abobora recheado com frango 180g II,1.0,AZEITE DE OLIVA 500ml,2.857143,ABA_RECEITA
Personalizada,Carne de panela acompanhada de purê de abóbora e brócolis no vapor 340g I,1.0,PATINHO (CARNE MOIDA),168.0,ABA_RECEITA
Personalizada,Carne de panela acompanhada de purê de abóbora e brócolis no vapor 340g I,1.0,ALHO 65g,5.0,ABA_RECEITA
Personalizada,Carne de panela acompanhada de purê de abóbora e brócolis no vapor 340g I,1.0,CEBOLA 258g,8.333333,ABA_RECEITA
Personalizada,Carne de panela acompanhada de purê de abóbora e brócolis no vapor 340g I,1.0,TOMATE CARMEM 330g,25.0,ABA_RECEITA
Personalizada,Carne de panela acompanhada de purê de abóbora e brócolis no vapor 340g I,1.0,ABÓBORA CABOTIÃ,100.0,ABA_RECEITA
Personalizada,Carne de panela acompanhada de purê de abóbora e brócolis no vapor 340g I,1.0,CREME DE LEITE 200g,50.0,ABA_RECEITA
Personalizada,Carne de panela acompanhada de purê de abóbora e brócolis no vapor 340g I,1.0,QUEIJO MUSSARELA pedaço,15.0,ABA_RECEITA
Personalizada,Carne de panela acompanhada de purê de abóbora e brócolis no vapor 340g I,1.0,BRÓCOLIS 250g,100.0,ABA_RECEITA
Personalizada,Carne de panela acompanhada de purê de abóbora e brócolis no vapor 340g I,1.0,AZEITE DE OLIVA 500ml,1.666667,ABA_RECEITA
Personalizada,Carne de panela acompanhada de purê de abóbora e brócolis no vapor 340g I,1.0,SAL,1.666667,ABA_RECEITA
Personalizada,Carne de panela acompanhada de purê de abóbora e brócolis no vapor 230g II,1.0,PATINHO (CARNE MOIDA),120.0,ABA_RECEITA
Personalizada,Carne de panela acompanhada de purê de abóbora e brócolis no vapor 230g II,1.0,ALHO 65g,5.0,ABA_RECEITA
Personalizada,Carne de panela acompanhada de purê de abóbora e brócolis no vapor 230g II,1.0,CEBOLA 258g,8.333333,ABA_RECEITA
Personalizada,Carne de panela acompanhada de purê de abóbora e brócolis no vapor 230g II,1.0,TOMATE CARMEM 330g,25.0,ABA_RECEITA
Personalizada,Carne de panela acompanhada de purê de abóbora e brócolis no vapor 230g II,1.0,ABÓBORA CABOTIÃ,80.0,ABA_RECEITA
Personalizada,Carne de panela acompanhada de purê de abóbora e brócolis no vapor 230g II,1.0,CREME DE LEITE 200g,50.0,ABA_RECEITA
Personalizada,Carne de panela acompanhada de purê de abóbora e brócolis no vapor 230g II,1.0,QUEIJO MUSSARELA pedaço,15.0,ABA_RECEITA
Personalizada,Carne de panela acompanhada de purê de abóbora e brócolis no vapor 230g II,1.0,BRÓCOLIS 250g,50.0,ABA_RECEITA
Personalizada,Carne de panela acompanhada de purê de abóbora e brócolis no vapor 230g II,1.0,AZEITE DE OLIVA 500ml,1.666667,ABA_RECEITA
Personalizada,Carne de panela acompanhada de purê de abóbora e brócolis no vapor 230g II,1.0,SAL,1.666667,ABA_RECEITA
Personalizada,Ragu de carne acompanhado com purê de abóbora 240g I,1.0,ACÉM sem osso,84.0,ABA_RECEITA
Personalizada,Ragu de carne acompanhado com purê de abóbora 240g I,1.0,PALETA BOVINA,84.0,ABA_RECEITA
Personalizada,Ragu de carne acompanhado com purê de abóbora 240g I,1.0,AZEITE DE OLIVA 500ml,2.0,ABA_RECEITA
Personalizada,Ragu de carne acompanhado com purê de abóbora 240g I,1.0,TOMATE CARMEM 330g,25.5,ABA_RECEITA
Personalizada,Ragu de carne acompanhado com purê de abóbora 240g I,1.0,ALHO 65g,2.285714,ABA_RECEITA
Personalizada,Ragu de carne acompanhado com purê de abóbora 240g I,1.0,FOLHA DE LOURO,2.071429,ABA_RECEITA
Personalizada,Ragu de carne acompanhado com purê de abóbora 240g I,1.0,VINHO BRANCO SECO 750ml,10.214286,ABA_RECEITA
Personalizada,Ragu de carne acompanhado com purê de abóbora 240g I,1.0,MOLHO DE TOMATE fugini,8.642857,ABA_RECEITA
Personalizada,Ragu de carne acompanhado com purê de abóbora 240g I,1.0,SAL,2.0,ABA_RECEITA
Personalizada,Ragu de carne acompanhado com purê de abóbora 240g I,1.0,TEMPERO A GOSTO,4.142857,ABA_RECEITA
Personalizada,Ragu de carne acompanhado com purê de abóbora 180g II,1.0,ACÉM sem osso,60.0,ABA_RECEITA
Personalizada,Ragu de carne acompanhado com purê de abóbora 180g II,1.0,PALETA BOVINA,60.0,ABA_RECEITA
Personalizada,Ragu de carne acompanhado com purê de abóbora 180g II,1.0,AZEITE DE OLIVA 500ml,2.0,ABA_RECEITA
Personalizada,Ragu de carne acompanhado com purê de abóbora 180g II,1.0,TOMATE CARMEM 330g,25.5,ABA_RECEITA
Personalizada,Ragu de carne acompanhado com purê de abóbora 180g II,1.0,ALHO 65g,2.285714,ABA_RECEITA
Personalizada,Ragu de carne acompanhado com purê de abóbora 180g II,1.0,FOLHA DE LOURO,2.071429,ABA_RECEITA
Personalizada,Ragu de carne acompanhado com purê de abóbora 180g II,1.0,VINHO BRANCO SECO 750ml,10.214286,ABA_RECEITA
Personalizada,Ragu de carne acompanhado com purê de abóbora 180g II,1.0,MOLHO DE TOMATE fugini,8.642857,ABA_RECEITA
Personalizada,Ragu de carne acompanhado com purê de abóbora 180g II,1.0,SAL,2.0,ABA_RECEITA
Personalizada,Ragu de carne acompanhado com purê de abóbora 180g II,1.0,TEMPERO A GOSTO,4.142857,ABA_RECEITA
Personalizada,Ragu de carne acompanhado com purê de abóbora 240g III,1.0,ACÉM sem osso,72.0,ABA_RECEITA
Personalizada,Ragu de carne acompanhado com purê de abóbora 240g III,1.0,PALETA BOVINA,72.0,ABA_RECEITA
Personalizada,Ragu de carne acompanhado com purê de abóbora 240g III,1.0,AZEITE DE OLIVA 500ml,2.0,ABA_RECEITA
Personalizada,Ragu de carne acompanhado com purê de abóbora 240g III,1.0,TOMATE CARMEM 330g,25.5,ABA_RECEITA
Personalizada,Ragu de carne acompanhado com purê de abóbora 240g III,1.0,ALHO 65g,2.285714,ABA_RECEITA
Personalizada,Ragu de carne acompanhado com purê de abóbora 240g III,1.0,FOLHA DE LOURO,2.071429,ABA_RECEITA
Personalizada,Ragu de carne acompanhado com purê de abóbora 240g III,1.0,VINHO BRANCO SECO 750ml,10.214286,ABA_RECEITA
Personalizada,Ragu de carne acompanhado com purê de abóbora 240g III,1.0,MOLHO DE TOMATE fugini,8.642857,ABA_RECEITA
Personalizada,Ragu de carne acompanhado com purê de abóbora 240g III,1.0,SAL,2.0,ABA_RECEITA
Personalizada,Ragu de carne acompanhado com purê de abóbora 240g III,1.0,TEMPERO A GOSTO,4.142857,ABA_RECEITA
Personalizada,Fricassê de Frango 250g,1.0,PEITO DE FRANGO SEM OSSO E SEM PELE,122.4,ABA_RECEITA
Personalizada,Fricassê de Frango 250g,1.0,CEBOLA 258g,12.0,ABA_RECEITA
Personalizada,Fricassê de Frango 250g,1.0,ALHO 65g,5.8,ABA_RECEITA
Personalizada,Fricassê de Frango 250g,1.0,TOMATE CARMEM 330g,25.8,ABA_RECEITA
Personalizada,Fricassê de Frango 250g,1.0,"MILHO quero 1,700kg",24.2,ABA_RECEITA
Personalizada,Fricassê de Frango 250g,1.0,REQUEIJÃO LIGHT catupiry 200ml,4.2,ABA_RECEITA
Personalizada,Fricassê de Frango 250g,1.0,CREME DE RICOTA 200g TIROLEZ,28.6,ABA_RECEITA
Personalizada,Fricassê de Frango 250g,1.0,sal,2.8,ABA_RECEITA
Personalizada,Fricassê de Frango 250g,1.0,azeite de oliva 500ml,4.0,ABA_RECEITA
Personalizada,Fricassê de Frango 250g,1.0,OREGANO EGÍPICIO,1.0,ABA_RECEITA
Personalizada,Escondidinho de inhame 250g,1.0,INHAME 155g,73.0,ABA_RECEITA
Personalizada,Escondidinho de inhame 250g,1.0,"Leite de Arroz 1,250Kg",28.571429,ABA_RECEITA
Personalizada,Escondidinho de inhame 250g,1.0,ALHO 65g,7.142857,ABA_RECEITA
Personalizada,Escondidinho de inhame 250g,1.0,AZEITE DE OLIVA 500ml,2.142857,ABA_RECEITA
Personalizada,Escondidinho de inhame 250g,1.0,PATINHO (CARNE MOIDA),65.0,ABA_RECEITA
Personalizada,Escondidinho de inhame 250g,1.0,SAL,2.857143,ABA_RECEITA
Personalizada,Escondidinho de inhame 250g,1.0,AGUA FILTRADA 20l,142.857143,ABA_RECEITA
Personalizada,Nhoque de Banana da Terra 350g,1.0,BANANA VERDE NANICA 200g,120.0,ABA_RECEITA
Personalizada,Nhoque de Banana da Terra 350g,1.0,FARINHA DE TRIGO INTEGRAL RENATA,60.0,ABA_RECEITA
Personalizada,Nhoque de Banana da Terra 350g,1.0,SAL,4.0,ABA_RECEITA
Personalizada,Nhoque de Banana da Terra 350g,1.0,AZEITE DE OLIVA 500ml,6.0,ABA_RECEITA
Personalizada,Nhoque de Banana da Terra 350g,1.0,PATINHO (CARNE MOIDA),100.0,ABA_RECEITA
Personalizada,Nhoque de Banana da Terra 350g,1.0,"PASTA DE TOMATE CONCENTRADA 2,005kg",60.0,ABA_RECEITA
Personalizada,Nhoque de Banana da Terra 350g,1.0,QUEIJO MUSSARELA pedaço,10.0,ABA_RECEITA
Personalizada,"Carne Moida acompanhada de arroz, Brócolis e feijão de Caldo 340g",1.0,PATINHO (CARNE MOIDA),168.0,ABA_RECEITA
Personalizada,"Carne Moida acompanhada de arroz, Brócolis e feijão de Caldo 340g",1.0,CEBOLA 258g,10.0,ABA_RECEITA
Personalizada,"Carne Moida acompanhada de arroz, Brócolis e feijão de Caldo 340g",1.0,ALHO 65g,3.0,ABA_RECEITA
Personalizada,"Carne Moida acompanhada de arroz, Brócolis e feijão de Caldo 340g",1.0,AZEITE DE OLIVA 500ml,3.0,ABA_RECEITA
Personalizada,"Carne Moida acompanhada de arroz, Brócolis e feijão de Caldo 340g",1.0,ARROZ BRANCO,30.0,ABA_RECEITA
Personalizada,"Carne Moida acompanhada de arroz, Brócolis e feijão de Caldo 340g",1.0,BRÓCOLIS 250g,100.0,ABA_RECEITA
Personalizada,"Carne Moida acompanhada de arroz, Brócolis e feijão de Caldo 340g",1.0,FEIJÃO CARIOCA,30.0,ABA_RECEITA
Personalizada,"Carne Moida acompanhada de arroz, Brócolis e feijão de Caldo 340g",1.0,TEMPERO A GOSTO,1.0,ABA_RECEITA
Personalizada,"Carne Moida acompanhada de arroz, Brócolis e feijão de Caldo 340g",1.0,SAL,1.0,ABA_RECEITA
Personalizada,"Carne Moida acompanhada de arroz, Brócolis e feijão de Caldo 340g",1.0,AGUA FILTRADA 20l,72.0,ABA_RECEITA
Personalizada,"Carne Moida acompanhada de arroz, Brócolis e feijão de Caldo 230g II",1.0,PATINHO (CARNE MOIDA),148.0,ABA_RECEITA
Personalizada,"Carne Moida acompanhada de arroz, Brócolis e feijão de Caldo 230g II",1.0,CEBOLA 258g,10.0,ABA_RECEITA
Personalizada,"Carne Moida acompanhada de arroz, Brócolis e feijão de Caldo 230g II",1.0,ALHO 65g,3.0,ABA_RECEITA
Personalizada,"Carne Moida acompanhada de arroz, Brócolis e feijão de Caldo 230g II",1.0,AZEITE DE OLIVA 500ml,3.0,ABA_RECEITA
Personalizada,"Carne Moida acompanhada de arroz, Brócolis e feijão de Caldo 230g II",1.0,ARROZ BRANCO,30.0,ABA_RECEITA
Personalizada,"Carne Moida acompanhada de arroz, Brócolis e feijão de Caldo 230g II",1.0,BRÓCOLIS 250g,30.0,ABA_RECEITA
Personalizada,"Carne Moida acompanhada de arroz, Brócolis e feijão de Caldo 230g II",1.0,FEIJÃO CARIOCA,20.0,ABA_RECEITA
Personalizada,"Carne Moida acompanhada de arroz, Brócolis e feijão de Caldo 230g II",1.0,TEMPERO A GOSTO,1.0,ABA_RECEITA
Personalizada,"Carne Moida acompanhada de arroz, Brócolis e feijão de Caldo 230g II",1.0,SAL,1.0,ABA_RECEITA
Personalizada,"Carne Moida acompanhada de arroz, Brócolis e feijão de Caldo 230g II",1.0,AGUA FILTRADA 20l,72.0,ABA_RECEITA
Personalizada,"Carne Moida acompanhada de arroz, Brócolis e feijão de Caldo 280g III",1.0,PATINHO (CARNE MOIDA),148.0,ABA_RECEITA
Personalizada,"Carne Moida acompanhada de arroz, Brócolis e feijão de Caldo 280g III",1.0,CEBOLA 258g,10.0,ABA_RECEITA
Personalizada,"Carne Moida acompanhada de arroz, Brócolis e feijão de Caldo 280g III",1.0,ALHO 65g,3.0,ABA_RECEITA
Personalizada,"Carne Moida acompanhada de arroz, Brócolis e feijão de Caldo 280g III",1.0,AZEITE DE OLIVA 500ml,3.0,ABA_RECEITA
Personalizada,"Carne Moida acompanhada de arroz, Brócolis e feijão de Caldo 280g III",1.0,ARROZ BRANCO,50.0,ABA_RECEITA
Personalizada,"Carne Moida acompanhada de arroz, Brócolis e feijão de Caldo 280g III",1.0,BRÓCOLIS 250g,30.0,ABA_RECEITA
Personalizada,"Carne Moida acompanhada de arroz, Brócolis e feijão de Caldo 280g III",1.0,FEIJÃO CARIOCA,20.0,ABA_RECEITA
Personalizada,"Carne Moida acompanhada de arroz, Brócolis e feijão de Caldo 280g III",1.0,TEMPERO A GOSTO,1.0,ABA_RECEITA
Personalizada,"Carne Moida acompanhada de arroz, Brócolis e feijão de Caldo 280g III",1.0,SAL,1.0,ABA_RECEITA
Personalizada,"Carne Moida acompanhada de arroz, Brócolis e feijão de Caldo 280g III",1.0,AGUA FILTRADA 20l,72.0,ABA_RECEITA
Personalizada,Feijoada Fit acompanhada de arroz integral e couve refogada 280g I,1.0,FEIJAO PRETO,50.0,ABA_RECEITA
Personalizada,Feijoada Fit acompanhada de arroz integral e couve refogada 280g I,1.0,PERNIL COM OSSO TRASEIRO,51.0,ABA_RECEITA
Personalizada,Feijoada Fit acompanhada de arroz integral e couve refogada 280g I,1.0,LOMBO SUINO,15.0,ABA_RECEITA
Personalizada,Feijoada Fit acompanhada de arroz integral e couve refogada 280g I,1.0,ALHO 65g,2.333333,ABA_RECEITA
Personalizada,Feijoada Fit acompanhada de arroz integral e couve refogada 280g I,1.0,CEBOLA 258g,17.833333,ABA_RECEITA
Personalizada,Feijoada Fit acompanhada de arroz integral e couve refogada 280g I,1.0,ARROZ INTEGRAL,60.0,ABA_RECEITA
Personalizada,Feijoada Fit acompanhada de arroz integral e couve refogada 280g I,1.0,salsinha 150g,4.166667,ABA_RECEITA
Personalizada,Feijoada Fit acompanhada de arroz integral e couve refogada 280g I,1.0,cebolinha 150g,4.166667,ABA_RECEITA
Personalizada,Feijoada Fit acompanhada de arroz integral e couve refogada 280g I,1.0,FOLHA DE LOURO,1.166667,ABA_RECEITA
Personalizada,Feijoada Fit acompanhada de arroz integral e couve refogada 280g I,1.0,sal,1.833333,ABA_RECEITA
Personalizada,Feijoada Fit acompanhada de arroz integral e couve refogada 190g II,1.0,FEIJAO PRETO,40.0,ABA_RECEITA
Personalizada,Feijoada Fit acompanhada de arroz integral e couve refogada 190g II,1.0,PERNIL COM OSSO TRASEIRO,51.0,ABA_RECEITA
Personalizada,Feijoada Fit acompanhada de arroz integral e couve refogada 190g II,1.0,LOMBO SUINO,15.0,ABA_RECEITA
Personalizada,Feijoada Fit acompanhada de arroz integral e couve refogada 190g II,1.0,ALHO 65g,2.333333,ABA_RECEITA
Personalizada,Feijoada Fit acompanhada de arroz integral e couve refogada 190g II,1.0,CEBOLA 258g,17.833333,ABA_RECEITA
Personalizada,Feijoada Fit acompanhada de arroz integral e couve refogada 190g II,1.0,ARROZ INTEGRAL,40.0,ABA_RECEITA
Personalizada,Feijoada Fit acompanhada de arroz integral e couve refogada 190g II,1.0,salsinha 150g,4.166667,ABA_RECEITA
Personalizada,Feijoada Fit acompanhada de arroz integral e couve refogada 190g II,1.0,cebolinha 150g,4.166667,ABA_RECEITA
Personalizada,Feijoada Fit acompanhada de arroz integral e couve refogada 190g II,1.0,FOLHA DE LOURO,1.166667,ABA_RECEITA
Personalizada,Feijoada Fit acompanhada de arroz integral e couve refogada 190g II,1.0,sal,1.833333,ABA_RECEITA
Personalizada,Feijoada Fit acompanhada de arroz integral e couve refogada 210g III,1.0,FEIJAO PRETO,50.0,ABA_RECEITA
Personalizada,Feijoada Fit acompanhada de arroz integral e couve refogada 210g III,1.0,PERNIL COM OSSO TRASEIRO,51.0,ABA_RECEITA
Personalizada,Feijoada Fit acompanhada de arroz integral e couve refogada 210g III,1.0,LOMBO SUINO,15.0,ABA_RECEITA
Personalizada,Feijoada Fit acompanhada de arroz integral e couve refogada 210g III,1.0,ALHO 65g,2.333333,ABA_RECEITA
Personalizada,Feijoada Fit acompanhada de arroz integral e couve refogada 210g III,1.0,CEBOLA 258g,17.833333,ABA_RECEITA
Personalizada,Feijoada Fit acompanhada de arroz integral e couve refogada 210g III,1.0,ARROZ INTEGRAL,70.0,ABA_RECEITA
Personalizada,Feijoada Fit acompanhada de arroz integral e couve refogada 210g III,1.0,salsinha 150g,4.166667,ABA_RECEITA
Personalizada,Feijoada Fit acompanhada de arroz integral e couve refogada 210g III,1.0,cebolinha 150g,4.166667,ABA_RECEITA
Personalizada,Feijoada Fit acompanhada de arroz integral e couve refogada 210g III,1.0,FOLHA DE LOURO,1.166667,ABA_RECEITA
Personalizada,Feijoada Fit acompanhada de arroz integral e couve refogada 210g III,1.0,sal,1.833333,ABA_RECEITA
Personalizada,Frango Xadrez com Arroz branco 250g I,1.0,PEITO DE FRANGO SEM OSSO E SEM PELE,180.0,ABA_RECEITA
Personalizada,Frango Xadrez com Arroz branco 250g I,1.0,CEBOLA 258g,17.2,ABA_RECEITA
Personalizada,Frango Xadrez com Arroz branco 250g I,1.0,ALHO 65g,5.0,ABA_RECEITA
Personalizada,Frango Xadrez com Arroz branco 250g I,1.0,PIMENTÃO VERDE 227g,28.6,ABA_RECEITA
Personalizada,Frango Xadrez com Arroz branco 250g I,1.0,TOMATE CARMEM 330g,28.6,ABA_RECEITA
Personalizada,Frango Xadrez com Arroz branco 250g I,1.0,MOLHO SHOYU DE CÔCO,7.2,ABA_RECEITA
Personalizada,Frango Xadrez com Arroz branco 250g I,1.0,AMIDO DE MILHO,2.2,ABA_RECEITA
Personalizada,Frango Xadrez com Arroz branco 250g I,1.0,ARROZ BRANCO,60.0,ABA_RECEITA
Personalizada,Frango Xadrez com Arroz branco 200g II,1.0,PEITO DE FRANGO SEM OSSO E SEM PELE,148.0,ABA_RECEITA
Personalizada,Frango Xadrez com Arroz branco 200g II,1.0,CEBOLA 258g,17.2,ABA_RECEITA
Personalizada,Frango Xadrez com Arroz branco 200g II,1.0,ALHO 65g,5.0,ABA_RECEITA
Personalizada,Frango Xadrez com Arroz branco 200g II,1.0,PIMENTÃO VERDE 227g,28.6,ABA_RECEITA
Personalizada,Frango Xadrez com Arroz branco 200g II,1.0,TOMATE CARMEM 330g,28.6,ABA_RECEITA
Personalizada,Frango Xadrez com Arroz branco 200g II,1.0,MOLHO SHOYU DE CÔCO,7.2,ABA_RECEITA
Personalizada,Frango Xadrez com Arroz branco 200g II,1.0,AMIDO DE MILHO,2.2,ABA_RECEITA
Personalizada,Frango Xadrez com Arroz branco 200g II,1.0,ARROZ BRANCO,40.0,ABA_RECEITA
Personalizada,Frango Xadrez com Arroz branco 240g III,1.0,PEITO DE FRANGO SEM OSSO E SEM PELE,148.0,ABA_RECEITA
Personalizada,Frango Xadrez com Arroz branco 240g III,1.0,CEBOLA 258g,17.2,ABA_RECEITA
Personalizada,Frango Xadrez com Arroz branco 240g III,1.0,ALHO 65g,5.0,ABA_RECEITA
Personalizada,Frango Xadrez com Arroz branco 240g III,1.0,PIMENTÃO VERDE 227g,28.6,ABA_RECEITA
Personalizada,Frango Xadrez com Arroz branco 240g III,1.0,TOMATE CARMEM 330g,28.6,ABA_RECEITA
Personalizada,Frango Xadrez com Arroz branco 240g III,1.0,MOLHO SHOYU DE CÔCO,7.2,ABA_RECEITA
Personalizada,Frango Xadrez com Arroz branco 240g III,1.0,AMIDO DE MILHO,2.2,ABA_RECEITA
Personalizada,Frango Xadrez com Arroz branco 240g III,1.0,ARROZ BRANCO,60.0,ABA_RECEITA
Personalizada,Macarrão Integral ao molho Parisiense com Bacon Saudável 250g,1.0,MACARRÃO INTEGRAL 500g GALO PARAFUSO E ESPAGUETE Nº8,59.5,ABA_RECEITA
Personalizada,Macarrão Integral ao molho Parisiense com Bacon Saudável 250g,1.0,CEBOLA 258g,14.166667,ABA_RECEITA
Personalizada,Macarrão Integral ao molho Parisiense com Bacon Saudável 250g,1.0,ALHO 65g,2.333333,ABA_RECEITA
Personalizada,Macarrão Integral ao molho Parisiense com Bacon Saudável 250g,1.0,CREME DE LEITE 200g,119.0,ABA_RECEITA
Personalizada,Macarrão Integral ao molho Parisiense com Bacon Saudável 250g,1.0,MANTEIGA AVIAÇÃO 200g,2.333333,ABA_RECEITA
Personalizada,Macarrão Integral ao molho Parisiense com Bacon Saudável 250g,1.0,AZEITE DE OLIVA 500ml,1.833333,ABA_RECEITA
Personalizada,Macarrão Integral ao molho Parisiense com Bacon Saudável 250g,1.0,ERVILHA 500g YOKI,35.666667,ABA_RECEITA
Personalizada,Macarrão Integral ao molho Parisiense com Bacon Saudável 250g,1.0,sal,2.333333,ABA_RECEITA
Personalizada,Macarrão Integral ao molho Parisiense com Bacon Saudável 250g,1.0,pimenta preta,2.333333,ABA_RECEITA
Personalizada,Macarrão Integral ao molho Parisiense com Bacon Saudável 250g,1.0,NOZ MOSCADA (EM GRÃO),2.333333,ABA_RECEITA
Personalizada,"Pernil desfiado com legumes, arroz com açafrão e feijão 250g I",1.0,PERNIL COM OSSO TRASEIRO,180.0,ABA_RECEITA
Personalizada,"Pernil desfiado com legumes, arroz com açafrão e feijão 250g I",1.0,PIMENTÃO AMARELO 288G,9.0,ABA_RECEITA
Personalizada,"Pernil desfiado com legumes, arroz com açafrão e feijão 250g I",1.0,ABOBRINHA,9.0,ABA_RECEITA
Personalizada,"Pernil desfiado com legumes, arroz com açafrão e feijão 250g I",1.0,CEBOLA 258g,9.0,ABA_RECEITA
Personalizada,"Pernil desfiado com legumes, arroz com açafrão e feijão 250g I",1.0,VAGEM 206g,10.0,ABA_RECEITA
Personalizada,"Pernil desfiado com legumes, arroz com açafrão e feijão 250g I",1.0,sal,2.333333,ABA_RECEITA
Personalizada,"Pernil desfiado com legumes, arroz com açafrão e feijão 250g I",1.0,pimenta preta,2.333333,ABA_RECEITA
Personalizada,"Pernil desfiado com legumes, arroz com açafrão e feijão 250g I",1.0,ARROZ BRANCO,25.0,ABA_RECEITA
Personalizada,"Pernil desfiado com legumes, arroz com açafrão e feijão 250g I",1.0,AÇAFRÃO DA TERRA (SEM MISTURA)=CURCUMA,1.666667,ABA_RECEITA
Personalizada,"Pernil desfiado com legumes, arroz com açafrão e feijão 200g II",1.0,PERNIL COM OSSO TRASEIRO,148.0,ABA_RECEITA
Personalizada,"Pernil desfiado com legumes, arroz com açafrão e feijão 200g II",1.0,PIMENTÃO AMARELO 288G,9.0,ABA_RECEITA
Personalizada,"Pernil desfiado com legumes, arroz com açafrão e feijão 200g II",1.0,ABOBRINHA,9.0,ABA_RECEITA
Personalizada,"Pernil desfiado com legumes, arroz com açafrão e feijão 200g II",1.0,CEBOLA 258g,9.0,ABA_RECEITA
Personalizada,"Pernil desfiado com legumes, arroz com açafrão e feijão 200g II",1.0,VAGEM 206g,10.0,ABA_RECEITA
Personalizada,"Pernil desfiado com legumes, arroz com açafrão e feijão 200g II",1.0,sal,2.333333,ABA_RECEITA
Personalizada,"Pernil desfiado com legumes, arroz com açafrão e feijão 200g II",1.0,pimenta preta,2.333333,ABA_RECEITA
Personalizada,"Pernil desfiado com legumes, arroz com açafrão e feijão 200g II",1.0,ARROZ BRANCO,25.0,ABA_RECEITA
Personalizada,"Pernil desfiado com legumes, arroz com açafrão e feijão 200g II",1.0,AÇAFRÃO DA TERRA (SEM MISTURA)=CURCUMA,1.666667,ABA_RECEITA
Personalizada,Strogonoff fit arroz a grega e brócolis 340g I,1.0,PEITO DE FRANGO SEM OSSO E SEM PELE,168.0,ABA_RECEITA
Personalizada,Strogonoff fit arroz a grega e brócolis 340g I,1.0,CEBOLA 258g,35.0,ABA_RECEITA
Personalizada,Strogonoff fit arroz a grega e brócolis 340g I,1.0,ALHO 65g,2.0,ABA_RECEITA
Personalizada,Strogonoff fit arroz a grega e brócolis 340g I,1.0,TOMATE CARMEM 330g,50.0,ABA_RECEITA
Personalizada,Strogonoff fit arroz a grega e brócolis 340g I,1.0,Biomassa de Banana Verde 1Kg,15.0,ABA_RECEITA
Personalizada,Strogonoff fit arroz a grega e brócolis 340g I,1.0,ARROZ BRANCO,40.0,ABA_RECEITA
Personalizada,Strogonoff fit arroz a grega e brócolis 340g I,1.0,"MILHO quero 1,700kg",20.0,ABA_RECEITA
Personalizada,Strogonoff fit arroz a grega e brócolis 340g I,1.0,ERVILHA 500g YOKI,20.0,ABA_RECEITA
Personalizada,Strogonoff fit arroz a grega e brócolis 340g I,1.0,CENOURA 200g,22.0,ABA_RECEITA
Personalizada,Strogonoff fit arroz a grega e brócolis 340g I,1.0,BRÓCOLIS 250g,100.0,ABA_RECEITA
Personalizada,Strogonoff fit arroz a grega e brócolis 230g II,1.0,PEITO DE FRANGO SEM OSSO E SEM PELE,120.0,ABA_RECEITA
Personalizada,Strogonoff fit arroz a grega e brócolis 230g II,1.0,CEBOLA 258g,35.0,ABA_RECEITA
Personalizada,Strogonoff fit arroz a grega e brócolis 230g II,1.0,ALHO 65g,2.0,ABA_RECEITA
Personalizada,Strogonoff fit arroz a grega e brócolis 230g II,1.0,TOMATE CARMEM 330g,50.0,ABA_RECEITA
Personalizada,Strogonoff fit arroz a grega e brócolis 230g II,1.0,Biomassa de Banana Verde 1Kg,15.0,ABA_RECEITA
Personalizada,Strogonoff fit arroz a grega e brócolis 230g II,1.0,ARROZ BRANCO,30.0,ABA_RECEITA
Personalizada,Strogonoff fit arroz a grega e brócolis 230g II,1.0,"MILHO quero 1,700kg",20.0,ABA_RECEITA
Personalizada,Strogonoff fit arroz a grega e brócolis 230g II,1.0,ERVILHA 500g YOKI,20.0,ABA_RECEITA
Personalizada,Strogonoff fit arroz a grega e brócolis 230g II,1.0,CENOURA 200g,22.0,ABA_RECEITA
Personalizada,Strogonoff fit arroz a grega e brócolis 230g II,1.0,BRÓCOLIS 250g,50.0,ABA_RECEITA
Personalizada,Strogonoff fit arroz a grega e brócolis 270g III,1.0,PEITO DE FRANGO SEM OSSO E SEM PELE,148.0,ABA_RECEITA
Personalizada,Strogonoff fit arroz a grega e brócolis 270g III,1.0,CEBOLA 258g,35.0,ABA_RECEITA
Personalizada,Strogonoff fit arroz a grega e brócolis 270g III,1.0,ALHO 65g,2.0,ABA_RECEITA
Personalizada,Strogonoff fit arroz a grega e brócolis 270g III,1.0,TOMATE CARMEM 330g,50.0,ABA_RECEITA
Personalizada,Strogonoff fit arroz a grega e brócolis 270g III,1.0,Biomassa de Banana Verde 1Kg,15.0,ABA_RECEITA
Personalizada,Strogonoff fit arroz a grega e brócolis 270g III,1.0,ARROZ BRANCO,60.0,ABA_RECEITA
Personalizada,Strogonoff fit arroz a grega e brócolis 270g III,1.0,"MILHO quero 1,700kg",20.0,ABA_RECEITA
Personalizada,Strogonoff fit arroz a grega e brócolis 270g III,1.0,ERVILHA 500g YOKI,20.0,ABA_RECEITA
Personalizada,Strogonoff fit arroz a grega e brócolis 270g III,1.0,CENOURA 200g,22.0,ABA_RECEITA
Personalizada,Strogonoff fit arroz a grega e brócolis 270g III,1.0,BRÓCOLIS 250g,30.0,ABA_RECEITA
Personalizada,"Almondega verde de frango, brócolis, arroz com legumes e chia 360g I",1.0,ARROZ BRANCO,50.0,ABA_RECEITA
Personalizada,"Almondega verde de frango, brócolis, arroz com legumes e chia 360g I",1.0,PEITO DE FRANGO SEM OSSO E SEM PELE,168.0,ABA_RECEITA
Personalizada,"Almondega verde de frango, brócolis, arroz com legumes e chia 360g I",1.0,BRÓCOLIS 250g,120.0,ABA_RECEITA
Personalizada,"Almondega verde de frango, brócolis, arroz com legumes e chia 360g I",1.0,ABOBRINHA ITALIANA,30.0,ABA_RECEITA
Personalizada,"Almondega verde de frango, brócolis, arroz com legumes e chia 360g I",1.0,CENOURA 200g,30.0,ABA_RECEITA
Personalizada,"Almondega verde de frango, brócolis, arroz com legumes e chia 360g I",1.0,FARINHA DE AVEIA,20.0,ABA_RECEITA
Personalizada,"Almondega verde de frango, brócolis, arroz com legumes e chia 360g I",1.0,TOMATE CARMEM 330g,50.0,ABA_RECEITA
Personalizada,"Almondega verde de frango, brócolis, arroz com legumes e chia 360g I",1.0,CEBOLA 258g,10.0,ABA_RECEITA
Personalizada,"Almondega verde de frango, brócolis, arroz com legumes e chia 360g I",1.0,ALHO 65g,10.0,ABA_RECEITA
Personalizada,"Almondega verde de frango, brócolis, arroz com legumes e chia 360g I",1.0,OVOS,100.0,ABA_RECEITA
Personalizada,"Almondega verde de frango, brócolis, arroz com legumes e chia 230g II",1.0,ARROZ BRANCO,30.0,ABA_RECEITA
Personalizada,"Almondega verde de frango, brócolis, arroz com legumes e chia 230g II",1.0,PEITO DE FRANGO SEM OSSO E SEM PELE,120.0,ABA_RECEITA
Personalizada,"Almondega verde de frango, brócolis, arroz com legumes e chia 230g II",1.0,BRÓCOLIS 250g,50.0,ABA_RECEITA
Personalizada,"Almondega verde de frango, brócolis, arroz com legumes e chia 230g II",1.0,ABOBRINHA ITALIANA,30.0,ABA_RECEITA
Personalizada,"Almondega verde de frango, brócolis, arroz com legumes e chia 230g II",1.0,CENOURA 200g,30.0,ABA_RECEITA
Personalizada,"Almondega verde de frango, brócolis, arroz com legumes e chia 230g II",1.0,FARINHA DE AVEIA,20.0,ABA_RECEITA
Personalizada,"Almondega verde de frango, brócolis, arroz com legumes e chia 230g II",1.0,TOMATE CARMEM 330g,50.0,ABA_RECEITA
Personalizada,"Almondega verde de frango, brócolis, arroz com legumes e chia 230g II",1.0,CEBOLA 258g,10.0,ABA_RECEITA
Personalizada,"Almondega verde de frango, brócolis, arroz com legumes e chia 230g II",1.0,ALHO 65g,10.0,ABA_RECEITA
Personalizada,"Almondega verde de frango, brócolis, arroz com legumes e chia 230g II",1.0,OVOS,100.0,ABA_RECEITA
Personalizada,"Coxa de frango assada c/ parmesão,creme de cebola,arroz branco e ervas 240g I",1.0,COXA SOLTEIRA,168.0,ABA_RECEITA
Personalizada,"Coxa de frango assada c/ parmesão,creme de cebola,arroz branco e ervas 240g I",1.0,SAL,3.0,ABA_RECEITA
Personalizada,"Coxa de frango assada c/ parmesão,creme de cebola,arroz branco e ervas 240g I",1.0,PIMENTA PRETA,1.6,ABA_RECEITA
Personalizada,"Coxa de frango assada c/ parmesão,creme de cebola,arroz branco e ervas 240g I",1.0,CEBOLA 258g,6.0,ABA_RECEITA
Personalizada,"Coxa de frango assada c/ parmesão,creme de cebola,arroz branco e ervas 240g I",1.0,MANTEIGA AVIAÇÃO 200g,6.0,ABA_RECEITA
Personalizada,"Coxa de frango assada c/ parmesão,creme de cebola,arroz branco e ervas 240g I",1.0,CREME DE LEITE LIGHT 290g,24.0,ABA_RECEITA
Personalizada,"Coxa de frango assada c/ parmesão,creme de cebola,arroz branco e ervas 240g I",1.0,Maionese de Bio Massa 440g,20.0,ABA_RECEITA
Personalizada,"Coxa de frango assada c/ parmesão,creme de cebola,arroz branco e ervas 240g I",1.0,NOZ MOSCADA (EM GRÃO),2.0,ABA_RECEITA
Personalizada,"Coxa de frango assada c/ parmesão,creme de cebola,arroz branco e ervas 240g I",1.0,QUEIJO PARMESÃO,20.0,ABA_RECEITA
Personalizada,"Coxa de frango assada c/ parmesão,creme de cebola,arroz branco e ervas 240g I",1.0,ARROZ BRANCO,30.0,ABA_RECEITA
Personalizada,"Coxa de frango assada c/ parmesão,creme de cebola,arroz branco e ervas 180g II",1.0,COXA SOLTEIRA,120.0,ABA_RECEITA
Personalizada,"Coxa de frango assada c/ parmesão,creme de cebola,arroz branco e ervas 180g II",1.0,SAL,3.0,ABA_RECEITA
Personalizada,"Coxa de frango assada c/ parmesão,creme de cebola,arroz branco e ervas 180g II",1.0,PIMENTA PRETA,1.6,ABA_RECEITA
Personalizada,"Coxa de frango assada c/ parmesão,creme de cebola,arroz branco e ervas 180g II",1.0,CEBOLA 258g,6.0,ABA_RECEITA
Personalizada,"Coxa de frango assada c/ parmesão,creme de cebola,arroz branco e ervas 180g II",1.0,MANTEIGA AVIAÇÃO 200g,6.0,ABA_RECEITA
Personalizada,"Coxa de frango assada c/ parmesão,creme de cebola,arroz branco e ervas 180g II",1.0,CREME DE LEITE LIGHT 290g,24.0,ABA_RECEITA
Personalizada,"Coxa de frango assada c/ parmesão,creme de cebola,arroz branco e ervas 180g II",1.0,Maionese de Bio Massa 440g,20.0,ABA_RECEITA
Personalizada,"Coxa de frango assada c/ parmesão,creme de cebola,arroz branco e ervas 180g II",1.0,NOZ MOSCADA (EM GRÃO),2.0,ABA_RECEITA
Personalizada,"Coxa de frango assada c/ parmesão,creme de cebola,arroz branco e ervas 180g II",1.0,QUEIJO PARMESÃO,20.0,ABA_RECEITA
Personalizada,"Coxa de frango assada c/ parmesão,creme de cebola,arroz branco e ervas 180g II",1.0,ARROZ BRANCO,40.0,ABA_RECEITA
Personalizada,"Coxa de frango assada c/ parmesão,creme de cebola,arroz branco e ervas 270g III",1.0,COXA SOLTEIRA,148.0,ABA_RECEITA
Personalizada,"Coxa de frango assada c/ parmesão,creme de cebola,arroz branco e ervas 270g III",1.0,SAL,3.0,ABA_RECEITA
Personalizada,"Coxa de frango assada c/ parmesão,creme de cebola,arroz branco e ervas 270g III",1.0,PIMENTA PRETA,1.6,ABA_RECEITA
Personalizada,"Coxa de frango assada c/ parmesão,creme de cebola,arroz branco e ervas 270g III",1.0,CEBOLA 258g,6.0,ABA_RECEITA
Personalizada,"Coxa de frango assada c/ parmesão,creme de cebola,arroz branco e ervas 270g III",1.0,MANTEIGA AVIAÇÃO 200g,6.0,ABA_RECEITA
Personalizada,"Coxa de frango assada c/ parmesão,creme de cebola,arroz branco e ervas 270g III",1.0,CREME DE LEITE LIGHT 290g,24.0,ABA_RECEITA
Personalizada,"Coxa de frango assada c/ parmesão,creme de cebola,arroz branco e ervas 270g III",1.0,Maionese de Bio Massa 440g,20.0,ABA_RECEITA
Personalizada,"Coxa de frango assada c/ parmesão,creme de cebola,arroz branco e ervas 270g III",1.0,NOZ MOSCADA (EM GRÃO),2.0,ABA_RECEITA
Personalizada,"Coxa de frango assada c/ parmesão,creme de cebola,arroz branco e ervas 270g III",1.0,QUEIJO PARMESÃO,20.0,ABA_RECEITA
Personalizada,"Coxa de frango assada c/ parmesão,creme de cebola,arroz branco e ervas 270g III",1.0,ARROZ BRANCO,60.0,ABA_RECEITA
Personalizada,Risoto de Brie com abóbora Cabotiá e cebola caramelizada no mel 140g I,1.0,ABÓBORA CABOTIÃ,60.0,ABA_RECEITA
Personalizada,Risoto de Brie com abóbora Cabotiá e cebola caramelizada no mel 140g I,1.0,AZEITE DE OLIVA 500ml,3.3,ABA_RECEITA
Personalizada,Risoto de Brie com abóbora Cabotiá e cebola caramelizada no mel 140g I,1.0,CALDO DE LEGUMES NATURAL,10.0,ABA_RECEITA
Personalizada,Risoto de Brie com abóbora Cabotiá e cebola caramelizada no mel 140g I,1.0,PÁPRICA PICANTE,1.1,ABA_RECEITA
Personalizada,Risoto de Brie com abóbora Cabotiá e cebola caramelizada no mel 140g I,1.0,SAL,1.1,ABA_RECEITA
Personalizada,Risoto de Brie com abóbora Cabotiá e cebola caramelizada no mel 140g I,1.0,ALHO EM PÓ,1.1,ABA_RECEITA
Personalizada,Risoto de Brie com abóbora Cabotiá e cebola caramelizada no mel 140g I,1.0,ARROZ ARBÓREO,80.0,ABA_RECEITA
Personalizada,Risoto de Brie com abóbora Cabotiá e cebola caramelizada no mel 140g I,1.0,SALSINHA 150g,11.1,ABA_RECEITA
Personalizada,Risoto de Brie com abóbora Cabotiá e cebola caramelizada no mel 140g I,1.0,AGUA FILTRADA 20l,71.4,ABA_RECEITA
Personalizada,Risoto de Brie com abóbora Cabotiá e cebola caramelizada no mel 140g I,1.0,MANTEIGA AVIAÇÃO 200g,4.0,ABA_RECEITA
Personalizada,Risoto de Brie com abóbora Cabotiá e cebola caramelizada no mel 120g II,1.0,ABÓBORA CABOTIÃ,70.0,ABA_RECEITA
Personalizada,Risoto de Brie com abóbora Cabotiá e cebola caramelizada no mel 120g II,1.0,AZEITE DE OLIVA 500ml,3.3,ABA_RECEITA
Personalizada,Risoto de Brie com abóbora Cabotiá e cebola caramelizada no mel 120g II,1.0,CALDO DE LEGUMES NATURAL,10.0,ABA_RECEITA
Personalizada,Risoto de Brie com abóbora Cabotiá e cebola caramelizada no mel 120g II,1.0,PÁPRICA PICANTE,1.1,ABA_RECEITA
Personalizada,Risoto de Brie com abóbora Cabotiá e cebola caramelizada no mel 120g II,1.0,SAL,1.1,ABA_RECEITA
Personalizada,Risoto de Brie com abóbora Cabotiá e cebola caramelizada no mel 120g II,1.0,ALHO EM PÓ,1.1,ABA_RECEITA
Personalizada,Risoto de Brie com abóbora Cabotiá e cebola caramelizada no mel 120g II,1.0,ARROZ ARBÓREO,80.0,ABA_RECEITA
Personalizada,Risoto de Brie com abóbora Cabotiá e cebola caramelizada no mel 120g II,1.0,SALSINHA 150g,11.1,ABA_RECEITA
Personalizada,Risoto de Brie com abóbora Cabotiá e cebola caramelizada no mel 120g II,1.0,AGUA FILTRADA 20l,71.4,ABA_RECEITA
Personalizada,Risoto de Brie com abóbora Cabotiá e cebola caramelizada no mel 120g II,1.0,MANTEIGA AVIAÇÃO 200g,4.0,ABA_RECEITA
Personalizada,"Filé de frango, brócolis, vagem, tomate cereja e chia e arroz branco 360g I",1.0,PEITO DE FRANGO SEM OSSO E SEM PELE,168.0,ABA_RECEITA
Personalizada,"Filé de frango, brócolis, vagem, tomate cereja e chia e arroz branco 360g I",1.0,BRÓCOLIS 250g,60.0,ABA_RECEITA
Personalizada,"Filé de frango, brócolis, vagem, tomate cereja e chia e arroz branco 360g I",1.0,VAGEM 206g,60.0,ABA_RECEITA
Personalizada,"Filé de frango, brócolis, vagem, tomate cereja e chia e arroz branco 360g I",1.0,ALHO 65g,20.0,ABA_RECEITA
Personalizada,"Filé de frango, brócolis, vagem, tomate cereja e chia e arroz branco 360g I",1.0,CEBOLA 258g,5.0,ABA_RECEITA
Personalizada,"Filé de frango, brócolis, vagem, tomate cereja e chia e arroz branco 360g I",1.0,AZEITE DE OLIVA 500ml,10.0,ABA_RECEITA
Personalizada,"Filé de frango, brócolis, vagem, tomate cereja e chia e arroz branco 360g I",1.0,SAL,5.0,ABA_RECEITA
Personalizada,"Filé de frango, brócolis, vagem, tomate cereja e chia e arroz branco 360g I",1.0,TEMPERO A GOSTO,5.0,ABA_RECEITA
Personalizada,"Filé de frango, brócolis, vagem, tomate cereja e chia e arroz branco 360g I",1.0,TOMATE CEREJA 280g,5.0,ABA_RECEITA
Personalizada,"Filé de frango, brócolis, vagem, tomate cereja e chia e arroz branco 360g I",1.0,CHIA (EXTRA BLACK),5.0,ABA_RECEITA
Personalizada,"Filé de frango, brócolis, vagem, tomate cereja e chia e arroz branco 240g II",1.0,PEITO DE FRANGO SEM OSSO E SEM PELE,120.0,ABA_RECEITA
Personalizada,"Filé de frango, brócolis, vagem, tomate cereja e chia e arroz branco 240g II",1.0,BRÓCOLIS 250g,50.0,ABA_RECEITA
Personalizada,"Filé de frango, brócolis, vagem, tomate cereja e chia e arroz branco 240g II",1.0,VAGEM 206g,20.0,ABA_RECEITA
Personalizada,"Filé de frango, brócolis, vagem, tomate cereja e chia e arroz branco 240g II",1.0,ALHO 65g,20.0,ABA_RECEITA
Personalizada,"Filé de frango, brócolis, vagem, tomate cereja e chia e arroz branco 240g II",1.0,CEBOLA 258g,5.0,ABA_RECEITA
Personalizada,"Filé de frango, brócolis, vagem, tomate cereja e chia e arroz branco 240g II",1.0,AZEITE DE OLIVA 500ml,10.0,ABA_RECEITA
Personalizada,"Filé de frango, brócolis, vagem, tomate cereja e chia e arroz branco 240g II",1.0,SAL,5.0,ABA_RECEITA
Personalizada,"Filé de frango, brócolis, vagem, tomate cereja e chia e arroz branco 240g II",1.0,TEMPERO A GOSTO,5.0,ABA_RECEITA
Personalizada,"Filé de frango, brócolis, vagem, tomate cereja e chia e arroz branco 240g II",1.0,TOMATE CEREJA 280g,5.0,ABA_RECEITA
Personalizada,"Filé de frango, brócolis, vagem, tomate cereja e chia e arroz branco 240g II",1.0,CHIA (EXTRA BLACK),5.0,ABA_RECEITA
Personalizada,Panqueca colorida recheada com queijo mussarela 350g,1.0,OVOS,45.0,ABA_RECEITA
Personalizada,Panqueca colorida recheada com queijo mussarela 350g,1.0,COUVE 250g,6.25,ABA_RECEITA
Personalizada,Panqueca colorida recheada com queijo mussarela 350g,1.0,BETERRABA 355g,6.25,ABA_RECEITA
Personalizada,Panqueca colorida recheada com queijo mussarela 350g,1.0,CENOURA 200g,12.5,ABA_RECEITA
Personalizada,Panqueca colorida recheada com queijo mussarela 350g,1.0,FARINHA DE AVEIA,9.375,ABA_RECEITA
Personalizada,Panqueca colorida recheada com queijo mussarela 350g,1.0,FARINHA DE TRIGO INTEGRAL RENATA,9.375,ABA_RECEITA
Personalizada,Panqueca colorida recheada com queijo mussarela 350g,1.0,AZEITE DE OLIVA 500ml,3.75,ABA_RECEITA
Personalizada,Panqueca colorida recheada com queijo mussarela 350g,1.0,LEITE INTEGRAL 1L,62.5,ABA_RECEITA
Personalizada,Panqueca colorida recheada com queijo mussarela 350g,1.0,SAL,1.25,ABA_RECEITA
Personalizada,Panqueca colorida recheada com queijo mussarela 350g,1.0,PIMENTA PRETA,1.25,ABA_RECEITA
Personalizada,Risoto de abobrinha 250g,1.0,ARROZ BRANCO,26.785714,ABA_RECEITA
Personalizada,Risoto de abobrinha 250g,1.0,CEBOLA 258g,71.428571,ABA_RECEITA
Personalizada,Risoto de abobrinha 250g,1.0,ALHO 65g,8.928571,ABA_RECEITA
Personalizada,Risoto de abobrinha 250g,1.0,QUEIJO MUSSARELA pedaço,17.857143,ABA_RECEITA
Personalizada,Risoto de abobrinha 250g,1.0,ABOBRINHA ITALIANA,135.714286,ABA_RECEITA
Personalizada,Risoto de abobrinha 250g,1.0,SAL,1.785714,ABA_RECEITA
Personalizada,Risoto de abobrinha 250g,1.0,ALECRIM,0.892857,ABA_RECEITA
Personalizada,Risoto de abobrinha 250g,1.0,PIMENTA PRETA,0.892857,ABA_RECEITA
Personalizada,Risoto de abobrinha 250g,1.0,AZEITE DE OLIVA 500ml,5.357143,ABA_RECEITA
Bases,Creme de Ricota,1.0,LEITE SEM LACTOSE,200.0,ABA_RECEITA
Bases,Creme de Ricota,1.0,QUEIJO RICOTA,300.0,ABA_RECEITA
Bases,Creme de Ricota,1.0,MANTEIGA DE CÔCO COPRA 200ML,10.0,ABA_RECEITA
Bases,Creme de Ricota,1.0,SAL,5.0,ABA_RECEITA
Bases,Bouquet Garni 150g,1.0,tomilho,25.0,ABA_RECEITA
Bases,Bouquet Garni 150g,1.0,MANJERICÃO maço 50g,25.0,ABA_RECEITA
Bases,Bouquet Garni 150g,1.0,SALSÃO 500G,25.0,ABA_RECEITA
Bases,Bouquet Garni 150g,1.0,cebolinha 150g,25.0,ABA_RECEITA
Bases,Bouquet Garni 150g,1.0,alecrim,25.0,ABA_RECEITA
Bases,Bouquet Garni 150g,1.0,salvia 50g,25.0,ABA_RECEITA
Bases,"Pasta de Tomate Concentrada 2,005kG",1.0,tomate carmem 330g,2000.0,ABA_RECEITA
Bases,"Pasta de Tomate Concentrada 2,005kG",1.0,cebola 258g,400.0,ABA_RECEITA
Bases,"Pasta de Tomate Concentrada 2,005kG",1.0,alho 65g,40.0,ABA_RECEITA
Bases,"Pasta de Tomate Concentrada 2,005kG",1.0,sal,5.0,ABA_RECEITA
Bases,"Pasta de Tomate Concentrada 2,005kG",1.0,azeite de oliva 500ml,30.0,ABA_RECEITA
Bases,"Pasta de Tomate Concentrada 2,005kG",1.0,pimenta preta,5.0,ABA_RECEITA
Bases,"Pasta de Tomate Concentrada 2,005kG",1.0,BOUQUET GARNI 150g,25.0,ABA_RECEITA
Bases,Molho de iogurte e Hortelã (sem glúten) 300ml,1.0,azeite de oliva 500ml,60.0,ABA_RECEITA
Bases,Molho de iogurte e Hortelã (sem glúten) 300ml,1.0,iogurte natural nestle 170g,125.0,ABA_RECEITA
Bases,Molho de iogurte e Hortelã (sem glúten) 300ml,1.0,HORTELÃ  maço 50g,2.0,ABA_RECEITA
Bases,Molho de iogurte e Hortelã (sem glúten) 300ml,1.0,sal,1.0,ABA_RECEITA
Bases,Molho de iogurte e Hortelã (sem glúten) 300ml,1.0,limão tahiti 120g,120.0,ABA_RECEITA
Bases,Molho de Iogute com Salsinha e Cebolinha (sem Glúten)250g,1.0,azeite de oliva 500ml,10.0,ABA_RECEITA
Bases,Molho de Iogute com Salsinha e Cebolinha (sem Glúten)250g,1.0,vinagre de limão 750ml,15.0,ABA_RECEITA
Bases,Molho de Iogute com Salsinha e Cebolinha (sem Glúten)250g,1.0,iogurte desnatado nestle 160g,160.0,ABA_RECEITA
Bases,Molho de Iogute com Salsinha e Cebolinha (sem Glúten)250g,1.0,salsinha 150g,31.0,ABA_RECEITA
Bases,Molho de Iogute com Salsinha e Cebolinha (sem Glúten)250g,1.0,pimenta preta,5.0,ABA_RECEITA
Bases,Molho de Iogute com Salsinha e Cebolinha (sem Glúten)250g,1.0,cebolinha 150g,31.0,ABA_RECEITA
Bases,"Molho de Laranja (sem leite, sem glúten, sem lactose e vegano)145g",1.0,laranja 391g,60.0,ABA_RECEITA
Bases,"Molho de Laranja (sem leite, sem glúten, sem lactose e vegano)145g",1.0,limão tahiti 120g,30.0,ABA_RECEITA
Bases,"Molho de Laranja (sem leite, sem glúten, sem lactose e vegano)145g",1.0,mostarda quero 190g,15.0,ABA_RECEITA
Bases,"Molho de Laranja (sem leite, sem glúten, sem lactose e vegano)145g",1.0,sal,5.0,ABA_RECEITA
Bases,"Molho de Laranja (sem leite, sem glúten, sem lactose e vegano)145g",1.0,pimenta preta,5.0,ABA_RECEITA
Bases,"Molho de Laranja (sem leite, sem glúten, sem lactose e vegano)145g",1.0,azeite de oliva 500ml,30.0,ABA_RECEITA
Bases,Molho de Parmesão (sem glúten) 75g,1.0,queijo parmesão,30.0,ABA_RECEITA
Bases,Molho de Parmesão (sem glúten) 75g,1.0,iogurte natural nestle 170g,30.0,ABA_RECEITA
Bases,Molho de Parmesão (sem glúten) 75g,1.0,pimenta preta,5.0,ABA_RECEITA
Bases,Molho de Parmesão (sem glúten) 75g,1.0,NOZ MOSCADA (EM GRÃO),5.0,ABA_RECEITA
Bases,Molho de Parmesão (sem glúten) 75g,1.0,sal,5.0,ABA_RECEITA
Bases,"Molho de Vinagre (sem glúten, sem leite, sem lactose e vegano)185ml",1.0,VINAGRE DE MAÇÃ 750ml,125.0,ABA_RECEITA
Bases,"Molho de Vinagre (sem glúten, sem leite, sem lactose e vegano)185ml",1.0,AZEITE DE OLIVA 500ml,30.0,ABA_RECEITA
Bases,"Molho de Vinagre (sem glúten, sem leite, sem lactose e vegano)185ml",1.0,MOLHO DE SOJA 200ml,15.0,ABA_RECEITA
Bases,"Molho de Vinagre (sem glúten, sem leite, sem lactose e vegano)185ml",1.0,ERVAS FINAS,15.0,ABA_RECEITA
Bases,"Molho de Vinagrete (sem glúten, sem leite, sem lactose e vegano)210ML",1.0,HORTELÃ  maço 50g,45.0,ABA_RECEITA
Bases,"Molho de Vinagrete (sem glúten, sem leite, sem lactose e vegano)210ML",1.0,CEBOLA 258g,100.0,ABA_RECEITA
Bases,"Molho de Vinagrete (sem glúten, sem leite, sem lactose e vegano)210ML",1.0,sal,5.0,ABA_RECEITA
Bases,"Molho de Vinagrete (sem glúten, sem leite, sem lactose e vegano)210ML",1.0,azeite de oliva 500ml,30.0,ABA_RECEITA
Bases,"Molho de Vinagrete (sem glúten, sem leite, sem lactose e vegano)210ML",1.0,limão tahiti 120g,30.0,ABA_RECEITA
Bases,Molho de Ervas Cottage(sem glúten)265ml,1.0,queijo cottage,200.0,ABA_RECEITA
Bases,Molho de Ervas Cottage(sem glúten)265ml,1.0,limão tahiti 120g,30.0,ABA_RECEITA
Bases,Molho de Ervas Cottage(sem glúten)265ml,1.0,MANJERICÃO maço 50g,30.0,ABA_RECEITA
Bases,Molho de Ervas Cottage(sem glúten)265ml,1.0,sal,5.0,ABA_RECEITA
Bases,"Molho de Mostarda e Mel (sem glúten, sem leite, sem lactose)95ml",1.0,MEL ABV 500g,30.0,ABA_RECEITA
Bases,"Molho de Mostarda e Mel (sem glúten, sem leite, sem lactose)95ml",1.0,mostarda quero 190g,30.0,ABA_RECEITA
Bases,"Molho de Mostarda e Mel (sem glúten, sem leite, sem lactose)95ml",1.0,vinagre de maçã 750ml,15.0,ABA_RECEITA
Bases,"Molho de Mostarda e Mel (sem glúten, sem leite, sem lactose)95ml",1.0,azeite de oliva 500ml,15.0,ABA_RECEITA
Bases,"Molho de Mostarda e Mel (sem glúten, sem leite, sem lactose)95ml",1.0,sal,5.0,ABA_RECEITA
Bases,"Molho de Vinagre Balsâmico( sem glúten, sem leite, sem lactose e vegano)118ml",1.0,azeite de oliva 500ml,63.0,ABA_RECEITA
Bases,"Molho de Vinagre Balsâmico( sem glúten, sem leite, sem lactose e vegano)118ml",1.0,vinagre balsamico 500ml,45.0,ABA_RECEITA
Bases,"Molho de Vinagre Balsâmico( sem glúten, sem leite, sem lactose e vegano)118ml",1.0,sal,5.0,ABA_RECEITA
Bases,"Molho de Vinagre Balsâmico( sem glúten, sem leite, sem lactose e vegano)118ml",1.0,pimenta preta,5.0,ABA_RECEITA
Bases,"Molho com Orégano(sem glúten, sem leite, sem lactose e Vegano) 115ml",1.0,azeite de oliva 500ml,45.0,ABA_RECEITA
Bases,"Molho com Orégano(sem glúten, sem leite, sem lactose e Vegano) 115ml",1.0,limão tahiti 120g,30.0,ABA_RECEITA
Bases,"Molho com Orégano(sem glúten, sem leite, sem lactose e Vegano) 115ml",1.0,oregano egípicio,30.0,ABA_RECEITA
Bases,"Molho com Orégano(sem glúten, sem leite, sem lactose e Vegano) 115ml",1.0,sal,5.0,ABA_RECEITA
Bases,"Molho com Orégano(sem glúten, sem leite, sem lactose e Vegano) 115ml",1.0,pimenta preta,5.0,ABA_RECEITA
Bases,Molho Caesar (sem glúten) 164ml,1.0,iogurte natural nestle 170g,125.0,ABA_RECEITA
Bases,Molho Caesar (sem glúten) 164ml,1.0,azeite de oliva 500ml,15.0,ABA_RECEITA
Bases,Molho Caesar (sem glúten) 164ml,1.0,mostarda quero 190g,15.0,ABA_RECEITA
Bases,Molho Caesar (sem glúten) 164ml,1.0,alho 65g,4.0,ABA_RECEITA
Bases,Molho Caesar (sem glúten) 164ml,1.0,sal,5.0,ABA_RECEITA
Bases,"Molho de Laranja e Gengibre (sem glúten, sem leite, sem lactose e Vegano)355ml",1.0,laranja 391g,274.0,ABA_RECEITA
Bases,"Molho de Laranja e Gengibre (sem glúten, sem leite, sem lactose e Vegano)355ml",1.0,azeite de oliva 500ml,30.0,ABA_RECEITA
Bases,"Molho de Laranja e Gengibre (sem glúten, sem leite, sem lactose e Vegano)355ml",1.0,gengibre 185g,11.0,ABA_RECEITA
Bases,"Molho de Laranja e Gengibre (sem glúten, sem leite, sem lactose e Vegano)355ml",1.0,limão tahiti 120g,30.0,ABA_RECEITA
Bases,"Molho de Laranja e Gengibre (sem glúten, sem leite, sem lactose e Vegano)355ml",1.0,pimenta calabreza,5.0,ABA_RECEITA
Bases,"Molho de Laranja e Gengibre (sem glúten, sem leite, sem lactose e Vegano)355ml",1.0,sal,5.0,ABA_RECEITA
Bases,"Molho Pesto (sem glúten, sem leite, sem lactose e Vegano) 135ml",1.0,MANJERICÃO maço 50g,25.0,ABA_RECEITA
Bases,"Molho Pesto (sem glúten, sem leite, sem lactose e Vegano) 135ml",1.0,alho 65g,5.0,ABA_RECEITA
Bases,"Molho Pesto (sem glúten, sem leite, sem lactose e Vegano) 135ml",1.0,azeite de oliva 500ml,5.0,ABA_RECEITA
Bases,"Molho Pesto (sem glúten, sem leite, sem lactose e Vegano) 135ml",1.0,limão tahiti 120g,10.0,ABA_RECEITA
Bases,"Molho Pesto (sem glúten, sem leite, sem lactose e Vegano) 135ml",1.0,sal,5.0,ABA_RECEITA
Bases,"Molho Pesto (sem glúten, sem leite, sem lactose e Vegano) 135ml",1.0,NOZES QUARTILHO (QUEBRADINHA),80.0,ABA_RECEITA
Bases,"Molho Pesto (sem glúten, sem leite, sem lactose e Vegano) 135ml",1.0,PIMENTA PRETA,5.0,ABA_RECEITA
Bases,"Molho Oriental ( sem glúten, sem leite, sem lactose e Vegano) 135ml",1.0,azeite de oliva 500ml,90.0,ABA_RECEITA
Bases,"Molho Oriental ( sem glúten, sem leite, sem lactose e Vegano) 135ml",1.0,molho shoyu de côco,15.0,ABA_RECEITA
Bases,"Molho Oriental ( sem glúten, sem leite, sem lactose e Vegano) 135ml",1.0,sal,5.0,ABA_RECEITA
Bases,"Molho Oriental ( sem glúten, sem leite, sem lactose e Vegano) 135ml",1.0,açucar mascavo,5.0,ABA_RECEITA
Bases,"Molho Oriental ( sem glúten, sem leite, sem lactose e Vegano) 135ml",1.0,gengibre 185g,15.0,ABA_RECEITA
Bases,"Molho Oriental ( sem glúten, sem leite, sem lactose e Vegano) 135ml",1.0,cebolinha 150g,5.0,ABA_RECEITA
Bases,"Molho de Mostarda (sem glúten, sem leite, sem lactose e Vegano) 70ml",1.0,mostarda quero 190g,15.0,ABA_RECEITA
Bases,"Molho de Mostarda (sem glúten, sem leite, sem lactose e Vegano) 70ml",1.0,limão tahiti 120g,50.0,ABA_RECEITA
Bases,"Molho de Mostarda (sem glúten, sem leite, sem lactose e Vegano) 70ml",1.0,melado de cana 250g,5.0,ABA_RECEITA
Bases,"Molho Italiano (sem glútem, sem leite, sem lactose e Vegano) 229ml",1.0,azeite de oliva 500ml,125.0,ABA_RECEITA
Bases,"Molho Italiano (sem glútem, sem leite, sem lactose e Vegano) 229ml",1.0,vinagre de vinho tinto 750ml,30.0,ABA_RECEITA
Bases,"Molho Italiano (sem glútem, sem leite, sem lactose e Vegano) 229ml",1.0,alho 65g,3.0,ABA_RECEITA
Bases,"Molho Italiano (sem glútem, sem leite, sem lactose e Vegano) 229ml",1.0,pimenta calabreza,63.0,ABA_RECEITA
Bases,"Molho Italiano (sem glútem, sem leite, sem lactose e Vegano) 229ml",1.0,oregano egípicio,3.0,ABA_RECEITA
Bases,"Molho Italiano (sem glútem, sem leite, sem lactose e Vegano) 229ml",1.0,sal,5.0,ABA_RECEITA
Bases,Molho com Curry (sem glúten) 335ml,1.0,iogurte natural nestle 170g,250.0,ABA_RECEITA
Bases,Molho com Curry (sem glúten) 335ml,1.0,curry,30.0,ABA_RECEITA
Bases,Molho com Curry (sem glúten) 335ml,1.0,limão tahiti 120g,50.0,ABA_RECEITA
Bases,Molho com Curry (sem glúten) 335ml,1.0,sal,5.0,ABA_RECEITA
Bases,Molho Verde ( sem glúten) 595ML,1.0,leite integral 1l,250.0,ABA_RECEITA
Bases,Molho Verde ( sem glúten) 595ML,1.0,cebola 258g,60.0,ABA_RECEITA
Bases,Molho Verde ( sem glúten) 595ML,1.0,alho 65g,10.0,ABA_RECEITA
Bases,Molho Verde ( sem glúten) 595ML,1.0,pimentão verde 227g,120.0,ABA_RECEITA
Bases,Molho Verde ( sem glúten) 595ML,1.0,alface romana,20.0,ABA_RECEITA
Bases,Molho Verde ( sem glúten) 595ML,1.0,cebolinha 150g,10.0,ABA_RECEITA
Bases,Molho Verde ( sem glúten) 595ML,1.0,salsinha 150g,10.0,ABA_RECEITA
Bases,Molho Verde ( sem glúten) 595ML,1.0,PIMENTA DE CHEIRO,5.0,ABA_RECEITA
Bases,Molho Verde ( sem glúten) 595ML,1.0,SAL,5.0,ABA_RECEITA
Bases,Molho Verde ( sem glúten) 595ML,1.0,LIMÃO TAHITI 120g,50.0,ABA_RECEITA
Bases,Moho de Alho ( sem glúten) 233ml,1.0,alho 65g,30.0,ABA_RECEITA
Bases,Moho de Alho ( sem glúten) 233ml,1.0,pimentão verde 227g,68.0,ABA_RECEITA
Bases,Moho de Alho ( sem glúten) 233ml,1.0,leite integral 1l,100.0,ABA_RECEITA
Bases,Moho de Alho ( sem glúten) 233ml,1.0,sal,5.0,ABA_RECEITA
Bases,Moho de Alho ( sem glúten) 233ml,1.0,azeite de oliva 500ml,30.0,ABA_RECEITA
Bases,"Molho Verde com Azeitona ( sem glúten, sem leite, sem lactose e Vegano)220ml",1.0,azeitona sem caroço,125.0,ABA_RECEITA
Bases,"Molho Verde com Azeitona ( sem glúten, sem leite, sem lactose e Vegano)220ml",1.0,raspa de casca de limão,20.0,ABA_RECEITA
Bases,"Molho Verde com Azeitona ( sem glúten, sem leite, sem lactose e Vegano)220ml",1.0,raspa de casca de laranja,20.0,ABA_RECEITA
Bases,"Molho Verde com Azeitona ( sem glúten, sem leite, sem lactose e Vegano)220ml",1.0,HORTELÃ  maço 50g,5.0,ABA_RECEITA
Bases,"Molho Verde com Azeitona ( sem glúten, sem leite, sem lactose e Vegano)220ml",1.0,pimenta preta,5.0,ABA_RECEITA
Bases,"Molho Verde com Azeitona ( sem glúten, sem leite, sem lactose e Vegano)220ml",1.0,azeite de oliva 500ml,45.0,ABA_RECEITA
Bases,"Molho de Maracujá ( sem glúten, sem leite, sem lactose )130ml",1.0,maracujá azedo 433g,45.0,ABA_RECEITA
Bases,"Molho de Maracujá ( sem glúten, sem leite, sem lactose )130ml",1.0,azeite de oliva 500ml,30.0,ABA_RECEITA
Bases,"Molho de Maracujá ( sem glúten, sem leite, sem lactose )130ml",1.0,mel abv 500g,30.0,ABA_RECEITA
Bases,"Molho de Maracujá ( sem glúten, sem leite, sem lactose )130ml",1.0,agua filtrada 20l,15.0,ABA_RECEITA
Bases,"Molho de Maracujá ( sem glúten, sem leite, sem lactose )130ml",1.0,sal,5.0,ABA_RECEITA
Bases,"Molho de Maracujá ( sem glúten, sem leite, sem lactose )130ml",1.0,pimenta preta,5.0,ABA_RECEITA
Bases,Molho de Atum (sem glútem)566g,1.0,azeite de oliva 500ml,45.0,ABA_RECEITA
Bases,Molho de Atum (sem glútem)566g,1.0,CEBOLA 258g,75.0,ABA_RECEITA
Bases,Molho de Atum (sem glútem)566g,1.0,ALHO 65g,126.0,ABA_RECEITA
Bases,Molho de Atum (sem glútem)566g,1.0,TOMATE CARMEM 330g,120.0,ABA_RECEITA
Bases,Molho de Atum (sem glútem)566g,1.0,ATUM DRENADO (SEMPRE EM ÓLEO) 120g,120.0,ABA_RECEITA
Bases,Molho de Atum (sem glútem)566g,1.0,sal,5.0,ABA_RECEITA
Bases,Molho de Atum (sem glútem)566g,1.0,pimenta preta,5.0,ABA_RECEITA
Bases,Molho de Atum (sem glútem)566g,1.0,salsinha 150g,5.0,ABA_RECEITA
Bases,Molho de Atum (sem glútem)566g,1.0,OREGANO EGÍPICIO,5.0,ABA_RECEITA
Bases,Molho de Atum (sem glútem)566g,1.0,iogurte natural nestle 170g,60.0,ABA_RECEITA
Bases,"Molho Agridoce Picante (sem glútem, sem leite , sem lactose e Vegano)318g",1.0,PIMENTA DEDO DE MOÇA 200G,3.0,ABA_RECEITA
Bases,"Molho Agridoce Picante (sem glútem, sem leite , sem lactose e Vegano)318g",1.0,cebolinha 150g,20.0,ABA_RECEITA
Bases,"Molho Agridoce Picante (sem glútem, sem leite , sem lactose e Vegano)318g",1.0,limão tahiti 120g,125.0,ABA_RECEITA
Bases,"Molho Agridoce Picante (sem glútem, sem leite , sem lactose e Vegano)318g",1.0,AÇUCAR DE CÔCO,125.0,ABA_RECEITA
Bases,"Molho Agridoce Picante (sem glútem, sem leite , sem lactose e Vegano)318g",1.0,azeite de oliva 500ml,45.0,ABA_RECEITA
Bases,"Molho de Abacaxi (sem glútem, sem leite, sem lactose e Vegano)233g",1.0,ABACAXI,125.0,ABA_RECEITA
Bases,"Molho de Abacaxi (sem glútem, sem leite, sem lactose e Vegano)233g",1.0,CATCHUP QUERO 200g,45.0,ABA_RECEITA
Bases,"Molho de Abacaxi (sem glútem, sem leite, sem lactose e Vegano)233g",1.0,limão tahiti 120g,60.0,ABA_RECEITA
Bases,"Molho de Abacaxi (sem glútem, sem leite, sem lactose e Vegano)233g",1.0,CEBOLA 258g,3.0,ABA_RECEITA
Bases,"Molho Ceaser Vegano ( sem glútem, sem leite , sem lactose e Vegano)659ml",1.0,CASTANHA DE CAJU (W3),250.0,ABA_RECEITA
Bases,"Molho Ceaser Vegano ( sem glútem, sem leite , sem lactose e Vegano)659ml",1.0,agua filtrada 20l,72.0,ABA_RECEITA
Bases,"Molho Ceaser Vegano ( sem glútem, sem leite , sem lactose e Vegano)659ml",1.0,limão tahiti 120g,30.0,ABA_RECEITA
Bases,"Molho Ceaser Vegano ( sem glútem, sem leite , sem lactose e Vegano)659ml",1.0,sal,5.0,ABA_RECEITA
Bases,"Molho Ceaser Vegano ( sem glútem, sem leite , sem lactose e Vegano)659ml",1.0,pimenta calabreza,5.0,ABA_RECEITA
Bases,"Molho Ceaser Vegano ( sem glútem, sem leite , sem lactose e Vegano)659ml",1.0,ALHO 65g,42.0,ABA_RECEITA
Bases,"Molho Ceaser Vegano ( sem glútem, sem leite , sem lactose e Vegano)659ml",1.0,AÇAFRÃO DA TERRA (SEM MISTURA)=CURCUMA,5.0,ABA_RECEITA
Bases,"Molho Ceaser Vegano ( sem glútem, sem leite , sem lactose e Vegano)659ml",1.0,AZEITE DE OLIVA 500ml,250.0,ABA_RECEITA
Bases,"Molho Vegano Picante ( sem glútem, sem leite , sem lactose e Vegano)156g",1.0,"PASTA DE TOMATE CONCENTRADA 2,005kg",15.0,ABA_RECEITA
Bases,"Molho Vegano Picante ( sem glútem, sem leite , sem lactose e Vegano)156g",1.0,MELADO DE CANA 250g,5.0,ABA_RECEITA
Bases,"Molho Vegano Picante ( sem glútem, sem leite , sem lactose e Vegano)156g",1.0,páprica doce,125.0,ABA_RECEITA
Bases,"Molho Vegano Picante ( sem glútem, sem leite , sem lactose e Vegano)156g",1.0,MOLHO SHOYU DE CÔCO,3.0,ABA_RECEITA
Bases,"Molho Vegano Picante ( sem glútem, sem leite , sem lactose e Vegano)156g",1.0,CEBOLA EM PÓ,3.0,ABA_RECEITA
Bases,"Molho Vegano Picante ( sem glútem, sem leite , sem lactose e Vegano)156g",1.0,sal,5.0,ABA_RECEITA
Bases,"Molho de Alho Vegano ( sem glútem, sem leite , sem lactose e Vegano)398g",1.0,ALHO 65g,168.0,ABA_RECEITA
Bases,"Molho de Alho Vegano ( sem glútem, sem leite , sem lactose e Vegano)398g",1.0,LEITE VEGETAL (SOJA) ADES 1L,100.0,ABA_RECEITA
Bases,"Molho de Alho Vegano ( sem glútem, sem leite , sem lactose e Vegano)398g",1.0,sal,5.0,ABA_RECEITA
Bases,"Molho de Alho Vegano ( sem glútem, sem leite , sem lactose e Vegano)398g",1.0,azeite de oliva 500ml,125.0,ABA_RECEITA
Bases,Bacon Saudavel 1Kg,1.0,PANCETA (BARRIGA DE PORCO),40.0,ABA_RECEITA
Bases,Bacon Saudavel 1Kg,1.0,PERNIL COM OSSO TRASEIRO,60.0,ABA_RECEITA
Bases,Bacon Saudavel 1Kg,1.0,AZEITE DE OLIVA 500ML,150.0,ABA_RECEITA
Bases,Bacon Saudavel 1Kg,1.0,SAL,10.0,ABA_RECEITA
Bases,Biomassa de Banana Verde 1Kg,1.0,BANANA VERDE NANICA 200g,1000.0,ABA_RECEITA
Bases,"Carne Moída Coringa 2,700Kg",1.0,PATINHO (CARNE MOIDA),2000.0,ABA_RECEITA
Bases,"Carne Moída Coringa 2,700Kg",1.0,CEBOLA 258g,400.0,ABA_RECEITA
Bases,"Carne Moída Coringa 2,700Kg",1.0,alho 65g,20.0,ABA_RECEITA
Bases,"Carne Moída Coringa 2,700Kg",1.0,TOMATE CARMEM 330g,400.0,ABA_RECEITA
Bases,"Carne Moída Coringa 2,700Kg",1.0,salsinha 150g,100.0,ABA_RECEITA
Bases,"Carne Moída Coringa 2,700Kg",1.0,SAL,10.0,ABA_RECEITA
Bases,"Carne Moída Coringa 2,700Kg",1.0,azeite de oliva 500ml,20.0,ABA_RECEITA
Bases,"Carne seca Caseira 1,200Kg",1.0,COXÃO MOLE,2000.0,ABA_RECEITA
Bases,"Carne seca Caseira 1,200Kg",1.0,sal,2000.0,ABA_RECEITA
Bases,Mix de Legumes 870g,1.0,CENOURA 200g,300.0,ABA_RECEITA
Bases,Mix de Legumes 870g,1.0,"MILHO quero 1,700kg",170.0,ABA_RECEITA
Bases,Mix de Legumes 870g,1.0,ALHO 65g,30.0,ABA_RECEITA
Bases,Mix de Legumes 870g,1.0,ABOBRINHA,300.0,ABA_RECEITA
Bases,Mix de Legumes 870g,1.0,azeite de oliva 500ml,50.0,ABA_RECEITA
Bases,Mix de Legumes 870g,1.0,OREGANO EGÍPICIO,10.0,ABA_RECEITA
Bases,Mix de Legumes 870g,1.0,sal,10.0,ABA_RECEITA
Bases,"Molho Branco Saudavel 1,350Kg",1.0,CEBOLA 258g,200.0,ABA_RECEITA
Bases,"Molho Branco Saudavel 1,350Kg",1.0,alho 65g,30.0,ABA_RECEITA
Bases,"Molho Branco Saudavel 1,350Kg",1.0,leite integral 1l,1000.0,ABA_RECEITA
Bases,"Molho Branco Saudavel 1,350Kg",1.0,AMIDO DE MILHO,15.0,ABA_RECEITA
Bases,"Molho Branco Saudavel 1,350Kg",1.0,CREME DE LEITE 200g,30.0,ABA_RECEITA
Bases,"Molho Branco Saudavel 1,350Kg",1.0,sal,10.0,ABA_RECEITA
Bases,"Molho Branco Saudavel 1,350Kg",1.0,MANTEIGA AVIAÇÃO 200g,30.0,ABA_RECEITA
Bases,"Molho Branco Saudavel 1,350Kg",1.0,NOZ MOSCADA (EM GRÃO),10.0,ABA_RECEITA
Bases,"Molho Branco Vegano 1,500Kg",1.0,Leite de Inhame 700ml,1000.0,ABA_RECEITA
Bases,"Molho Branco Vegano 1,500Kg",1.0,CEBOLA 258g,200.0,ABA_RECEITA
Bases,"Molho Branco Vegano 1,500Kg",1.0,ALHO 65g,30.0,ABA_RECEITA
Bases,"Molho Branco Vegano 1,500Kg",1.0,azeite de oliva 500ml,20.0,ABA_RECEITA
Bases,"Molho Branco Vegano 1,500Kg",1.0,agua filtrada 20l,300.0,ABA_RECEITA
Bases,"Molho Branco Vegano 1,500Kg",1.0,sal,10.0,ABA_RECEITA
Bases,"Molho Branco Vegano 1,500Kg",1.0,NOZ MOSCADA (EM GRÃO),10.0,ABA_RECEITA
Bases,Leite Vegetais Amendoim 200ml,1.0,AMENDOIM PREMIUM TORRADO SEM SAL,100.0,ABA_RECEITA
Bases,Leite Vegetais Amendoim 200ml,1.0,agua filtrada 20l,100.0,ABA_RECEITA
Bases,"Leite Vegetais Aveia 1,500Kg",1.0,agua filtrada 20l,1000.0,ABA_RECEITA
Bases,"Leite Vegetais Aveia 1,500Kg",1.0,AVEIA EM FLOCOS FINOS Nº 3,500.0,ABA_RECEITA
Bases,Leite de Gergelim 1Kg,1.0,agua filtrada 20l,750.0,ABA_RECEITA
Bases,Leite de Gergelim 1Kg,1.0,GERGELIM,250.0,ABA_RECEITA
Bases,Leite de Amêndoas 500ml,1.0,AMENDOAS CRUAS,250.0,ABA_RECEITA
Bases,Leite de Amêndoas 500ml,1.0,agua filtrada 20l,250.0,ABA_RECEITA
Bases,"Leite de Semente de Abóbora 1,250Kg",1.0,SEMENTE DE ABÓBORA TORRADA,250.0,ABA_RECEITA
Bases,"Leite de Semente de Abóbora 1,250Kg",1.0,agua filtrada 20l,1000.0,ABA_RECEITA
Bases,"Leite de Arroz 1,250Kg",1.0,ARROZ BRANCO,250.0,ABA_RECEITA
Bases,"Leite de Arroz 1,250Kg",1.0,agua filtrada 20l,1000.0,ABA_RECEITA
Bases,Leite de Castanha-do-Pará 620ml,1.0,CASTANHA DO PARÁ MÉDIA,120.0,ABA_RECEITA
Bases,Leite de Castanha-do-Pará 620ml,1.0,agua filtrada 20l,500.0,ABA_RECEITA
Bases,"Leite de Castanha de caju 1,150Kg",1.0,CASTANHA DE CAJU (W3),152.0,ABA_RECEITA
Bases,"Leite de Castanha de caju 1,150Kg",1.0,agua filtrada 20l,1000.0,ABA_RECEITA
Bases,Leite de Quinoa 330ml,1.0,QUINOA EM GRÃO,30.0,ABA_RECEITA
Bases,Leite de Quinoa 330ml,1.0,agua filtrada 20l,300.0,ABA_RECEITA
Bases,Leite de Inhame 700ml,1.0,INHAME 155g,300.0,ABA_RECEITA
Bases,Leite de Inhame 700ml,1.0,agua filtrada 20l,400.0,ABA_RECEITA
Bases,Leite de Côco 450ml,1.0,CÔCO SECO 700g,200.0,ABA_RECEITA
Bases,Leite de Côco 450ml,1.0,agua filtrada 20l,250.0,ABA_RECEITA
Bases,"Pasta de Alho sem sal 1,150Kg",1.0,ALHO 65g,1000.0,ABA_RECEITA
Bases,"Pasta de Alho sem sal 1,150Kg",1.0,azeite de oliva 500ml,150.0,ABA_RECEITA
Bases,"Purê de casadinho de Batata inglesa com batata docê 2,500Kg",1.0,BATATA INGLESA 500g,1000.0,ABA_RECEITA
Bases,"Purê de casadinho de Batata inglesa com batata docê 2,500Kg",1.0,BATATA ROSA DOCÊ 515g,1000.0,ABA_RECEITA
Bases,"Purê de casadinho de Batata inglesa com batata docê 2,500Kg",1.0,leite integral 1l,500.0,ABA_RECEITA
Bases,"Purê de casadinho de Batata inglesa com batata docê 2,500Kg",1.0,sal,15.0,ABA_RECEITA
Bases,"Purê de casadinho de Batata inglesa com batata docê 2,500Kg",1.0,alho 65g,20.0,ABA_RECEITA
Bases,"Purê de casadinho de Batata inglesa com batata docê 2,500Kg",1.0,azeite de oliva 500ml,40.0,ABA_RECEITA
Bases,"Purê de Mandioca 2,000Kg",1.0,leite integral 1l,500.0,ABA_RECEITA
Bases,"Purê de Mandioca 2,000Kg",1.0,MANDIOCA,1500.0,ABA_RECEITA
Bases,"Purê de Mandioca 2,000Kg",1.0,CREME DE LEITE 200g,45.0,ABA_RECEITA
Bases,"Purê de Mandioca 2,000Kg",1.0,sal,10.0,ABA_RECEITA
Bases,"Porção de Escondidinho de Batata Doce c/ Frango ,molho branco de inhame 2800Kg",1.0,BATATA ROSA DOCÊ 515g,300.0,ABA_RECEITA
Bases,"Porção de Escondidinho de Batata Doce c/ Frango ,molho branco de inhame 2800Kg",1.0,PEITO DE FRANGO SEM OSSO E SEM PELE,200.0,ABA_RECEITA
Bases,"Porção de Escondidinho de Batata Doce c/ Frango ,molho branco de inhame 2800Kg",1.0,CEBOLA 258g,300.0,ABA_RECEITA
Bases,"Porção de Escondidinho de Batata Doce c/ Frango ,molho branco de inhame 2800Kg",1.0,azeite de oliva 500ml,20.0,ABA_RECEITA
Bases,"Porção de Escondidinho de Batata Doce c/ Frango ,molho branco de inhame 2800Kg",1.0,ALHO 65g,200.0,ABA_RECEITA
Bases,"Porção de Escondidinho de Batata Doce c/ Frango ,molho branco de inhame 2800Kg",1.0,INHAME 155g,300.0,ABA_RECEITA
Bases,"Porção de Escondidinho de Batata Doce c/ Frango ,molho branco de inhame 2800Kg",1.0,AGUA FILTRADA 20l,150.0,ABA_RECEITA
Bases,"Porção de Escondidinho de Batata Doce c/ Frango ,molho branco de inhame 2800Kg",1.0,EXTRATO DE TOMATE  ELEFANTE 300g,500.0,ABA_RECEITA
Bases,"Porção de Escondidinho de Batata Doce c/ Frango ,molho branco de inhame 2800Kg",1.0,sal,30.0,ABA_RECEITA
Bases,"Porção de Escondidinho de Batata Doce c/ Frango ,molho branco de inhame 2800Kg",1.0,pimenta preta,40.0,ABA_RECEITA
Bases,"Porção Feijão Tropeiro Saudavel 2,000Kg",1.0,PERNIL COM OSSO TRASEIRO,300.0,ABA_RECEITA
Bases,"Porção Feijão Tropeiro Saudavel 2,000Kg",1.0,TOUCINHO,200.0,ABA_RECEITA
Bases,"Porção Feijão Tropeiro Saudavel 2,000Kg",1.0,CEBOLA 258g,300.0,ABA_RECEITA
Bases,"Porção Feijão Tropeiro Saudavel 2,000Kg",1.0,ALHO 65g,20.0,ABA_RECEITA
Bases,"Porção Feijão Tropeiro Saudavel 2,000Kg",1.0,COUVE  FLOR 250g,200.0,ABA_RECEITA
Bases,"Porção Feijão Tropeiro Saudavel 2,000Kg",1.0,FARINHA DE MANDIOCA,300.0,ABA_RECEITA
Bases,"Porção Feijão Tropeiro Saudavel 2,000Kg",1.0,QUINOA EM GRÃO,150.0,ABA_RECEITA
Bases,"Porção Feijão Tropeiro Saudavel 2,000Kg",1.0,FEIJÃO CARIOCA,500.0,ABA_RECEITA
Bases,"Porção Feijão Tropeiro Saudavel 2,000Kg",1.0,AZEITE DE OLIVA 500ml,30.0,ABA_RECEITA
Bases,"Porção Feijão Tropeiro Saudavel 2,000Kg",1.0,TEMPERO A GOSTO,40.0,ABA_RECEITA
Bases,"Porção de Almondegas de Frango Verde 1,200Kg",1.0,PEITO DE FRANGO SEM OSSO E SEM PELE,800.0,ABA_RECEITA
Bases,"Porção de Almondegas de Frango Verde 1,200Kg",1.0,FARELO DE AVEIA,100.0,ABA_RECEITA
Bases,"Porção de Almondegas de Frango Verde 1,200Kg",1.0,GRÃO DE BICO (8mm),30.0,ABA_RECEITA
Bases,"Porção de Almondegas de Frango Verde 1,200Kg",1.0,OVOS,60.0,ABA_RECEITA
Bases,"Porção de Almondegas de Frango Verde 1,200Kg",1.0,CEBOLA 258g,200.0,ABA_RECEITA
Bases,"Porção de Almondegas de Frango Verde 1,200Kg",1.0,alho 65g,20.0,ABA_RECEITA
Bases,"Porção de Almondegas de Frango Verde 1,200Kg",1.0,salsinha 150g,40.0,ABA_RECEITA
Bases,"Porção de Almondegas de Frango Verde 1,200Kg",1.0,cebolinha 150g,35.0,ABA_RECEITA
Bases,"Porção de Almondegas de Frango Verde 1,200Kg",1.0,sal,10.0,ABA_RECEITA
Bases,Porção Macarrão á Bolonhesa 2300Kg,1.0,MACARRÃO INTEGRAL 500g GALO PARAFUSO E ESPAGUETE Nº8,500.0,ABA_RECEITA
Bases,Porção Macarrão á Bolonhesa 2300Kg,1.0,"Carne Moída Coringa 2,700Kg",1600.0,ABA_RECEITA
Bases,Porção Macarrão á Bolonhesa 2300Kg,1.0,QUEIJO MUSSARELA pedaço,200.0,ABA_RECEITA
Bases,Porção Macarrão á Bolonhesa 2300Kg,1.0,sal,10.0,ABA_RECEITA
Bases,Porção Nhoque de Banana da Terra 500g,1.0,BANANA VERDE NANICA 200g,600.0,ABA_RECEITA
Bases,Porção Nhoque de Banana da Terra 500g,1.0,FARINHA DE TRIGO INTEGRAL RENATA,30.0,ABA_RECEITA
Bases,Porção Nhoque de Banana da Terra 500g,1.0,sal,10.0,ABA_RECEITA
Bases,Porção Nhoque de Banana da Terra 500g,1.0,azeite de oliva 500ml,20.0,ABA_RECEITA
Bases,Porção de Panqueta  colorida recheada com frango e Queijo Mussarela 2300Kg,1.0,OVOS,360.0,ABA_RECEITA
Bases,Porção de Panqueta  colorida recheada com frango e Queijo Mussarela 2300Kg,1.0,COUVE  FLOR 250g,15.0,ABA_RECEITA
Bases,Porção de Panqueta  colorida recheada com frango e Queijo Mussarela 2300Kg,1.0,BETERRABA 355g,42.0,ABA_RECEITA
Bases,Porção de Panqueta  colorida recheada com frango e Queijo Mussarela 2300Kg,1.0,CENOURA 200g,100.0,ABA_RECEITA
Bases,Porção de Panqueta  colorida recheada com frango e Queijo Mussarela 2300Kg,1.0,FARINHA DE AVEIA,75.0,ABA_RECEITA
Bases,Porção de Panqueta  colorida recheada com frango e Queijo Mussarela 2300Kg,1.0,FARINHA DE TRIGO INTEGRAL,75.0,ABA_RECEITA
Bases,Porção de Panqueta  colorida recheada com frango e Queijo Mussarela 2300Kg,1.0,AZEITE DE OLIVA 500ml,30.0,ABA_RECEITA
Bases,Porção de Panqueta  colorida recheada com frango e Queijo Mussarela 2300Kg,1.0,LEITE INTEGRAL 1L,500.0,ABA_RECEITA
Bases,Porção de Panqueta  colorida recheada com frango e Queijo Mussarela 2300Kg,1.0,sal,10.0,ABA_RECEITA
Bases,Porção de Panqueta  colorida recheada com frango e Queijo Mussarela 2300Kg,1.0,pimenta preta,5.0,ABA_RECEITA
Bases,Porção de yakissoba saudavel 2900Kg,1.0,PEITO DE FRANGO SEM OSSO E SEM PELE,400.0,ABA_RECEITA
Bases,Porção de yakissoba saudavel 2900Kg,1.0,COXÃO MOLE,400.0,ABA_RECEITA
Bases,Porção de yakissoba saudavel 2900Kg,1.0,MACARRÃO INTEGRAL 500g GALO PARAFUSO E ESPAGUETE Nº8,500.0,ABA_RECEITA
Bases,Porção de yakissoba saudavel 2900Kg,1.0,PIMENTÃO VERDE 227g,100.0,ABA_RECEITA
Bases,Porção de yakissoba saudavel 2900Kg,1.0,CENOURA 200g,250.0,ABA_RECEITA
Bases,Porção de yakissoba saudavel 2900Kg,1.0,BRÓCOLIS 250g,300.0,ABA_RECEITA
Bases,Porção de yakissoba saudavel 2900Kg,1.0,COUVE  FLOR 250g,300.0,ABA_RECEITA
Bases,Porção de yakissoba saudavel 2900Kg,1.0,CEBOLA 258g,200.0,ABA_RECEITA
Bases,Porção de yakissoba saudavel 2900Kg,1.0,ALHO 65g,20.0,ABA_RECEITA
Bases,Porção de yakissoba saudavel 2900Kg,1.0,ACELGA 150g,400.0,ABA_RECEITA
Bases,"Porção de Almôndega de carne com quinoa com molho de tomates ,queijo 2600Kg",1.0,PATINHO (CARNE MOIDA),2000.0,ABA_RECEITA
Bases,"Porção de Almôndega de carne com quinoa com molho de tomates ,queijo 2600Kg",1.0,CEBOLA 258g,150.0,ABA_RECEITA
Bases,"Porção de Almôndega de carne com quinoa com molho de tomates ,queijo 2600Kg",1.0,QUINOA EM GRÃO,250.0,ABA_RECEITA
Bases,"Porção de Almôndega de carne com quinoa com molho de tomates ,queijo 2600Kg",1.0,sal,40.0,ABA_RECEITA
Bases,"Porção de Almôndega de carne com quinoa com molho de tomates ,queijo 2600Kg",1.0,pimenta preta,10.0,ABA_RECEITA
Bases,"Porção de Almôndega de carne com quinoa com molho de tomates ,queijo 2600Kg",1.0,"PASTA DE TOMATE CONCENTRADA 2,005kg",170.0,ABA_RECEITA
Bases,"Porção de Almôndega de carne com quinoa com molho de tomates ,queijo 2600Kg",1.0,QUEIJO PARMESÃO,50.0,ABA_RECEITA
Bases,"Porção de Almôndegas de frango, creme de milho e vagem 1Kg",1.0,PEITO DE FRANGO SEM OSSO E SEM PELE,700.0,ABA_RECEITA
Bases,"Porção de Almôndegas de frango, creme de milho e vagem 1Kg",1.0,FARINHA DE AVEIA,90.0,ABA_RECEITA
Bases,"Porção de Almôndegas de frango, creme de milho e vagem 1Kg",1.0,OVOS,120.0,ABA_RECEITA
Bases,"Porção de Almôndegas de frango, creme de milho e vagem 1Kg",1.0,CEBOLA 258g,150.0,ABA_RECEITA
Bases,"Porção de Almôndegas de frango, creme de milho e vagem 1Kg",1.0,ALHO 65g,21.0,ABA_RECEITA
Bases,"Porção de Almôndegas de frango, creme de milho e vagem 1Kg",1.0,salsinha 150g,40.0,ABA_RECEITA
Bases,"Porção de Almôndegas de frango, creme de milho e vagem 1Kg",1.0,cebolinha 150g,40.0,ABA_RECEITA
Bases,"Porção de Almôndegas de frango, creme de milho e vagem 1Kg",1.0,QUINOA EM GRÃO,45.0,ABA_RECEITA
Bases,"Porção de Almôndegas de frango, creme de milho e vagem 1Kg",1.0,sal,10.0,ABA_RECEITA
Bases,Porção de Quibe de Frango (06 quibe de 30g cada por porção) 3600Kg,1.0,PEITO DE FRANGO SEM OSSO E SEM PELE,2000.0,ABA_RECEITA
Bases,Porção de Quibe de Frango (06 quibe de 30g cada por porção) 3600Kg,1.0,TRIGO PARA KIBE,500.0,ABA_RECEITA
Bases,Porção de Quibe de Frango (06 quibe de 30g cada por porção) 3600Kg,1.0,CEBOLA 258g,400.0,ABA_RECEITA
Bases,Porção de Quibe de Frango (06 quibe de 30g cada por porção) 3600Kg,1.0,ALHO 65g,60.0,ABA_RECEITA
Bases,Porção de Quibe de Frango (06 quibe de 30g cada por porção) 3600Kg,1.0,TOMILHO,40.0,ABA_RECEITA
Bases,Porção de Quibe de Frango (06 quibe de 30g cada por porção) 3600Kg,1.0,QUEIJO RICOTA,350.0,ABA_RECEITA
Bases,Porção de Quibe de Frango (06 quibe de 30g cada por porção) 3600Kg,1.0,AZEITE DE OLIVA 500ml,45.0,ABA_RECEITA
Bases,Porção de Quibe de Frango (06 quibe de 30g cada por porção) 3600Kg,1.0,sal,30.0,ABA_RECEITA
Bases,Porção de Quibe de Frango (06 quibe de 30g cada por porção) 3600Kg,1.0,HORTELÃ  maço 50g,40.0,ABA_RECEITA
Bases,Porção de Quibe de Frango (06 quibe de 30g cada por porção) 3600Kg,1.0,VAGEM 206g,200.0,ABA_RECEITA
Bases,Porção de Strogonoff Cremoso de Carne 2860Kg,1.0,PATINHO (CARNE MOIDA),2000.0,ABA_RECEITA
Bases,Porção de Strogonoff Cremoso de Carne 2860Kg,1.0,CEBOLA 258g,150.0,ABA_RECEITA
Bases,Porção de Strogonoff Cremoso de Carne 2860Kg,1.0,ALHO 65g,25.0,ABA_RECEITA
Bases,Porção de Strogonoff Cremoso de Carne 2860Kg,1.0,MOSTARDA QUERO 190g,20.0,ABA_RECEITA
Bases,Porção de Strogonoff Cremoso de Carne 2860Kg,1.0,MOLHO DE TOMATE fugini,300.0,ABA_RECEITA
Bases,Porção de Strogonoff Cremoso de Carne 2860Kg,1.0,Biomassa de Banana Verde 1Kg,150.0,ABA_RECEITA
Bases,Porção de Strogonoff Cremoso de Carne 2860Kg,1.0,CREME DE LEITE 200g,100.0,ABA_RECEITA
Bases,Porção de Strogonoff Cremoso de Carne 2860Kg,1.0,PALMITO PUPUNHA RODELA 300g,50.0,ABA_RECEITA
Bases,Porção de Strogonoff Cremoso de Carne 2860Kg,1.0,CHAMPIGNONS,30.0,ABA_RECEITA
Bases,Porção de Strogonoff Cremoso de Carne 2860Kg,1.0,sal,20.0,ABA_RECEITA
Bases,Maionese de Bio Massa 440g,1.0,LIMÃO TAHITI 120g,120.0,ABA_RECEITA
Bases,Maionese de Bio Massa 440g,1.0,Biomassa de Banana Verde 1Kg,150.0,ABA_RECEITA
Bases,Maionese de Bio Massa 440g,1.0,AZEITE DE OLIVA 500ml,45.0,ABA_RECEITA
Bases,Maionese de Bio Massa 440g,1.0,agua filtrada 20l,125.0,ABA_RECEITA
Bases,Hamburguer vegetariano 165g,5.0,CHIA (EXTRA BLACK),15.0,ABA_RECEITA
Bases,Hamburguer vegetariano 165g,5.0,ERVILHA 500g YOKI,100.0,ABA_RECEITA
Bases,Hamburguer vegetariano 165g,5.0,CEBOLA 258g,20.0,ABA_RECEITA
Bases,Hamburguer vegetariano 165g,5.0,GENGIBRE 185g,2.0,ABA_RECEITA
Bases,Hamburguer vegetariano 165g,5.0,ALHO 65g,2.0,ABA_RECEITA
Bases,Hamburguer vegetariano 165g,5.0,sal,1.6,ABA_RECEITA
Bases,Hamburguer vegetariano 165g,5.0,MANJERICÃO maço 50g,3.0,ABA_RECEITA
Bases,Hamburguer vegetariano 165g,5.0,cebolinha 150g,3.0,ABA_RECEITA
Bases,Hamburguer vegetariano 165g,5.0,PÁPRICA DEFUMADA,1.0,ABA_RECEITA
Bases,Hamburguer vegetariano 165g,5.0,AZEITE DE OLIVA 500ml,6.0,ABA_RECEITA
PratosÚnicos,Almôndega de carne com quinoa com molho de tomates e queijo 350g (fit),10.0,PATINHO (CARNE MOIDA),200.0,ABA_RECEITA
PratosÚnicos,Almôndega de carne com quinoa com molho de tomates e queijo 350g (fit),10.0,CEBOLA 258g,20.0,ABA_RECEITA
PratosÚnicos,Almôndega de carne com quinoa com molho de tomates e queijo 350g (fit),10.0,QUINOA EM GRÃO,25.0,ABA_RECEITA
PratosÚnicos,Almôndega de carne com quinoa com molho de tomates e queijo 350g (fit),10.0,SAL,4.0,ABA_RECEITA
PratosÚnicos,Almôndega de carne com quinoa com molho de tomates e queijo 350g (fit),10.0,PIMENTA PRETA,1.5,ABA_RECEITA
PratosÚnicos,Almôndega de carne com quinoa com molho de tomates e queijo 350g (fit),10.0,"PASTA DE TOMATE CONCENTRADA 2,005kg",17.0,ABA_RECEITA
PratosÚnicos,Almôndega de carne com quinoa com molho de tomates e queijo 350g (fit),10.0,QUEIJO MUSSARELA pedaço,10.0,ABA_RECEITA
PratosÚnicos,"Almondega verde de frango 350g (Integral, Low Carb)",4.0,PEITO DE FRANGO SEM OSSO E SEM PELE,200.0,ABA_RECEITA
PratosÚnicos,"Almondega verde de frango 350g (Integral, Low Carb)",4.0,FARINHA DE AVEIA,25.0,ABA_RECEITA
PratosÚnicos,"Almondega verde de frango 350g (Integral, Low Carb)",4.0,FARINHA DE GRAO DE BICO,7.5,ABA_RECEITA
PratosÚnicos,"Almondega verde de frango 350g (Integral, Low Carb)",4.0,OVOS,15.0,ABA_RECEITA
PratosÚnicos,"Almondega verde de frango 350g (Integral, Low Carb)",4.0,CEBOLA 258g,50.0,ABA_RECEITA
PratosÚnicos,"Almondega verde de frango 350g (Integral, Low Carb)",4.0,ALHO 65g,5.0,ABA_RECEITA
PratosÚnicos,"Almondega verde de frango 350g (Integral, Low Carb)",4.0,SALSINHA 150g,23.75,ABA_RECEITA
PratosÚnicos,"Almondega verde de frango 350g (Integral, Low Carb)",4.0,CEBOLINHA 150g,18.75,ABA_RECEITA
PratosÚnicos,"Almondega verde de frango 350g (Integral, Low Carb)",4.0,TEMPERO A GOSTO,10.0,ABA_RECEITA
PratosÚnicos,"Carne moida coringa 350g (fit,lowcarb)",8.0,PATINHO (CARNE MOIDA),250.0,ABA_RECEITA
PratosÚnicos,"Carne moida coringa 350g (fit,lowcarb)",8.0,CEBOLA 258g,50.0,ABA_RECEITA
PratosÚnicos,"Carne moida coringa 350g (fit,lowcarb)",8.0,ALHO 65g,2.5,ABA_RECEITA
PratosÚnicos,"Carne moida coringa 350g (fit,lowcarb)",8.0,TOMATE CARMEM 330g,50.0,ABA_RECEITA
PratosÚnicos,"Carne moida coringa 350g (fit,lowcarb)",8.0,TEMPERO A GOSTO,5.0,ABA_RECEITA
PratosÚnicos,"Carne moida coringa 350g (fit,lowcarb)",8.0,SAL,2.5,ABA_RECEITA
PratosÚnicos,"Carne moida coringa 350g (fit,lowcarb)",8.0,AZEITE DE OLIVA 500ml,2.5,ABA_RECEITA
PratosÚnicos,Costelinha suina ao molho oriental 350g (fit),6.0,"Molho Oriental ( sem glúten, sem leite, sem lactose e Vegano) 135ml",50.0,ABA_RECEITA
PratosÚnicos,Costelinha suina ao molho oriental 350g (fit),6.0,COSTELINHA DE PORCO,333.333333,ABA_RECEITA
PratosÚnicos,Costelinha suina ao molho oriental 350g (fit),6.0,TEMPERO A GOSTO,6.666667,ABA_RECEITA
PratosÚnicos,Costelinha suina ao molho oriental 350g (fit),6.0,SAL,6.666667,ABA_RECEITA
PratosÚnicos,Creme de milho 350g (fit) (sem glúten e sem lactose),5.0,"MILHO quero 1,700kg",170.0,ABA_RECEITA
PratosÚnicos,Creme de milho 350g (fit) (sem glúten e sem lactose),5.0,CEBOLA 258g,30.0,ABA_RECEITA
PratosÚnicos,Creme de milho 350g (fit) (sem glúten e sem lactose),5.0,ALHO 65g,1.6,ABA_RECEITA
PratosÚnicos,Creme de milho 350g (fit) (sem glúten e sem lactose),5.0,AMIDO DE MILHO,6.0,ABA_RECEITA
PratosÚnicos,Creme de milho 350g (fit) (sem glúten e sem lactose),5.0,AGUA FILTRADA 20l,120.0,ABA_RECEITA
PratosÚnicos,Creme de milho 350g (fit) (sem glúten e sem lactose),5.0,CREME DE LEITE SEM LACTOSE 200g,20.0,ABA_RECEITA
PratosÚnicos,Creme de milho 350g (fit) (sem glúten e sem lactose),5.0,SALSINHA 150g,10.0,ABA_RECEITA
PratosÚnicos,Creme de milho 350g (fit) (sem glúten e sem lactose),5.0,CEBOLINHA 150g,10.0,ABA_RECEITA
PratosÚnicos,Escondidinho de abóbora cabotiá 350g (fit)(sem glútem),10.0,ABÓBORA CABOTIÃ,200.0,ABA_RECEITA
PratosÚnicos,Escondidinho de abóbora cabotiá 350g (fit)(sem glútem),10.0,PEITO DE FRANGO SEM OSSO E SEM PELE,120.0,ABA_RECEITA
PratosÚnicos,Escondidinho de abóbora cabotiá 350g (fit)(sem glútem),10.0,CEBOLA 258g,40.0,ABA_RECEITA
PratosÚnicos,Escondidinho de abóbora cabotiá 350g (fit)(sem glútem),10.0,AZEITE DE OLIVA 500ml,4.5,ABA_RECEITA
PratosÚnicos,Escondidinho de abóbora cabotiá 350g (fit)(sem glútem),10.0,ALHO 65g,5.0,ABA_RECEITA
PratosÚnicos,Escondidinho de abóbora cabotiá 350g (fit)(sem glútem),10.0,EXTRATO DE TOMATE  ELEFANTE 300g,5.0,ABA_RECEITA
PratosÚnicos,Escondidinho de abóbora cabotiá 350g (fit)(sem glútem),10.0,SAL,3.0,ABA_RECEITA
PratosÚnicos,Escondidinho de abóbora cabotiá 350g (fit)(sem glútem),10.0,PIMENTA PRETA,2.0,ABA_RECEITA
PratosÚnicos,Escondidinho de abóbora cabotiá 350g (fit)(sem glútem),10.0,TEMPERO A GOSTO,4.0,ABA_RECEITA
PratosÚnicos,Escondidinho de abóbora cabotiá 350g (fit)(sem glútem),10.0,QUEIJO MUSSARELA pedaço,20.0,ABA_RECEITA
PratosÚnicos,Escondidinho de Batata Doce com Frango e molho branco de inhame 350g,14.0,BATATA ROSA DOCÊ 515g,142.857143,ABA_RECEITA
PratosÚnicos,Escondidinho de Batata Doce com Frango e molho branco de inhame 350g,14.0,PEITO DE FRANGO SEM OSSO E SEM PELE,85.714286,ABA_RECEITA
PratosÚnicos,Escondidinho de Batata Doce com Frango e molho branco de inhame 350g,14.0,CEBOLA 258g,28.571429,ABA_RECEITA
PratosÚnicos,Escondidinho de Batata Doce com Frango e molho branco de inhame 350g,14.0,AZEITE DE OLIVA 500ml,1.428571,ABA_RECEITA
PratosÚnicos,Escondidinho de Batata Doce com Frango e molho branco de inhame 350g,14.0,ALHO 65g,3.571429,ABA_RECEITA
PratosÚnicos,Escondidinho de Batata Doce com Frango e molho branco de inhame 350g,14.0,INHAME 155g,85.714286,ABA_RECEITA
PratosÚnicos,Escondidinho de Batata Doce com Frango e molho branco de inhame 350g,14.0,AGUA FILTRADA 20l,71.428571,ABA_RECEITA
PratosÚnicos,Escondidinho de Batata Doce com Frango e molho branco de inhame 350g,14.0,EXTRATO DE TOMATE  ELEFANTE 300g,3.571429,ABA_RECEITA
PratosÚnicos,Escondidinho de Batata Doce com Frango e molho branco de inhame 350g,14.0,SAL,2.142857,ABA_RECEITA
PratosÚnicos,Escondidinho de inhame 350g,5.0,INHAME 155g,100.0,ABA_RECEITA
PratosÚnicos,Escondidinho de inhame 350g,5.0,"Leite de Arroz 1,250Kg",40.0,ABA_RECEITA
PratosÚnicos,Escondidinho de inhame 350g,5.0,ALHO 65g,10.0,ABA_RECEITA
PratosÚnicos,Escondidinho de inhame 350g,5.0,AZEITE DE OLIVA 500ml,3.0,ABA_RECEITA
PratosÚnicos,Escondidinho de inhame 350g,5.0,PATINHO (CARNE MOIDA),50.0,ABA_RECEITA
PratosÚnicos,Escondidinho de inhame 350g,5.0,SAL,4.0,ABA_RECEITA
PratosÚnicos,Escondidinho de inhame 350g,5.0,AGUA FILTRADA 20l,200.0,ABA_RECEITA
PratosÚnicos,Feijão tropeiro com bacon saudavel 350g (fit),5.0,PERNIL COM OSSO TRASEIRO,60.0,ABA_RECEITA
PratosÚnicos,Feijão tropeiro com bacon saudavel 350g (fit),5.0,TOUCINHO,40.0,ABA_RECEITA
PratosÚnicos,Feijão tropeiro com bacon saudavel 350g (fit),5.0,CEBOLA 258g,60.0,ABA_RECEITA
PratosÚnicos,Feijão tropeiro com bacon saudavel 350g (fit),5.0,ALHO 65g,4.0,ABA_RECEITA
PratosÚnicos,Feijão tropeiro com bacon saudavel 350g (fit),5.0,COUVE 250g,40.0,ABA_RECEITA
PratosÚnicos,Feijão tropeiro com bacon saudavel 350g (fit),5.0,FARINHA DE MANDIOCA,60.0,ABA_RECEITA
PratosÚnicos,Feijão tropeiro com bacon saudavel 350g (fit),5.0,QUINOA EM GRÃO,30.0,ABA_RECEITA
PratosÚnicos,Feijão tropeiro com bacon saudavel 350g (fit),5.0,FEIJÃO CARIOCA,100.0,ABA_RECEITA
PratosÚnicos,Feijão tropeiro com bacon saudavel 350g (fit),5.0,AZEITE DE OLIVA 500ml,6.0,ABA_RECEITA
PratosÚnicos,Feijão tropeiro com bacon saudavel 350g (fit),5.0,SAL,4.0,ABA_RECEITA
PratosÚnicos,"Feijoada fit 350g (integral, sem leite, sem lactose, sem glúten)",4.0,FEIJAO PRETO,75.0,ABA_RECEITA
PratosÚnicos,"Feijoada fit 350g (integral, sem leite, sem lactose, sem glúten)",4.0,PERNIL COM OSSO TRASEIRO,100.0,ABA_RECEITA
PratosÚnicos,"Feijoada fit 350g (integral, sem leite, sem lactose, sem glúten)",4.0,COXÃO MOLE,25.0,ABA_RECEITA
PratosÚnicos,"Feijoada fit 350g (integral, sem leite, sem lactose, sem glúten)",4.0,ALHO 65g,7.5,ABA_RECEITA
PratosÚnicos,"Feijoada fit 350g (integral, sem leite, sem lactose, sem glúten)",4.0,CEBOLA 258g,62.5,ABA_RECEITA
PratosÚnicos,"Feijoada fit 350g (integral, sem leite, sem lactose, sem glúten)",4.0,SALSINHA 150g,18.75,ABA_RECEITA
PratosÚnicos,"Feijoada fit 350g (integral, sem leite, sem lactose, sem glúten)",4.0,CEBOLINHA 150g,18.75,ABA_RECEITA
PratosÚnicos,"Feijoada fit 350g (integral, sem leite, sem lactose, sem glúten)",4.0,FOLHA DE LOURO,5.0,ABA_RECEITA
PratosÚnicos,"Feijoada fit 350g (integral, sem leite, sem lactose, sem glúten)",4.0,SAL,3.75,ABA_RECEITA
PratosÚnicos,"Feijoada fit 350g (integral, sem leite, sem lactose, sem glúten)",4.0,TEMPERO A GOSTO,10.0,ABA_RECEITA
PratosÚnicos,"Galinhada fit 350g (sem leite, sem lactose, sem glúten)",10.0,SOBRE COXA,40.0,ABA_RECEITA
PratosÚnicos,"Galinhada fit 350g (sem leite, sem lactose, sem glúten)",10.0,PEITO DE FRANGO SEM OSSO E SEM PELE,80.0,ABA_RECEITA
PratosÚnicos,"Galinhada fit 350g (sem leite, sem lactose, sem glúten)",10.0,MILHO VERDE ESPIGA 700g,100.0,ABA_RECEITA
PratosÚnicos,"Galinhada fit 350g (sem leite, sem lactose, sem glúten)",10.0,ARROZ INTEGRAL,45.0,ABA_RECEITA
PratosÚnicos,"Galinhada fit 350g (sem leite, sem lactose, sem glúten)",10.0,AZEITE DE OLIVA 500ml,1.5,ABA_RECEITA
PratosÚnicos,"Galinhada fit 350g (sem leite, sem lactose, sem glúten)",10.0,CEBOLA 258g,45.0,ABA_RECEITA
PratosÚnicos,"Galinhada fit 350g (sem leite, sem lactose, sem glúten)",10.0,ALHO 65g,2.0,ABA_RECEITA
PratosÚnicos,"Galinhada fit 350g (sem leite, sem lactose, sem glúten)",10.0,PIMENTA DEDO DE MOÇA 200G,2.0,ABA_RECEITA
PratosÚnicos,"Galinhada fit 350g (sem leite, sem lactose, sem glúten)",10.0,CENOURA 200g,30.0,ABA_RECEITA
PratosÚnicos,"Galinhada fit 350g (sem leite, sem lactose, sem glúten)",10.0,AÇAFRÃO DA TERRA (SEM MISTURA)=CURCUMA,2.0,ABA_RECEITA
PratosÚnicos,"Lombo grelhado com ervas frescas(fit)(sem leite, sem lactose, sem glúten)",6.0,LOMBO SUINO,250.0,ABA_RECEITA
PratosÚnicos,"Lombo grelhado com ervas frescas(fit)(sem leite, sem lactose, sem glúten)",6.0,CEBOLA 258g,66.666667,ABA_RECEITA
PratosÚnicos,"Lombo grelhado com ervas frescas(fit)(sem leite, sem lactose, sem glúten)",6.0,ALHO 65g,8.333333,ABA_RECEITA
PratosÚnicos,"Lombo grelhado com ervas frescas(fit)(sem leite, sem lactose, sem glúten)",6.0,CEBOLINHA 150g,12.5,ABA_RECEITA
PratosÚnicos,"Lombo grelhado com ervas frescas(fit)(sem leite, sem lactose, sem glúten)",6.0,SALSINHA 150g,15.833333,ABA_RECEITA
PratosÚnicos,"Lombo grelhado com ervas frescas(fit)(sem leite, sem lactose, sem glúten)",6.0,ALECRIM,5.0,ABA_RECEITA
PratosÚnicos,"Lombo grelhado com ervas frescas(fit)(sem leite, sem lactose, sem glúten)",6.0,AZEITE DE OLIVA 500ml,5.0,ABA_RECEITA
PratosÚnicos,"Lombo grelhado com ervas frescas(fit)(sem leite, sem lactose, sem glúten)",6.0,PIMENTA PRETA,2.5,ABA_RECEITA
PratosÚnicos,Macarrão a bolonhesa 350g (fit)(integral),6.0,MACARRÃO INTEGRAL 500g GALO PARAFUSO E ESPAGUETE Nº8,83.333333,ABA_RECEITA
PratosÚnicos,Macarrão a bolonhesa 350g (fit)(integral),6.0,"Carne Moída Coringa 2,700Kg",266.666667,ABA_RECEITA
PratosÚnicos,Macarrão a bolonhesa 350g (fit)(integral),6.0,QUEIJO MUSSARELA pedaço,33.333333,ABA_RECEITA
PratosÚnicos,Macarrão a bolonhesa 350g (fit)(integral),6.0,SAL,1.666667,ABA_RECEITA
PratosÚnicos,Nhoque de Banana da Terra 350g (fit)(integral),5.0,BANANA VERDE NANICA 200g,120.0,ABA_RECEITA
PratosÚnicos,Nhoque de Banana da Terra 350g (fit)(integral),5.0,FARINHA DE TRIGO INTEGRAL RENATA,60.0,ABA_RECEITA
PratosÚnicos,Nhoque de Banana da Terra 350g (fit)(integral),5.0,SAL,4.0,ABA_RECEITA
PratosÚnicos,Nhoque de Banana da Terra 350g (fit)(integral),5.0,AZEITE DE OLIVA 500ml,6.0,ABA_RECEITA
PratosÚnicos,Nhoque de Banana da Terra 350g (fit)(integral),5.0,PATINHO (CARNE MOIDA),100.0,ABA_RECEITA
PratosÚnicos,Nhoque de Banana da Terra 350g (fit)(integral),5.0,"PASTA DE TOMATE CONCENTRADA 2,005kg",60.0,ABA_RECEITA
PratosÚnicos,Nhoque de Banana da Terra 350g (fit)(integral),5.0,QUEIJO MUSSARELA pedaço,10.0,ABA_RECEITA
PratosÚnicos,Panqueca colorida recheada com queijo mussarela 350g (fit),8.0,OVOS,45.0,ABA_RECEITA
PratosÚnicos,Panqueca colorida recheada com queijo mussarela 350g (fit),8.0,COUVE 250g,6.25,ABA_RECEITA
PratosÚnicos,Panqueca colorida recheada com queijo mussarela 350g (fit),8.0,BETERRABA 355g,6.25,ABA_RECEITA
PratosÚnicos,Panqueca colorida recheada com queijo mussarela 350g (fit),8.0,CENOURA 200g,12.5,ABA_RECEITA
PratosÚnicos,Panqueca colorida recheada com queijo mussarela 350g (fit),8.0,FARINHA DE AVEIA,9.375,ABA_RECEITA
PratosÚnicos,Panqueca colorida recheada com queijo mussarela 350g (fit),8.0,FARINHA DE TRIGO INTEGRAL RENATA,9.375,ABA_RECEITA
PratosÚnicos,Panqueca colorida recheada com queijo mussarela 350g (fit),8.0,AZEITE DE OLIVA 500ml,3.75,ABA_RECEITA
PratosÚnicos,Panqueca colorida recheada com queijo mussarela 350g (fit),8.0,LEITE INTEGRAL 1L,62.5,ABA_RECEITA
PratosÚnicos,Panqueca colorida recheada com queijo mussarela 350g (fit),8.0,SAL,1.25,ABA_RECEITA
PratosÚnicos,Panqueca colorida recheada com queijo mussarela 350g (fit),8.0,PIMENTA PRETA,1.25,ABA_RECEITA
PratosÚnicos,"Pernil desfiado com legumes (fit) 350g (sem glúten, sem lactose, sem leite)",3.0,PERNIL COM OSSO TRASEIRO,266.666667,ABA_RECEITA
PratosÚnicos,"Pernil desfiado com legumes (fit) 350g (sem glúten, sem lactose, sem leite)",3.0,PIMENTÃO VERDE 227g,33.333333,ABA_RECEITA
PratosÚnicos,"Pernil desfiado com legumes (fit) 350g (sem glúten, sem lactose, sem leite)",3.0,ABOBRINHA ITALIANA,33.333333,ABA_RECEITA
PratosÚnicos,"Pernil desfiado com legumes (fit) 350g (sem glúten, sem lactose, sem leite)",3.0,CEBOLA 258g,40.0,ABA_RECEITA
PratosÚnicos,"Pernil desfiado com legumes (fit) 350g (sem glúten, sem lactose, sem leite)",3.0,VAGEM 206g,33.333333,ABA_RECEITA
PratosÚnicos,"Pernil desfiado com legumes (fit) 350g (sem glúten, sem lactose, sem leite)",3.0,SAL,3.333333,ABA_RECEITA
PratosÚnicos,"Pernil desfiado com legumes (fit) 350g (sem glúten, sem lactose, sem leite)",3.0,PIMENTA PRETA,3.333333,ABA_RECEITA
PratosÚnicos,"Pernil desfiado com legumes (fit) 350g (sem glúten, sem lactose, sem leite)",3.0,PÁPRICA PICANTE,3.333333,ABA_RECEITA
PratosÚnicos,Purê casadinho de batatas doce e inglesa 350g (fit),7.0,BATATA ROSA DOCÊ 515g,142.857143,ABA_RECEITA
PratosÚnicos,Purê casadinho de batatas doce e inglesa 350g (fit),7.0,BATATA INGLESA,142.857143,ABA_RECEITA
PratosÚnicos,Purê casadinho de batatas doce e inglesa 350g (fit),7.0,LEITE INTEGRAL 1L,71.428571,ABA_RECEITA
PratosÚnicos,Purê casadinho de batatas doce e inglesa 350g (fit),7.0,SAL,2.142857,ABA_RECEITA
PratosÚnicos,Purê casadinho de batatas doce e inglesa 350g (fit),7.0,ALHO 65g,2.857143,ABA_RECEITA
PratosÚnicos,Purê casadinho de batatas doce e inglesa 350g (fit),7.0,AZEITE DE OLIVA 500ml,5.714286,ABA_RECEITA
PratosÚnicos,Purê de mandioca 350g (fit) (sem glútem),5.0,MANDIOCA,200.0,ABA_RECEITA
PratosÚnicos,Purê de mandioca 350g (fit) (sem glútem),5.0,"Leite de Arroz 1,250Kg",140.0,ABA_RECEITA
PratosÚnicos,Purê de mandioca 350g (fit) (sem glútem),5.0,MANTEIGA AVIAÇÃO 200g,6.0,ABA_RECEITA
PratosÚnicos,Purê de mandioca 350g (fit) (sem glútem),5.0,SAL,4.0,ABA_RECEITA
PratosÚnicos,Risoto de abobrinha 350g (fit),4.0,ARROZ BRANCO,37.5,ABA_RECEITA
PratosÚnicos,Risoto de abobrinha 350g (fit),4.0,CEBOLA 258g,100.0,ABA_RECEITA
PratosÚnicos,Risoto de abobrinha 350g (fit),4.0,ALHO 65g,12.5,ABA_RECEITA
PratosÚnicos,Risoto de abobrinha 350g (fit),4.0,QUEIJO MUSSARELA pedaço,25.0,ABA_RECEITA
PratosÚnicos,Risoto de abobrinha 350g (fit),4.0,ABOBRINHA ITALIANA,190.0,ABA_RECEITA
PratosÚnicos,Risoto de abobrinha 350g (fit),4.0,SAL,2.5,ABA_RECEITA
PratosÚnicos,Risoto de abobrinha 350g (fit),4.0,ALECRIM,1.25,ABA_RECEITA
PratosÚnicos,Risoto de abobrinha 350g (fit),4.0,PIMENTA PRETA,1.25,ABA_RECEITA
PratosÚnicos,Risoto de abobrinha 350g (fit),4.0,AZEITE DE OLIVA 500ml,7.5,ABA_RECEITA
PratosÚnicos,"Sobrecoxa assada com legumes 350g(fit)(sem glúten, sem lactose)",5.0,SOBRE COXA,200.0,ABA_RECEITA
PratosÚnicos,"Sobrecoxa assada com legumes 350g(fit)(sem glúten, sem lactose)",5.0,LIMÃO TAHITI 120g,40.0,ABA_RECEITA
PratosÚnicos,"Sobrecoxa assada com legumes 350g(fit)(sem glúten, sem lactose)",5.0,CENOURA 200g,70.0,ABA_RECEITA
PratosÚnicos,"Sobrecoxa assada com legumes 350g(fit)(sem glúten, sem lactose)",5.0,CEBOLA 258g,70.0,ABA_RECEITA
PratosÚnicos,"Sobrecoxa assada com legumes 350g(fit)(sem glúten, sem lactose)",5.0,TOMATE CEREJA 280g,100.0,ABA_RECEITA
PratosÚnicos,"Sobrecoxa assada com legumes 350g(fit)(sem glúten, sem lactose)",5.0,SAL,3.0,ABA_RECEITA
PratosÚnicos,"Sobrecoxa assada com legumes 350g(fit)(sem glúten, sem lactose)",5.0,TEMPERO A GOSTO,2.0,ABA_RECEITA
PratosÚnicos,Sobrecoxa com molho curry 350g (fit),3.0,SOBRE COXA,200.0,ABA_RECEITA
PratosÚnicos,Sobrecoxa com molho curry 350g (fit),3.0,Molho com Curry (sem glúten) 335ml,100.0,ABA_RECEITA
PratosÚnicos,Sobrecoxa com molho curry 350g (fit),3.0,SAL,5.0,ABA_RECEITA
PratosÚnicos,Sobrecoxa com molho curry 350g (fit),3.0,PIMENTA PRETA,3.333333,ABA_RECEITA
PratosÚnicos,Sobrecoxa com molho curry 350g (fit),3.0,AZEITE DE OLIVA 500ml,5.0,ABA_RECEITA
PratosÚnicos,Strogonoff Cremoso de carne 350g (fit),8.0,PATINHO (CARNE MOIDA),250.0,ABA_RECEITA
PratosÚnicos,Strogonoff Cremoso de carne 350g (fit),8.0,CEBOLA 258g,18.75,ABA_RECEITA
PratosÚnicos,Strogonoff Cremoso de carne 350g (fit),8.0,ALHO 65g,3.75,ABA_RECEITA
PratosÚnicos,Strogonoff Cremoso de carne 350g (fit),8.0,MOSTARDA QUERO 190g,1.875,ABA_RECEITA
PratosÚnicos,Strogonoff Cremoso de carne 350g (fit),8.0,MOLHO DE TOMATE fugini,37.5,ABA_RECEITA
PratosÚnicos,Strogonoff Cremoso de carne 350g (fit),8.0,Biomassa de Banana Verde 1Kg,18.75,ABA_RECEITA
PratosÚnicos,Strogonoff Cremoso de carne 350g (fit),8.0,CREME DE LEITE 200g,12.5,ABA_RECEITA
PratosÚnicos,Strogonoff Cremoso de carne 350g (fit),8.0,PALMITO PUPUNHA RODELA 300g,6.25,ABA_RECEITA
PratosÚnicos,Strogonoff Cremoso de carne 350g (fit),8.0,CHAMPIGNONS,5.0,ABA_RECEITA
PratosÚnicos,Strogonoff Cremoso de carne 350g (fit),8.0,SAL,1.875,ABA_RECEITA
PratosÚnicos,Strogonoff fit de frango com biomassa 350g (fit),6.0,PEITO DE FRANGO SEM OSSO E SEM PELE,216.666667,ABA_RECEITA
PratosÚnicos,Strogonoff fit de frango com biomassa 350g (fit),6.0,CEBOLA 258g,58.333333,ABA_RECEITA
PratosÚnicos,Strogonoff fit de frango com biomassa 350g (fit),6.0,ALHO 65g,5.833333,ABA_RECEITA
PratosÚnicos,Strogonoff fit de frango com biomassa 350g (fit),6.0,TOMATE CARMEM 330g,83.333333,ABA_RECEITA
PratosÚnicos,Strogonoff fit de frango com biomassa 350g (fit),6.0,Biomassa de Banana Verde 1Kg,25.0,ABA_RECEITA
PratosÚnicos,Strogonoff fit de frango com biomassa 350g (fit),6.0,SAL,2.5,ABA_RECEITA
PratosÚnicos,Strogonoff fit de frango com biomassa 350g (fit),6.0,TEMPERO A GOSTO,2.5,ABA_RECEITA
PratosÚnicos,Strogonoff fit de frango com biomassa 350g (fit),6.0,AZEITE DE OLIVA 500ml,2.5,ABA_RECEITA
PratosÚnicos,Strogonoff fit de frango com biomassa 350g (fit),6.0,CREME DE LEITE 200g,5.0,ABA_RECEITA
PratosÚnicos,Yakissoba saudavel 350g (fit)(integral),7.0,PEITO DE FRANGO SEM OSSO E SEM PELE,57.142857,ABA_RECEITA
PratosÚnicos,Yakissoba saudavel 350g (fit)(integral),7.0,COXÃO MOLE,57.142857,ABA_RECEITA
PratosÚnicos,Yakissoba saudavel 350g (fit)(integral),7.0,MACARRÃO INTEGRAL 500g GALO PARAFUSO E ESPAGUETE Nº8,71.428571,ABA_RECEITA
PratosÚnicos,Yakissoba saudavel 350g (fit)(integral),7.0,PIMENTÃO AMARELO 288G,7.142857,ABA_RECEITA
PratosÚnicos,Yakissoba saudavel 350g (fit)(integral),7.0,PIMENTÃO VERMELHO 464g,7.142857,ABA_RECEITA
PratosÚnicos,Yakissoba saudavel 350g (fit)(integral),7.0,CENOURA 200g,35.714286,ABA_RECEITA
PratosÚnicos,Yakissoba saudavel 350g (fit)(integral),7.0,BRÓCOLIS 250g,28.571429,ABA_RECEITA
PratosÚnicos,Yakissoba saudavel 350g (fit)(integral),7.0,COUVE  FLOR 250g,28.571429,ABA_RECEITA
PratosÚnicos,Yakissoba saudavel 350g (fit)(integral),7.0,CEBOLA 258g,28.571429,ABA_RECEITA
PratosÚnicos,Yakissoba saudavel 350g (fit)(integral),7.0,ALHO 65g,3.571429,ABA_RECEITA
PratosÚnicos,"Almondegas de Frango 350g (integral, lowcarb)",4.0,PEITO DE FRANGO SEM OSSO E SEM PELE,175.0,ABA_RECEITA
PratosÚnicos,"Almondegas de Frango 350g (integral, lowcarb)",4.0,FARINHA DE AVEIA,22.5,ABA_RECEITA
PratosÚnicos,"Almondegas de Frango 350g (integral, lowcarb)",4.0,OVOS,15.0,ABA_RECEITA
PratosÚnicos,"Almondegas de Frango 350g (integral, lowcarb)",4.0,CEBOLA 258g,62.5,ABA_RECEITA
PratosÚnicos,"Almondegas de Frango 350g (integral, lowcarb)",4.0,ALHO 65g,7.5,ABA_RECEITA
PratosÚnicos,"Almondegas de Frango 350g (integral, lowcarb)",4.0,SALSINHA 150g,18.75,ABA_RECEITA
PratosÚnicos,"Almondegas de Frango 350g (integral, lowcarb)",4.0,CEBOLINHA 150g,18.75,ABA_RECEITA
PratosÚnicos,"Almondegas de Frango 350g (integral, lowcarb)",4.0,TEMPERO A GOSTO,10.0,ABA_RECEITA
PratosÚnicos,"Carne de Panela 350g (lowcarb, sem glúten,)",10.0,MÚSCULO,150.0,ABA_RECEITA
PratosÚnicos,"Carne de Panela 350g (lowcarb, sem glúten,)",10.0,ALHO 65g,1.5,ABA_RECEITA
PratosÚnicos,"Carne de Panela 350g (lowcarb, sem glúten,)",10.0,CEBOLA 258g,40.0,ABA_RECEITA
PratosÚnicos,"Carne de Panela 350g (lowcarb, sem glúten,)",10.0,TOMATE CARMEM 330g,60.0,ABA_RECEITA
PratosÚnicos,"Carne de Panela 350g (lowcarb, sem glúten,)",10.0,SAL,2.0,ABA_RECEITA
PratosÚnicos,"Carne de Panela 350g (lowcarb, sem glúten,)",10.0,TEMPERO A GOSTO,4.0,ABA_RECEITA
PratosÚnicos,"Carne de Panela 350g (lowcarb, sem glúten,)",10.0,AZEITE DE OLIVA 500ml,3.0,ABA_RECEITA
PratosÚnicos,"Carne de Panela 350g (lowcarb, sem glúten,)",10.0,AGUA FILTRADA 20l,50.0,ABA_RECEITA
PratosÚnicos,Couve-flor e brócolis ao molho branco gratinado com queijo parmesão 350g,5.0,BRÓCOLIS 250g,60.0,ABA_RECEITA
PratosÚnicos,Couve-flor e brócolis ao molho branco gratinado com queijo parmesão 350g,5.0,COUVE  FLOR 250g,100.0,ABA_RECEITA
PratosÚnicos,Couve-flor e brócolis ao molho branco gratinado com queijo parmesão 350g,5.0,CEBOLA 258g,24.0,ABA_RECEITA
PratosÚnicos,Couve-flor e brócolis ao molho branco gratinado com queijo parmesão 350g,5.0,ALHO 65g,5.0,ABA_RECEITA
PratosÚnicos,Couve-flor e brócolis ao molho branco gratinado com queijo parmesão 350g,5.0,LEITE INTEGRAL 1L,100.0,ABA_RECEITA
PratosÚnicos,Couve-flor e brócolis ao molho branco gratinado com queijo parmesão 350g,5.0,QUEIJO MUSSARELA pedaço,24.0,ABA_RECEITA
PratosÚnicos,Couve-flor e brócolis ao molho branco gratinado com queijo parmesão 350g,5.0,QUEIJO PARMESÃO,6.0,ABA_RECEITA
PratosÚnicos,Couve-flor e brócolis ao molho branco gratinado com queijo parmesão 350g,5.0,SAL,3.0,ABA_RECEITA
PratosÚnicos,Couve-flor e brócolis ao molho branco gratinado com queijo parmesão 350g,5.0,TEMPERO A GOSTO,8.0,ABA_RECEITA
PratosÚnicos,"Espaguete de abobrinha 350g (sem glúten, lowcarb)",5.0,AZEITE DE OLIVA 500ml,6.0,ABA_RECEITA
PratosÚnicos,"Espaguete de abobrinha 350g (sem glúten, lowcarb)",5.0,ALHO 65g,1.6,ABA_RECEITA
PratosÚnicos,"Espaguete de abobrinha 350g (sem glúten, lowcarb)",5.0,CEBOLA 258g,26.0,ABA_RECEITA
PratosÚnicos,"Espaguete de abobrinha 350g (sem glúten, lowcarb)",5.0,CENOURA 200g,20.0,ABA_RECEITA
PratosÚnicos,"Espaguete de abobrinha 350g (sem glúten, lowcarb)",5.0,"Carne Moída Coringa 2,700Kg",60.0,ABA_RECEITA
PratosÚnicos,"Espaguete de abobrinha 350g (sem glúten, lowcarb)",5.0,TOMATE CARMEM 330g,100.0,ABA_RECEITA
PratosÚnicos,"Espaguete de abobrinha 350g (sem glúten, lowcarb)",5.0,FOLHA DE LOURO,4.0,ABA_RECEITA
PratosÚnicos,"Espaguete de abobrinha 350g (sem glúten, lowcarb)",5.0,SAL,4.0,ABA_RECEITA
PratosÚnicos,"Espaguete de abobrinha 350g (sem glúten, lowcarb)",5.0,PIMENTA PRETA,4.0,ABA_RECEITA
PratosÚnicos,"Espaguete de abobrinha 350g (sem glúten, lowcarb)",5.0,MANJERICÃO maço 50g,4.0,ABA_RECEITA
PratosÚnicos,Frango desfiado ao molho de tomates 350g,5.0,PEITO DE FRANGO SEM OSSO E SEM PELE,240.0,ABA_RECEITA
PratosÚnicos,Frango desfiado ao molho de tomates 350g,5.0,CEBOLA 258g,80.0,ABA_RECEITA
PratosÚnicos,Frango desfiado ao molho de tomates 350g,5.0,AZEITE DE OLIVA 500ml,4.0,ABA_RECEITA
PratosÚnicos,Frango desfiado ao molho de tomates 350g,5.0,ALHO 65g,10.0,ABA_RECEITA
PratosÚnicos,Frango desfiado ao molho de tomates 350g,5.0,EXTRATO DE TOMATE  ELEFANTE 300g,9.0,ABA_RECEITA
PratosÚnicos,Frango desfiado ao molho de tomates 350g,5.0,SAL,6.0,ABA_RECEITA
PratosÚnicos,Frango desfiado ao molho de tomates 350g,5.0,PIMENTA PRETA,2.0,ABA_RECEITA
PratosÚnicos,Frango desfiado ao molho de tomates 350g,5.0,OREGANO EGÍPICIO,2.0,ABA_RECEITA
PratosÚnicos,Frango desfiado ao molho de tomates 350g,5.0,TOMILHO,4.0,ABA_RECEITA
PratosÚnicos,Frango desfiado ao molho de tomates 350g,5.0,SALSINHA 150g,4.0,ABA_RECEITA
PratosÚnicos,Frango Xadrez (lowcarb)350g,5.0,PEITO DE FRANGO SEM OSSO E SEM PELE,200.0,ABA_RECEITA
PratosÚnicos,Frango Xadrez (lowcarb)350g,5.0,CEBOLA 258g,24.0,ABA_RECEITA
PratosÚnicos,Frango Xadrez (lowcarb)350g,5.0,ALHO 65g,4.0,ABA_RECEITA
PratosÚnicos,Frango Xadrez (lowcarb)350g,5.0,PIMENTÃO AMARELO 288G,20.0,ABA_RECEITA
PratosÚnicos,Frango Xadrez (lowcarb)350g,5.0,PIMENTÃO VERMELHO 464g,20.0,ABA_RECEITA
PratosÚnicos,Frango Xadrez (lowcarb)350g,5.0,MOLHO SHOYU DE CÔCO,10.0,ABA_RECEITA
PratosÚnicos,Frango Xadrez (lowcarb)350g,5.0,AMIDO DE MILHO,3.0,ABA_RECEITA
PratosÚnicos,Frango Xadrez (lowcarb)350g,5.0,SAL,3.0,ABA_RECEITA
PratosÚnicos,Frango Xadrez (lowcarb)350g,5.0,TEMPERO A GOSTO,8.0,ABA_RECEITA
PratosÚnicos,Frango Xadrez (lowcarb)350g,5.0,TOMATE CARMEM 330g,40.0,ABA_RECEITA
PratosÚnicos,"Fricassê 350g (lowcarb, sem glúten)",6.0,PEITO DE FRANGO SEM OSSO E SEM PELE,133.333333,ABA_RECEITA
PratosÚnicos,"Fricassê 350g (lowcarb, sem glúten)",6.0,CEBOLA 258g,33.333333,ABA_RECEITA
PratosÚnicos,"Fricassê 350g (lowcarb, sem glúten)",6.0,ALHO 65g,8.333333,ABA_RECEITA
PratosÚnicos,"Fricassê 350g (lowcarb, sem glúten)",6.0,TOMATE CARMEM 330g,33.333333,ABA_RECEITA
PratosÚnicos,"Fricassê 350g (lowcarb, sem glúten)",6.0,"MILHO quero 1,700kg",28.333333,ABA_RECEITA
PratosÚnicos,"Fricassê 350g (lowcarb, sem glúten)",6.0,AGUA FILTRADA 20l,28.333333,ABA_RECEITA
PratosÚnicos,"Fricassê 350g (lowcarb, sem glúten)",6.0,REQUEIJÃO LIGHT catupiry 200ml,5.0,ABA_RECEITA
PratosÚnicos,"Fricassê 350g (lowcarb, sem glúten)",6.0,CREME DE RICOTA 200g TIROLEZ,33.333333,ABA_RECEITA
PratosÚnicos,"Fricassê 350g (lowcarb, sem glúten)",6.0,SAL,2.5,ABA_RECEITA
PratosÚnicos,"Fricassê 350g (lowcarb, sem glúten)",6.0,AZEITE DE OLIVA 500ml,2.5,ABA_RECEITA
PratosÚnicos,"Kibe de Carne com Quinoa 350g (lowcarb, sem glúten)",4.0,MÚSCULO,125.0,ABA_RECEITA
PratosÚnicos,"Kibe de Carne com Quinoa 350g (lowcarb, sem glúten)",4.0,CEBOLA 258g,62.5,ABA_RECEITA
PratosÚnicos,"Kibe de Carne com Quinoa 350g (lowcarb, sem glúten)",4.0,TOMATE CARMEM 330g,37.5,ABA_RECEITA
PratosÚnicos,"Kibe de Carne com Quinoa 350g (lowcarb, sem glúten)",4.0,CENOURA 200g,12.5,ABA_RECEITA
PratosÚnicos,"Kibe de Carne com Quinoa 350g (lowcarb, sem glúten)",4.0,QUINOA EM GRÃO,37.5,ABA_RECEITA
PratosÚnicos,"Kibe de Carne com Quinoa 350g (lowcarb, sem glúten)",4.0,SAL,3.75,ABA_RECEITA
PratosÚnicos,"Kibe de Carne com Quinoa 350g (lowcarb, sem glúten)",4.0,TOMILHO,2.5,ABA_RECEITA
PratosÚnicos,"Kibe de Carne com Quinoa 350g (lowcarb, sem glúten)",4.0,AZEITE DE OLIVA 500ml,3.75,ABA_RECEITA
PratosÚnicos,"Kibe de Carne com Quinoa 350g (lowcarb, sem glúten)",4.0,PIMENTA PRETA,2.5,ABA_RECEITA
PratosÚnicos,"Lasanha de abobrinha 350g (lowcarb, sem glútem)",6.0,"Carne Moída Coringa 2,700Kg",166.666667,ABA_RECEITA
PratosÚnicos,"Lasanha de abobrinha 350g (lowcarb, sem glútem)",6.0,ABOBRINHA ITALIANA,100.0,ABA_RECEITA
PratosÚnicos,"Lasanha de abobrinha 350g (lowcarb, sem glútem)",6.0,QUEIJO MUSSARELA pedaço,25.0,ABA_RECEITA
PratosÚnicos,"Lasanha de abobrinha 350g (lowcarb, sem glútem)",6.0,QUEIJO PARMESÃO,16.666667,ABA_RECEITA
PratosÚnicos,"Lasanha de abobrinha 350g (lowcarb, sem glútem)",6.0,CREME DE RICOTA 200g TIROLEZ,26.666667,ABA_RECEITA
PratosÚnicos,"Lasanha de abobrinha 350g (lowcarb, sem glútem)",6.0,AZEITE DE OLIVA 500ml,3.333333,ABA_RECEITA
PratosÚnicos,"kibe de Frango receheado com creme de ricota, queijo, hortelã e vagem 350g",12.0,PEITO DE FRANGO SEM OSSO E SEM PELE,166.666667,ABA_RECEITA
PratosÚnicos,"kibe de Frango receheado com creme de ricota, queijo, hortelã e vagem 350g",12.0,TRIGO PARA KIBE,41.666667,ABA_RECEITA
PratosÚnicos,"kibe de Frango receheado com creme de ricota, queijo, hortelã e vagem 350g",12.0,CEBOLA 258g,37.5,ABA_RECEITA
PratosÚnicos,"kibe de Frango receheado com creme de ricota, queijo, hortelã e vagem 350g",12.0,ALHO 65g,4.166667,ABA_RECEITA
PratosÚnicos,"kibe de Frango receheado com creme de ricota, queijo, hortelã e vagem 350g",12.0,CEBOLINHA 150g,2.916667,ABA_RECEITA
PratosÚnicos,"kibe de Frango receheado com creme de ricota, queijo, hortelã e vagem 350g",12.0,SALSINHA 150g,2.916667,ABA_RECEITA
PratosÚnicos,"kibe de Frango receheado com creme de ricota, queijo, hortelã e vagem 350g",12.0,QUEIJO RICOTA,29.166667,ABA_RECEITA
PratosÚnicos,"kibe de Frango receheado com creme de ricota, queijo, hortelã e vagem 350g",12.0,AZEITE DE OLIVA 500ml,3.75,ABA_RECEITA
PratosÚnicos,"kibe de Frango receheado com creme de ricota, queijo, hortelã e vagem 350g",12.0,SAL,1.25,ABA_RECEITA
PratosÚnicos,"kibe de Frango receheado com creme de ricota, queijo, hortelã e vagem 350g",12.0,HORTELÃ  maço 50g,0.833333,ABA_RECEITA
PratosÚnicos,"Panqueca de espinafre com carne moida 350g (Low carb, sem glúten, proteica)",3.0,OVOS,80.0,ABA_RECEITA
PratosÚnicos,"Panqueca de espinafre com carne moida 350g (Low carb, sem glúten, proteica)",3.0,FARINHA DE GRAO DE BICO,20.0,ABA_RECEITA
PratosÚnicos,"Panqueca de espinafre com carne moida 350g (Low carb, sem glúten, proteica)",3.0,OLEO DE COCO copra 200ml,5.0,ABA_RECEITA
PratosÚnicos,"Panqueca de espinafre com carne moida 350g (Low carb, sem glúten, proteica)",3.0,ESPINAFRE 350g,50.0,ABA_RECEITA
PratosÚnicos,"Panqueca de espinafre com carne moida 350g (Low carb, sem glúten, proteica)",3.0,SAL,1.666667,ABA_RECEITA
PratosÚnicos,"Panqueca de espinafre com carne moida 350g (Low carb, sem glúten, proteica)",3.0,"Carne Moída Coringa 2,700Kg",50.0,ABA_RECEITA
PratosÚnicos,"Purê de abóbora 350g (Low carb, sem glúten)",8.0,ALHO 65g,1.875,ABA_RECEITA
PratosÚnicos,"Purê de abóbora 350g (Low carb, sem glúten)",8.0,CEBOLA 258g,50.0,ABA_RECEITA
PratosÚnicos,"Purê de abóbora 350g (Low carb, sem glúten)",8.0,ABÓBORA CABOTIÃ,250.0,ABA_RECEITA
PratosÚnicos,"Purê de abóbora 350g (Low carb, sem glúten)",8.0,LEITE INTEGRAL 1L,62.5,ABA_RECEITA
PratosÚnicos,"Purê de abóbora 350g (Low carb, sem glúten)",8.0,QUEIJO MUSSARELA pedaço,22.5,ABA_RECEITA
PratosÚnicos,"Pure de cenoura 350g (lowcarb, Integral e sem glúten)",4.0,CENOURA 200g,170.0,ABA_RECEITA
PratosÚnicos,"Pure de cenoura 350g (lowcarb, Integral e sem glúten)",4.0,LEITE SEM LACTOSE 1L PAULISTA,125.0,ABA_RECEITA
PratosÚnicos,"Pure de cenoura 350g (lowcarb, Integral e sem glúten)",4.0,SAL,3.75,ABA_RECEITA
PratosÚnicos,"Pure de cenoura 350g (lowcarb, Integral e sem glúten)",4.0,TEMPERO A GOSTO,10.0,ABA_RECEITA
PratosÚnicos,"Risoto de couve-flor, tomate cereja e palmito 350g",5.0,MANTEIGA AVIAÇÃO 200g,20.0,ABA_RECEITA
PratosÚnicos,"Risoto de couve-flor, tomate cereja e palmito 350g",5.0,CEBOLA 258g,50.0,ABA_RECEITA
PratosÚnicos,"Risoto de couve-flor, tomate cereja e palmito 350g",5.0,COUVE  FLOR 250g,100.0,ABA_RECEITA
PratosÚnicos,"Risoto de couve-flor, tomate cereja e palmito 350g",5.0,PALMITO PUPUNHA RODELA 300g,40.0,ABA_RECEITA
PratosÚnicos,"Risoto de couve-flor, tomate cereja e palmito 350g",5.0,ESPINAFRE 350g,70.0,ABA_RECEITA
PratosÚnicos,"Risoto de couve-flor, tomate cereja e palmito 350g",5.0,SAL,3.0,ABA_RECEITA
PratosÚnicos,"Risoto de couve-flor, tomate cereja e palmito 350g",5.0,PIMENTA PRETA,3.0,ABA_RECEITA
PratosÚnicos,"Risoto de couve-flor, tomate cereja e palmito 350g",5.0,AGUA FILTRADA 20l,100.0,ABA_RECEITA
PratosÚnicos,Salpicão de frango funcional 350g (lowcarb e sem glúten),6.0,PEITO DE FRANGO SEM OSSO E SEM PELE,83.333333,ABA_RECEITA
PratosÚnicos,Salpicão de frango funcional 350g (lowcarb e sem glúten),6.0,CEBOLA 258g,41.666667,ABA_RECEITA
PratosÚnicos,Salpicão de frango funcional 350g (lowcarb e sem glúten),6.0,CENOURA 200g,83.333333,ABA_RECEITA
PratosÚnicos,Salpicão de frango funcional 350g (lowcarb e sem glúten),6.0,SALSÃO 500g,41.666667,ABA_RECEITA
PratosÚnicos,Salpicão de frango funcional 350g (lowcarb e sem glúten),6.0,MAÇÃ VERMELHA FUJI 230g,41.666667,ABA_RECEITA
PratosÚnicos,Salpicão de frango funcional 350g (lowcarb e sem glúten),6.0,TOMATE CEREJA 280g,20.833333,ABA_RECEITA
PratosÚnicos,Salpicão de frango funcional 350g (lowcarb e sem glúten),6.0,Maionese de Bio Massa 440g,41.666667,ABA_RECEITA
PratosÚnicos,Salpicão de frango funcional 350g (lowcarb e sem glúten),6.0,NOZES QUARTILHO (QUEBRADINHA),20.833333,ABA_RECEITA
PratosÚnicos,"Strogonoff de palmito (Lowcarb, Vegana, Vegetariana,s/leite,s/lactose,s/glúten)",4.0,PALMITO PUPUNHA RODELA 300g,87.5,ABA_RECEITA
PratosÚnicos,"Strogonoff de palmito (Lowcarb, Vegana, Vegetariana,s/leite,s/lactose,s/glúten)",4.0,CENOURA 200g,25.0,ABA_RECEITA
PratosÚnicos,"Strogonoff de palmito (Lowcarb, Vegana, Vegetariana,s/leite,s/lactose,s/glúten)",4.0,CHAMPIGNONS,12.5,ABA_RECEITA
PratosÚnicos,"Strogonoff de palmito (Lowcarb, Vegana, Vegetariana,s/leite,s/lactose,s/glúten)",4.0,MOLHO DE TOMATE fugini,62.5,ABA_RECEITA
PratosÚnicos,"Strogonoff de palmito (Lowcarb, Vegana, Vegetariana,s/leite,s/lactose,s/glúten)",4.0,MOSTARDA QUERO 190g,1.25,ABA_RECEITA
PratosÚnicos,"Strogonoff de palmito (Lowcarb, Vegana, Vegetariana,s/leite,s/lactose,s/glúten)",4.0,CEBOLA 258g,21.25,ABA_RECEITA
PratosÚnicos,"Strogonoff de palmito (Lowcarb, Vegana, Vegetariana,s/leite,s/lactose,s/glúten)",4.0,AVEIA EM FLOCOS FINOS Nº 3,31.25,ABA_RECEITA
PratosÚnicos,"Strogonoff de palmito (Lowcarb, Vegana, Vegetariana,s/leite,s/lactose,s/glúten)",4.0,AGUA FILTRADA 20l,62.5,ABA_RECEITA
PratosÚnicos,"Strogonoff de palmito (Lowcarb, Vegana, Vegetariana,s/leite,s/lactose,s/glúten)",4.0,ALHO 65g,3.75,ABA_RECEITA
PratosÚnicos,"Tomates recheados com ricota 350g (lowcarb, Vegetariana e sem glúten)",4.0,AZEITE DE OLIVA 500ml,3.75,ABA_RECEITA
PratosÚnicos,"Tomates recheados com ricota 350g (lowcarb, Vegetariana e sem glúten)",4.0,SALSINHA 150g,7.5,ABA_RECEITA
PratosÚnicos,"Tomates recheados com ricota 350g (lowcarb, Vegetariana e sem glúten)",4.0,TOMATE CARMEM 330g,120.0,ABA_RECEITA
PratosÚnicos,"Tomates recheados com ricota 350g (lowcarb, Vegetariana e sem glúten)",4.0,ALHO 65g,6.25,ABA_RECEITA
PratosÚnicos,"Tomates recheados com ricota 350g (lowcarb, Vegetariana e sem glúten)",4.0,CREME DE LEITE LIGHT 290g,25.0,ABA_RECEITA
PratosÚnicos,"Tomates recheados com ricota 350g (lowcarb, Vegetariana e sem glúten)",4.0,REQUEIJÃO LIGHT catupiry 200ml,25.0,ABA_RECEITA
PratosÚnicos,"Tomates recheados com ricota 350g (lowcarb, Vegetariana e sem glúten)",4.0,QUEIJO RICOTA,75.0,ABA_RECEITA
PratosÚnicos,"Arroz à grega 350g (vegetariana, Vegana, s/lactose,s/leite e s/glúten)",3.0,ARROZ BRANCO,133.333333,ABA_RECEITA
PratosÚnicos,"Arroz à grega 350g (vegetariana, Vegana, s/lactose,s/leite e s/glúten)",3.0,"MILHO quero 1,700kg",33.333333,ABA_RECEITA
PratosÚnicos,"Arroz à grega 350g (vegetariana, Vegana, s/lactose,s/leite e s/glúten)",3.0,ERVILHA 500g YOKI,100.0,ABA_RECEITA
PratosÚnicos,"Arroz à grega 350g (vegetariana, Vegana, s/lactose,s/leite e s/glúten)",3.0,CENOURA 200g,73.333333,ABA_RECEITA
PratosÚnicos,"Arroz à grega 350g (vegetariana, Vegana, s/lactose,s/leite e s/glúten)",3.0,SAL,5.0,ABA_RECEITA
PratosÚnicos,"Arroz à grega 350g (vegetariana, Vegana, s/lactose,s/leite e s/glúten)",3.0,TEMPERO A GOSTO,13.333333,ABA_RECEITA
PratosÚnicos,"Arroz à grega 350g (vegetariana, Vegana, s/lactose,s/leite e s/glúten)",3.0,AZEITE DE OLIVA 500ml,8.333333,ABA_RECEITA
PratosÚnicos,"Arroz à grega 350g (vegetariana, Vegana, s/lactose,s/leite e s/glúten)",3.0,Castanha de cajú w3,8.333333,ABA_RECEITA
PratosÚnicos,"Arroz à grega 350g (vegetariana, Vegana, s/lactose,s/leite e s/glúten)",3.0,UVA PASSAS SEM SEMENTE (flame),8.333333,ABA_RECEITA
PratosÚnicos,"Arroz com brócolis 350g (vegetariana, Vegana, s/lactose,s/leite e s/glúten)",2.0,ALHO 65g,7.5,ABA_RECEITA
PratosÚnicos,"Arroz com brócolis 350g (vegetariana, Vegana, s/lactose,s/leite e s/glúten)",2.0,ARROZ BRANCO,175.0,ABA_RECEITA
PratosÚnicos,"Arroz com brócolis 350g (vegetariana, Vegana, s/lactose,s/leite e s/glúten)",2.0,BRÓCOLIS 250g,175.0,ABA_RECEITA
PratosÚnicos,"Arroz com brócolis 350g (vegetariana, Vegana, s/lactose,s/leite e s/glúten)",2.0,SAL,7.5,ABA_RECEITA
PratosÚnicos,"Arroz com brócolis 350g (vegetariana, Vegana, s/lactose,s/leite e s/glúten)",2.0,TEMPERO A GOSTO,20.0,ABA_RECEITA
PratosÚnicos,Feijão de caldo 350g,3.0,FEIJÃO CARIOCA,183.333333,ABA_RECEITA
PratosÚnicos,Feijão de caldo 350g,3.0,CEBOLA 258g,66.666667,ABA_RECEITA
PratosÚnicos,Feijão de caldo 350g,3.0,ALHO 65g,16.666667,ABA_RECEITA
PratosÚnicos,Feijão de caldo 350g,3.0,FOLHA DE LOURO,10.0,ABA_RECEITA
PratosÚnicos,Feijão de caldo 350g,3.0,SAL,6.666667,ABA_RECEITA
PratosÚnicos,Feijão de caldo 350g,3.0,TEMPERO A GOSTO,13.333333,ABA_RECEITA
PratosÚnicos,Feijão de caldo 350g,3.0,AZEITE DE OLIVA 500ml,5.0,ABA_RECEITA
PratosÚnicos,Grão de bico ao sugo com arroz 350g,6.0,ARROZ INTEGRAL,41.666667,ABA_RECEITA
PratosÚnicos,Grão de bico ao sugo com arroz 350g,6.0,GRÃO DE BICO (8mm),41.666667,ABA_RECEITA
PratosÚnicos,Grão de bico ao sugo com arroz 350g,6.0,AGUA FILTRADA 20l,125.0,ABA_RECEITA
PratosÚnicos,Grão de bico ao sugo com arroz 350g,6.0,TOMATE CARMEM 330g,100.0,ABA_RECEITA
PratosÚnicos,Grão de bico ao sugo com arroz 350g,6.0,CEBOLA 258g,41.666667,ABA_RECEITA
PratosÚnicos,Grão de bico ao sugo com arroz 350g,6.0,ALHO 65g,2.5,ABA_RECEITA
PratosÚnicos,Grão de bico ao sugo com arroz 350g,6.0,AZEITE DE OLIVA 500ml,3.333333,ABA_RECEITA
PratosÚnicos,Grão de bico ao sugo com arroz 350g,6.0,AÇAFRÃO DA TERRA (SEM MISTURA)=CURCUMA,1.0,ABA_RECEITA
PratosÚnicos,Grão de bico ao sugo com arroz 350g,6.0,PÁPRICA DEFUMADA,0.666667,ABA_RECEITA
PratosÚnicos,Grão de bico ao sugo com arroz 350g,6.0,TOMILHO,3.333333,ABA_RECEITA
PratosÚnicos,Rigatonni ao molho pesto com legumes assados 350g (vegana e vegetariana),5.0,MACARRAO PENE COMUM 500g,100.0,ABA_RECEITA
PratosÚnicos,Rigatonni ao molho pesto com legumes assados 350g (vegana e vegetariana),5.0,CENOURA 200g,30.0,ABA_RECEITA
PratosÚnicos,Rigatonni ao molho pesto com legumes assados 350g (vegana e vegetariana),5.0,ABOBRINHA ITALIANA,60.0,ABA_RECEITA
PratosÚnicos,Rigatonni ao molho pesto com legumes assados 350g (vegana e vegetariana),5.0,BERINJELA 381g,52.0,ABA_RECEITA
PratosÚnicos,Rigatonni ao molho pesto com legumes assados 350g (vegana e vegetariana),5.0,CEBOLA ROXA 288g,50.0,ABA_RECEITA
PratosÚnicos,Rigatonni ao molho pesto com legumes assados 350g (vegana e vegetariana),5.0,TOMATE CEREJA 280g,50.0,ABA_RECEITA
PratosÚnicos,Rigatonni ao molho pesto com legumes assados 350g (vegana e vegetariana),5.0,MANJERICÃO maço 50g,10.0,ABA_RECEITA
PratosÚnicos,Rigatonni ao molho pesto com legumes assados 350g (vegana e vegetariana),5.0,ALHO 65g,1.0,ABA_RECEITA
PratosÚnicos,Rigatonni ao molho pesto com legumes assados 350g (vegana e vegetariana),5.0,CASTANHA DO PARÁ QUEBRADA,2.0,ABA_RECEITA
PratosÚnicos,Rigatonni ao molho pesto com legumes assados 350g (vegana e vegetariana),5.0,AZEITE DE OLIVA 500ml,3.0,ABA_RECEITA
PratosÚnicos,Lasanha de Berinjela Vegetariana 350g (vegetariana e sem glúten),5.0,BERINJELA 381g,150.0,ABA_RECEITA
PratosÚnicos,Lasanha de Berinjela Vegetariana 350g (vegetariana e sem glúten),5.0,"PASTA DE TOMATE CONCENTRADA 2,005kg",100.0,ABA_RECEITA
PratosÚnicos,Lasanha de Berinjela Vegetariana 350g (vegetariana e sem glúten),5.0,QUEIJO MUSSARELA pedaço,100.0,ABA_RECEITA
PratosÚnicos,Lasanha de Berinjela Vegetariana 350g (vegetariana e sem glúten),5.0,QUEIJO PARMESÃO,10.0,ABA_RECEITA
PratosÚnicos,Lasanha de Berinjela Vegetariana 350g (vegetariana e sem glúten),5.0,SAL,3.0,ABA_RECEITA
PratosÚnicos,Lasanha de Berinjela Vegetariana 350g (vegetariana e sem glúten),5.0,PIMENTA PRETA,2.0,ABA_RECEITA
PratosÚnicos,Nhoque de batata doce ao molho de tomate 350g,6.0,BATATA ROSA DOCÊ 515g,133.333333,ABA_RECEITA
PratosÚnicos,Nhoque de batata doce ao molho de tomate 350g,6.0,SAL,5.0,ABA_RECEITA
PratosÚnicos,Nhoque de batata doce ao molho de tomate 350g,6.0,PIMENTA PRETA,3.333333,ABA_RECEITA
PratosÚnicos,Nhoque de batata doce ao molho de tomate 350g,6.0,MANTEIGA AVIAÇÃO 200g,5.0,ABA_RECEITA
PratosÚnicos,Nhoque de batata doce ao molho de tomate 350g,6.0,OVOS,10.0,ABA_RECEITA
PratosÚnicos,Nhoque de batata doce ao molho de tomate 350g,6.0,AMIDO DE MILHO,20.833333,ABA_RECEITA
PratosÚnicos,Nhoque de batata doce ao molho de tomate 350g,6.0,TOMATE CARMEM 330g,100.0,ABA_RECEITA
PratosÚnicos,Nhoque de batata doce ao molho de tomate 350g,6.0,OLEO de soja liza 900ml,5.0,ABA_RECEITA
PratosÚnicos,Nhoque de batata doce ao molho de tomate 350g,6.0,CEBOLA 258g,41.666667,ABA_RECEITA
PratosÚnicos,Pure de batata doce 350g,6.0,BATATA ROSA DOCÊ 515g,333.333333,ABA_RECEITA
PratosÚnicos,Pure de batata doce 350g,6.0,AZEITE DE OLIVA 500ml,2.5,ABA_RECEITA
PratosÚnicos,Pure de batata doce 350g,6.0,ALHO 65g,8.333333,ABA_RECEITA
PratosÚnicos,Pure de batata doce 350g,6.0,"Leite de Arroz 1,250Kg",41.666667,ABA_RECEITA
PratosÚnicos,Pure de batata doce 350g,6.0,SAL,2.5,ABA_RECEITA
PratosÚnicos,Pure misto de batata doce com cenoura 350g,5.0,BATATA ROSA DOCÊ 515g,240.0,ABA_RECEITA
PratosÚnicos,Pure misto de batata doce com cenoura 350g,5.0,CENOURA 200g,30.0,ABA_RECEITA
PratosÚnicos,Pure misto de batata doce com cenoura 350g,5.0,ALHO 65g,10.0,ABA_RECEITA
PratosÚnicos,Pure misto de batata doce com cenoura 350g,5.0,LEITE SEM LACTOSE 1L PAULISTA,60.0,ABA_RECEITA
PratosÚnicos,Pure misto de batata doce com cenoura 350g,5.0,AZEITE DE OLIVA 500ml,3.0,ABA_RECEITA
PratosÚnicos,Pure misto de batata doce com cenoura 350g,5.0,SAL,3.0,ABA_RECEITA
PratosÚnicos,Pure misto de batata doce com cenoura 350g,5.0,TEMPERO A GOSTO,8.0,ABA_RECEITA
PratosÚnicos,Omelete de Shimeji com cream cheese e tomate-cereja 350g (vegetariana),1.0,AZEITE DE OLIVA 500ml,5.0,ABA_RECEITA
PratosÚnicos,Omelete de Shimeji com cream cheese e tomate-cereja 350g (vegetariana),1.0,COGUMELOS SHIMEJI 200g in natura,40.0,ABA_RECEITA
PratosÚnicos,Omelete de Shimeji com cream cheese e tomate-cereja 350g (vegetariana),1.0,CEBOLA 258g,75.0,ABA_RECEITA
PratosÚnicos,Omelete de Shimeji com cream cheese e tomate-cereja 350g (vegetariana),1.0,OVOS,240.0,ABA_RECEITA
PratosÚnicos,Omelete de Shimeji com cream cheese e tomate-cereja 350g (vegetariana),1.0,PIMENTA PRETA,15.0,ABA_RECEITA
PratosÚnicos,Omelete de Shimeji com cream cheese e tomate-cereja 350g (vegetariana),1.0,SAL,15.0,ABA_RECEITA
PratosÚnicos,Omelete de Shimeji com cream cheese e tomate-cereja 350g (vegetariana),1.0,Cream Cheese 150g,30.0,ABA_RECEITA
PratosÚnicos,Omelete de Shimeji com cream cheese e tomate-cereja 350g (vegetariana),1.0,TOMATE CEREJA 280g,30.0,ABA_RECEITA
PratosÚnicos,Refogado de proteína de soja com cheiro verde 350g (vegana),2.0,SOJA (PROTEINA DE SOJA),125.0,ABA_RECEITA
PratosÚnicos,Refogado de proteína de soja com cheiro verde 350g (vegana),2.0,AZEITE DE OLIVA 500ml,11.5,ABA_RECEITA
PratosÚnicos,Refogado de proteína de soja com cheiro verde 350g (vegana),2.0,CEBOLA 258g,62.5,ABA_RECEITA
PratosÚnicos,Refogado de proteína de soja com cheiro verde 350g (vegana),2.0,ALHO 65g,5.0,ABA_RECEITA
PratosÚnicos,Refogado de proteína de soja com cheiro verde 350g (vegana),2.0,ALHO PORÓ,20.0,ABA_RECEITA
PratosÚnicos,Refogado de proteína de soja com cheiro verde 350g (vegana),2.0,TOMATE CARMEM 330g,62.5,ABA_RECEITA
PratosÚnicos,Refogado de proteína de soja com cheiro verde 350g (vegana),2.0,SAL,4.0,ABA_RECEITA
PratosÚnicos,Refogado de proteína de soja com cheiro verde 350g (vegana),2.0,FOLHA DE LOURO,1.5,ABA_RECEITA
PratosÚnicos,Refogado de proteína de soja com cheiro verde 350g (vegana),2.0,PIMENTA PRETA,1.5,ABA_RECEITA
PratosÚnicos,Refogado de proteína de soja com cheiro verde 350g (vegana),2.0,CHEIRO VERDE,10.0,ABA_RECEITA
PratosÚnicos,Refogado de proteína de soja ao molho 350g (vegana),2.0,SOJA (PROTEINA DE SOJA),125.0,ABA_RECEITA
PratosÚnicos,Refogado de proteína de soja ao molho 350g (vegana),2.0,AZEITE DE OLIVA 500ml,11.5,ABA_RECEITA
PratosÚnicos,Refogado de proteína de soja ao molho 350g (vegana),2.0,CEBOLA 258g,62.5,ABA_RECEITA
PratosÚnicos,Refogado de proteína de soja ao molho 350g (vegana),2.0,ALHO 65g,5.0,ABA_RECEITA
PratosÚnicos,Refogado de proteína de soja ao molho 350g (vegana),2.0,ALHO PORÓ,20.0,ABA_RECEITA
PratosÚnicos,Refogado de proteína de soja ao molho 350g (vegana),2.0,TOMATE CARMEM 330g,62.5,ABA_RECEITA
PratosÚnicos,Refogado de proteína de soja ao molho 350g (vegana),2.0,SAL,4.0,ABA_RECEITA
PratosÚnicos,Refogado de proteína de soja ao molho 350g (vegana),2.0,FOLHA DE LOURO,1.5,ABA_RECEITA
PratosÚnicos,Refogado de proteína de soja ao molho 350g (vegana),2.0,PIMENTA PRETA,1.5,ABA_RECEITA
PratosÚnicos,Refogado de proteína de soja ao molho 350g (vegana),2.0,"PASTA DE TOMATE CONCENTRADA 2,005kg",62.5,ABA_RECEITA
PratosÚnicos,Purê de abobora cabotia e batata inglesa 350g (vegana),5.0,CENOURA 200g,20.0,ABA_RECEITA
PratosÚnicos,Purê de abobora cabotia e batata inglesa 350g (vegana),5.0,ABÓBORA CABOTIÃ,240.0,ABA_RECEITA
PratosÚnicos,Purê de abobora cabotia e batata inglesa 350g (vegana),5.0,BATATA INGLESA,60.0,ABA_RECEITA
PratosÚnicos,Purê de abobora cabotia e batata inglesa 350g (vegana),5.0,ALHO 65g,1.0,ABA_RECEITA
PratosÚnicos,Purê de abobora cabotia e batata inglesa 350g (vegana),5.0,SAL,1.0,ABA_RECEITA
PratosÚnicos,Purê de abobora cabotia e batata inglesa 350g (vegana),5.0,AGUA FILTRADA 20l,59.0,ABA_RECEITA
PratosÚnicos,Purê de abobora cabotia e batata inglesa 350g (vegana),5.0,AZEITE DE OLIVA 500ml,3.0,ABA_RECEITA
PratosÚnicos,Purê de abobora cabotia e batata inglesa 350g (vegana),5.0,NOZ MOSCADA (EM GRÃO),1.0,ABA_RECEITA
PratosÚnicos,Arroz amarelinho 350g (vegana),3.0,AZEITE DE OLIVA 500ml,3.333333,ABA_RECEITA
PratosÚnicos,Arroz amarelinho 350g (vegana),3.0,ALHO 65g,3.333333,ABA_RECEITA
PratosÚnicos,Arroz amarelinho 350g (vegana),3.0,ARROZ BRANCO,166.666667,ABA_RECEITA
PratosÚnicos,Arroz amarelinho 350g (vegana),3.0,AÇAFRÃO DA TERRA (SEM MISTURA)=CURCUMA,1.333333,ABA_RECEITA
PratosÚnicos,Arroz amarelinho 350g (vegana),3.0,AGUA FILTRADA 20l,250.0,ABA_RECEITA
PratosÚnicos,Arroz amarelinho 350g (vegana),3.0,SAL,1.666667,ABA_RECEITA
PratosÚnicos,Seleta Vegana 350g (vegana),2.0,AZEITE DE OLIVA 500ml,7.5,ABA_RECEITA
PratosÚnicos,Seleta Vegana 350g (vegana),2.0,CEBOLA 258g,62.5,ABA_RECEITA
PratosÚnicos,Seleta Vegana 350g (vegana),2.0,"MILHO quero 1,700kg",85.0,ABA_RECEITA
PratosÚnicos,Seleta Vegana 350g (vegana),2.0,SAL,2.5,ABA_RECEITA
PratosÚnicos,Seleta Vegana 350g (vegana),2.0,CENOURA 200g,50.0,ABA_RECEITA
PratosÚnicos,Seleta Vegana 350g (vegana),2.0,BATATA ROSA DOCÊ 515g,60.0,ABA_RECEITA
PratosÚnicos,Seleta Vegana 350g (vegana),2.0,AGUA FILTRADA 20l,125.0,ABA_RECEITA
PratosÚnicos,Seleta Vegana 350g (vegana),2.0,SALSINHA 150g,7.5,ABA_RECEITA
PratosÚnicos,Grão de Bico Vegano 350g (vegana),1.0,AZEITE DE OLIVA 500ml,10.0,ABA_RECEITA
PratosÚnicos,Grão de Bico Vegano 350g (vegana),1.0,CEBOLA 258g,125.0,ABA_RECEITA
PratosÚnicos,Grão de Bico Vegano 350g (vegana),1.0,ALHO PORÓ,80.0,ABA_RECEITA
PratosÚnicos,Grão de Bico Vegano 350g (vegana),1.0,GENGIBRE 185g,5.0,ABA_RECEITA
PratosÚnicos,Grão de Bico Vegano 350g (vegana),1.0,ALHO 65g,15.0,ABA_RECEITA
PratosÚnicos,Grão de Bico Vegano 350g (vegana),1.0,GRÃO DE BICO (8mm),170.0,ABA_RECEITA
PratosÚnicos,Grão de Bico Vegano 350g (vegana),1.0,SAL,3.0,ABA_RECEITA
PratosÚnicos,Grão de Bico Vegano 350g (vegana),1.0,PIMENTA PRETA,5.0,ABA_RECEITA
PratosÚnicos,Grão de Bico Vegano 350g (vegana),1.0,VAGEM 206g,125.0,ABA_RECEITA
PratosÚnicos,Ervilha Ensopada 350g (vegana),2.0,AZEITE DE OLIVA 500ml,7.5,ABA_RECEITA
PratosÚnicos,Ervilha Ensopada 350g (vegana),2.0,CEBOLA 258g,125.0,ABA_RECEITA
PratosÚnicos,Ervilha Ensopada 350g (vegana),2.0,ALHO 65g,5.0,ABA_RECEITA
PratosÚnicos,Ervilha Ensopada 350g (vegana),2.0,GENGIBRE 185g,1.5,ABA_RECEITA
PratosÚnicos,Ervilha Ensopada 350g (vegana),2.0,"PASTA DE TOMATE CONCENTRADA 2,005kg",85.0,ABA_RECEITA
PratosÚnicos,Ervilha Ensopada 350g (vegana),2.0,SAL,2.5,ABA_RECEITA
PratosÚnicos,Ervilha Ensopada 350g (vegana),2.0,PIMENTA PRETA,2.5,ABA_RECEITA
PratosÚnicos,Ervilha Ensopada 350g (vegana),2.0,ERVILHA 500g YOKI,250.0,ABA_RECEITA
PratosÚnicos,Carne moída de soja muito saborosa 350g(vegetarina e Vegana),2.0,SOJA (PROTEINA DE SOJA),125.0,ABA_RECEITA
PratosÚnicos,Carne moída de soja muito saborosa 350g(vegetarina e Vegana),2.0,AZEITE DE OLIVA 500ml,15.0,ABA_RECEITA
PratosÚnicos,Carne moída de soja muito saborosa 350g(vegetarina e Vegana),2.0,CEBOLA 258g,125.0,ABA_RECEITA
PratosÚnicos,Carne moída de soja muito saborosa 350g(vegetarina e Vegana),2.0,ALHO 65g,15.0,ABA_RECEITA
PratosÚnicos,Carne moída de soja muito saborosa 350g(vegetarina e Vegana),2.0,FOLHA DE LOURO,10.0,ABA_RECEITA
PratosÚnicos,Carne moída de soja muito saborosa 350g(vegetarina e Vegana),2.0,páprica doce,7.5,ABA_RECEITA
PratosÚnicos,Carne moída de soja muito saborosa 350g(vegetarina e Vegana),2.0,VINHO BRANCO SECO 750ml,15.0,ABA_RECEITA
PratosÚnicos,Carne moída de soja muito saborosa 350g(vegetarina e Vegana),2.0,VINAGRE DE MAÇÃ 750ml,7.5,ABA_RECEITA
PratosÚnicos,Carne moída de soja muito saborosa 350g(vegetarina e Vegana),2.0,MOLHO SHOYU DE CÔCO,15.0,ABA_RECEITA
PratosÚnicos,Carne moída de soja muito saborosa 350g(vegetarina e Vegana),2.0,AÇUCAR MASCAVO,2.5,ABA_RECEITA
PratosÚnicos,Frango Vegetal Desfiado 350g (vegetariano e Vegano),2.0,FEIJAO BRANCO,125.0,ABA_RECEITA
PratosÚnicos,Frango Vegetal Desfiado 350g (vegetariano e Vegano),2.0,AGUA FILTRADA 20l,45.0,ABA_RECEITA
PratosÚnicos,Frango Vegetal Desfiado 350g (vegetariano e Vegano),2.0,AZEITE DE OLIVA 500ml,7.5,ABA_RECEITA
PratosÚnicos,Frango Vegetal Desfiado 350g (vegetariano e Vegano),2.0,SAL,2.5,ABA_RECEITA
PratosÚnicos,Frango Vegetal Desfiado 350g (vegetariano e Vegano),2.0,CEBOLA EM PÓ,7.5,ABA_RECEITA
PratosÚnicos,Frango Vegetal Desfiado 350g (vegetariano e Vegano),2.0,ALHO EM PÓ,7.5,ABA_RECEITA
PratosÚnicos,Frango Vegetal Desfiado 350g (vegetariano e Vegano),2.0,MACARRÃO SEM GLUTEM 500g PARAFUSO E PENNE,125.0,ABA_RECEITA
Equilíbrio250,"Carne Moida acompanhada de arroz, Brócolis e feijão de Caldo 250g",10.0,PATINHO (CARNE MOIDA),60.0,ABA_RECEITA
Equilíbrio250,"Carne Moida acompanhada de arroz, Brócolis e feijão de Caldo 250g",10.0,CEBOLA 258g,17.1,ABA_RECEITA
Equilíbrio250,"Carne Moida acompanhada de arroz, Brócolis e feijão de Caldo 250g",10.0,ALHO 65g,2.2,ABA_RECEITA
Equilíbrio250,"Carne Moida acompanhada de arroz, Brócolis e feijão de Caldo 250g",10.0,FEIJÃO CARIOCA,25.0,ABA_RECEITA
Equilíbrio250,"Carne Moida acompanhada de arroz, Brócolis e feijão de Caldo 250g",10.0,ARROZ BRANCO,37.5,ABA_RECEITA
Equilíbrio250,"Carne Moida acompanhada de arroz, Brócolis e feijão de Caldo 250g",10.0,BRÓCOLIS 250g,75.0,ABA_RECEITA
Equilíbrio250,"Carne Moida acompanhada de arroz, Brócolis e feijão de Caldo 250g",10.0,TEMPERO A GOSTO,1.0,ABA_RECEITA
Equilíbrio250,"Carne Moida acompanhada de arroz, Brócolis e feijão de Caldo 250g",10.0,SAL,1.0,ABA_RECEITA
Equilíbrio250,"Carne Moida acompanhada de arroz, Brócolis e feijão de Caldo 250g",10.0,AGUA FILTRADA 20l,72.0,ABA_RECEITA
Equilíbrio250,"Carne Moida acompanhada de arroz, Brócolis e feijão de Caldo 250g",10.0,AZEITE DE OLIVA 500ml,3.0,ABA_RECEITA
Equilíbrio250,Escondidinho de purê misto de batata doce e cenoura recheado com frango 250g,9.0,azeite de oliva 500ml,2.222222,ABA_RECEITA
Equilíbrio250,Escondidinho de purê misto de batata doce e cenoura recheado com frango 250g,9.0,CEBOLA 258g,20.0,ABA_RECEITA
Equilíbrio250,Escondidinho de purê misto de batata doce e cenoura recheado com frango 250g,9.0,ALHO 65g,2.222222,ABA_RECEITA
Equilíbrio250,Escondidinho de purê misto de batata doce e cenoura recheado com frango 250g,9.0,PEITO DE FRANGO SEM OSSO E SEM PELE,120.0,ABA_RECEITA
Equilíbrio250,Escondidinho de purê misto de batata doce e cenoura recheado com frango 250g,9.0,TOMATE CARMEM 330g,17.888889,ABA_RECEITA
Equilíbrio250,Escondidinho de purê misto de batata doce e cenoura recheado com frango 250g,9.0,cebolinha 150g,2.333333,ABA_RECEITA
Equilíbrio250,Escondidinho de purê misto de batata doce e cenoura recheado com frango 250g,9.0,CENOURA 200g,44.444444,ABA_RECEITA
Equilíbrio250,Escondidinho de purê misto de batata doce e cenoura recheado com frango 250g,9.0,BATATA ROSA DOCÊ 515g,44.444444,ABA_RECEITA
Equilíbrio250,Escondidinho de purê misto de batata doce e cenoura recheado com frango 250g,9.0,sal,3.222222,ABA_RECEITA
Equilíbrio250,Escondidinho de purê misto de batata doce e cenoura recheado com frango 250g,9.0,pimenta preta,3.222222,ABA_RECEITA
Equilíbrio250,Feijoada Fit acompanhada de arroz integral e couve refogada 250g,6.0,FEIJAO PRETO,40.666667,ABA_RECEITA
Equilíbrio250,Feijoada Fit acompanhada de arroz integral e couve refogada 250g,6.0,PERNIL COM OSSO TRASEIRO,51.0,ABA_RECEITA
Equilíbrio250,Feijoada Fit acompanhada de arroz integral e couve refogada 250g,6.0,LOMBO SUINO,15.0,ABA_RECEITA
Equilíbrio250,Feijoada Fit acompanhada de arroz integral e couve refogada 250g,6.0,ALHO 65g,2.333333,ABA_RECEITA
Equilíbrio250,Feijoada Fit acompanhada de arroz integral e couve refogada 250g,6.0,CEBOLA 258g,17.833333,ABA_RECEITA
Equilíbrio250,Feijoada Fit acompanhada de arroz integral e couve refogada 250g,6.0,ARROZ INTEGRAL,66.666667,ABA_RECEITA
Equilíbrio250,Feijoada Fit acompanhada de arroz integral e couve refogada 250g,6.0,salsinha 150g,4.166667,ABA_RECEITA
Equilíbrio250,Feijoada Fit acompanhada de arroz integral e couve refogada 250g,6.0,cebolinha 150g,4.166667,ABA_RECEITA
Equilíbrio250,Feijoada Fit acompanhada de arroz integral e couve refogada 250g,6.0,FOLHA DE LOURO,1.166667,ABA_RECEITA
Equilíbrio250,Feijoada Fit acompanhada de arroz integral e couve refogada 250g,6.0,sal,1.833333,ABA_RECEITA
Equilíbrio250,Frango Xadrez com Arroz branco 250g,5.0,PEITO DE FRANGO SEM OSSO E SEM PELE,125.4,ABA_RECEITA
Equilíbrio250,Frango Xadrez com Arroz branco 250g,5.0,CEBOLA 258g,17.2,ABA_RECEITA
Equilíbrio250,Frango Xadrez com Arroz branco 250g,5.0,ALHO 65g,5.0,ABA_RECEITA
Equilíbrio250,Frango Xadrez com Arroz branco 250g,5.0,PIMENTÃO VERDE 227g,40.0,ABA_RECEITA
Equilíbrio250,Frango Xadrez com Arroz branco 250g,5.0,TOMATE CARMEM 330g,40.0,ABA_RECEITA
Equilíbrio250,Frango Xadrez com Arroz branco 250g,5.0,MOLHO SHOYU DE CÔCO,7.2,ABA_RECEITA
Equilíbrio250,Frango Xadrez com Arroz branco 250g,5.0,AMIDO DE MILHO,2.2,ABA_RECEITA
Equilíbrio250,Frango Xadrez com Arroz branco 250g,5.0,ARROZ BRANCO,40.0,ABA_RECEITA
Equilíbrio250,Frango Xadrez com Arroz branco 250g,5.0,SAL,4.0,ABA_RECEITA
Equilíbrio250,Frango Xadrez com Arroz branco 250g,5.0,AZEITE DE OLIVA 500ml,4.0,ABA_RECEITA
Equilíbrio250,Galinhada Fit acompanhada de brócolis 250g,10.0,SOBRE COXA,55.0,ABA_RECEITA
Equilíbrio250,Galinhada Fit acompanhada de brócolis 250g,10.0,PEITO DE FRANGO SEM OSSO E SEM PELE,55.0,ABA_RECEITA
Equilíbrio250,Galinhada Fit acompanhada de brócolis 250g,10.0,"MILHO quero 1,700kg",24.3,ABA_RECEITA
Equilíbrio250,Galinhada Fit acompanhada de brócolis 250g,10.0,ARROZ INTEGRAL,45.0,ABA_RECEITA
Equilíbrio250,Galinhada Fit acompanhada de brócolis 250g,10.0,AZEITE DE OLIVA 500ml,1.4,ABA_RECEITA
Equilíbrio250,Galinhada Fit acompanhada de brócolis 250g,10.0,CEBOLA 258g,17.1,ABA_RECEITA
Equilíbrio250,Galinhada Fit acompanhada de brócolis 250g,10.0,ALHO 65g,1.1,ABA_RECEITA
Equilíbrio250,Galinhada Fit acompanhada de brócolis 250g,10.0,PIMENTA DEDO DE MOÇA 200G,7.1,ABA_RECEITA
Equilíbrio250,Galinhada Fit acompanhada de brócolis 250g,10.0,AÇAFRÃO DA TERRA (SEM MISTURA)=CURCUMA,2.9,ABA_RECEITA
Equilíbrio250,Galinhada Fit acompanhada de brócolis 250g,10.0,sal,1.4,ABA_RECEITA
Equilíbrio250,Macarrão Integral ao molho Parisiense com Bacon Saudável 250g,6.0,MACARRÃO INTEGRAL 500g GALO PARAFUSO E ESPAGUETE Nº8,59.5,ABA_RECEITA
Equilíbrio250,Macarrão Integral ao molho Parisiense com Bacon Saudável 250g,6.0,CEBOLA 258g,14.166667,ABA_RECEITA
Equilíbrio250,Macarrão Integral ao molho Parisiense com Bacon Saudável 250g,6.0,ALHO 65g,2.333333,ABA_RECEITA
Equilíbrio250,Macarrão Integral ao molho Parisiense com Bacon Saudável 250g,6.0,CREME DE LEITE 200g,100.0,ABA_RECEITA
Equilíbrio250,Macarrão Integral ao molho Parisiense com Bacon Saudável 250g,6.0,MANTEIGA AVIAÇÃO 200g,2.333333,ABA_RECEITA
Equilíbrio250,Macarrão Integral ao molho Parisiense com Bacon Saudável 250g,6.0,AZEITE DE OLIVA 500ml,1.833333,ABA_RECEITA
Equilíbrio250,Macarrão Integral ao molho Parisiense com Bacon Saudável 250g,6.0,ERVILHA 500g YOKI,35.666667,ABA_RECEITA
Equilíbrio250,Macarrão Integral ao molho Parisiense com Bacon Saudável 250g,6.0,sal,2.333333,ABA_RECEITA
Equilíbrio250,Macarrão Integral ao molho Parisiense com Bacon Saudável 250g,6.0,pimenta preta,2.333333,ABA_RECEITA
Equilíbrio250,Macarrão Integral ao molho Parisiense com Bacon Saudável 250g,6.0,NOZ MOSCADA (EM GRÃO),2.333333,ABA_RECEITA
Equilíbrio250,Pernil c/ mandioca acompanhado de repolho c/ gergelim preto 250g,10.0,PERNIL COM OSSO TRASEIRO,120.0,ABA_RECEITA
Equilíbrio250,Pernil c/ mandioca acompanhado de repolho c/ gergelim preto 250g,10.0,CEBOLA 258g,15.0,ABA_RECEITA
Equilíbrio250,Pernil c/ mandioca acompanhado de repolho c/ gergelim preto 250g,10.0,ALHO 65g,4.0,ABA_RECEITA
Equilíbrio250,Pernil c/ mandioca acompanhado de repolho c/ gergelim preto 250g,10.0,MANDIOCA,75.0,ABA_RECEITA
Equilíbrio250,Pernil c/ mandioca acompanhado de repolho c/ gergelim preto 250g,10.0,"REPOLHO VERDE 1,460kg",100.0,ABA_RECEITA
Equilíbrio250,Pernil c/ mandioca acompanhado de repolho c/ gergelim preto 250g,10.0,sal,1.4,ABA_RECEITA
Equilíbrio250,Pernil c/ mandioca acompanhado de repolho c/ gergelim preto 250g,10.0,tempero a gosto,2.9,ABA_RECEITA
Equilíbrio250,Pernil c/ mandioca acompanhado de repolho c/ gergelim preto 250g,10.0,azeite de oliva 500ml,1.4,ABA_RECEITA
Equilíbrio250,Pernil c/ mandioca acompanhado de repolho c/ gergelim preto 250g,10.0,salsinha 150g,2.5,ABA_RECEITA
Equilíbrio250,Pernil c/ mandioca acompanhado de repolho c/ gergelim preto 250g,10.0,cebolinha 150g,2.5,ABA_RECEITA
Equilíbrio250,"Pernil desfiado com legumes, arroz com açafrão e feijão 250g",3.0,PERNIL COM OSSO TRASEIRO,100.0,ABA_RECEITA
Equilíbrio250,"Pernil desfiado com legumes, arroz com açafrão e feijão 250g",3.0,PIMENTÃO AMARELO 288G,33.333333,ABA_RECEITA
Equilíbrio250,"Pernil desfiado com legumes, arroz com açafrão e feijão 250g",3.0,ABOBRINHA,66.666667,ABA_RECEITA
Equilíbrio250,"Pernil desfiado com legumes, arroz com açafrão e feijão 250g",3.0,CEBOLA 258g,18.0,ABA_RECEITA
Equilíbrio250,"Pernil desfiado com legumes, arroz com açafrão e feijão 250g",3.0,VAGEM 206g,33.333333,ABA_RECEITA
Equilíbrio250,"Pernil desfiado com legumes, arroz com açafrão e feijão 250g",3.0,sal,4.666667,ABA_RECEITA
Equilíbrio250,"Pernil desfiado com legumes, arroz com açafrão e feijão 250g",3.0,pimenta preta,4.666667,ABA_RECEITA
Equilíbrio250,"Pernil desfiado com legumes, arroz com açafrão e feijão 250g",3.0,ARROZ BRANCO,40.0,ABA_RECEITA
Equilíbrio250,"Pernil desfiado com legumes, arroz com açafrão e feijão 250g",3.0,AÇAFRÃO DA TERRA (SEM MISTURA)=CURCUMA,3.333333,ABA_RECEITA
Equilíbrio250,Ragu de carne acompanhado com purê de abóbora 250g,14.0,ACÉM sem osso,120.0,ABA_RECEITA
Equilíbrio250,Ragu de carne acompanhado com purê de abóbora 250g,14.0,ABÓBORA CABOTIÃ,97.5,ABA_RECEITA
Equilíbrio250,Ragu de carne acompanhado com purê de abóbora 250g,14.0,azeite de oliva 500ml,2.0,ABA_RECEITA
Equilíbrio250,Ragu de carne acompanhado com purê de abóbora 250g,14.0,TOMATE CARMEM 330g,25.5,ABA_RECEITA
Equilíbrio250,Ragu de carne acompanhado com purê de abóbora 250g,14.0,ALHO 65g,2.285714,ABA_RECEITA
Equilíbrio250,Ragu de carne acompanhado com purê de abóbora 250g,14.0,folha de louro,2.071429,ABA_RECEITA
Equilíbrio250,Ragu de carne acompanhado com purê de abóbora 250g,14.0,VINHO BRANCO SECO 750ml,10.214286,ABA_RECEITA
Equilíbrio250,Ragu de carne acompanhado com purê de abóbora 250g,14.0,molho de tomate fugini,42.857143,ABA_RECEITA
Equilíbrio250,Ragu de carne acompanhado com purê de abóbora 250g,14.0,sal,2.0,ABA_RECEITA
Equilíbrio250,Ragu de carne acompanhado com purê de abóbora 250g,14.0,tempero a gosto,4.142857,ABA_RECEITA
Equilíbrio250,"Strogonoff de carne com biomassa de banana verde,arroz à grega,brócolis 250g",10.0,ARROZ INTEGRAL,40.0,ABA_RECEITA
Equilíbrio250,"Strogonoff de carne com biomassa de banana verde,arroz à grega,brócolis 250g",10.0,"MILHO quero 1,700kg",17.5,ABA_RECEITA
Equilíbrio250,"Strogonoff de carne com biomassa de banana verde,arroz à grega,brócolis 250g",10.0,ERVILHA QUERO 170g,17.5,ABA_RECEITA
Equilíbrio250,"Strogonoff de carne com biomassa de banana verde,arroz à grega,brócolis 250g",10.0,CENOURA 200g,12.5,ABA_RECEITA
Equilíbrio250,"Strogonoff de carne com biomassa de banana verde,arroz à grega,brócolis 250g",10.0,AZEITE DE OLIVA 500ml,3.0,ABA_RECEITA
Equilíbrio250,"Strogonoff de carne com biomassa de banana verde,arroz à grega,brócolis 250g",10.0,sal,2.1,ABA_RECEITA
Equilíbrio250,"Strogonoff de carne com biomassa de banana verde,arroz à grega,brócolis 250g",10.0,BRÓCOLIS 250g,25.0,ABA_RECEITA
Equilíbrio250,"Strogonoff de carne com biomassa de banana verde,arroz à grega,brócolis 250g",10.0,CREME DE LEITE 200g,20.0,ABA_RECEITA
Equilíbrio250,"Strogonoff de carne com biomassa de banana verde,arroz à grega,brócolis 250g",10.0,SALSINHA 150g,2.5,ABA_RECEITA
Equilíbrio250,"Strogonoff de carne com biomassa de banana verde,arroz à grega,brócolis 250g",10.0,CEBOLA 258g,16.8,ABA_RECEITA
Equilíbrio250,"Strogonoff de Frango com biomassa de banana verde, arroz à grega e brócolis 250g",10.0,ARROZ INTEGRAL,40.0,ABA_RECEITA
Equilíbrio250,"Strogonoff de Frango com biomassa de banana verde, arroz à grega e brócolis 250g",10.0,"MILHO quero 1,700kg",17.5,ABA_RECEITA
Equilíbrio250,"Strogonoff de Frango com biomassa de banana verde, arroz à grega e brócolis 250g",10.0,ERVILHA QUERO 170g,17.5,ABA_RECEITA
Equilíbrio250,"Strogonoff de Frango com biomassa de banana verde, arroz à grega e brócolis 250g",10.0,CENOURA 200g,12.5,ABA_RECEITA
Equilíbrio250,"Strogonoff de Frango com biomassa de banana verde, arroz à grega e brócolis 250g",10.0,AZEITE DE OLIVA 500ml,3.0,ABA_RECEITA
Equilíbrio250,"Strogonoff de Frango com biomassa de banana verde, arroz à grega e brócolis 250g",10.0,sal,2.1,ABA_RECEITA
Equilíbrio250,"Strogonoff de Frango com biomassa de banana verde, arroz à grega e brócolis 250g",10.0,BRÓCOLIS 250g,25.0,ABA_RECEITA
Equilíbrio250,"Strogonoff de Frango com biomassa de banana verde, arroz à grega e brócolis 250g",10.0,CREME DE LEITE 200g,20.0,ABA_RECEITA
Equilíbrio250,"Strogonoff de Frango com biomassa de banana verde, arroz à grega e brócolis 250g",10.0,SALSINHA 150g,2.5,ABA_RECEITA
Equilíbrio250,"Strogonoff de Frango com biomassa de banana verde, arroz à grega e brócolis 250g",10.0,CEBOLINHA 150g,2.5,ABA_RECEITA
Equilíbrio250,Sobrecoxa assada com de creme de milho 250g,12.0,SOBRE COXA,120.0,ABA_RECEITA
Equilíbrio250,Sobrecoxa assada com de creme de milho 250g,12.0,LIMÃO TAHITI 120g,7.166667,ABA_RECEITA
Equilíbrio250,Sobrecoxa assada com de creme de milho 250g,12.0,CENOURA 200g,20.833333,ABA_RECEITA
Equilíbrio250,Sobrecoxa assada com de creme de milho 250g,12.0,CEBOLA 258g,29.75,ABA_RECEITA
Equilíbrio250,Sobrecoxa assada com de creme de milho 250g,12.0,TOMATE CEREJA 280g,29.75,ABA_RECEITA
Equilíbrio250,Sobrecoxa assada com de creme de milho 250g,12.0,"MILHO quero 1,700kg",54.166667,ABA_RECEITA
Equilíbrio250,Sobrecoxa assada com de creme de milho 250g,12.0,CREME DE LEITE SEM LACTOSE 200g,50.0,ABA_RECEITA
Equilíbrio250,Sobrecoxa assada com de creme de milho 250g,12.0,AMIDO DE MILHO,1.75,ABA_RECEITA
Equilíbrio250,Sobrecoxa assada com de creme de milho 250g,12.0,AGUA FILTRADA 20l,35.5,ABA_RECEITA
Equilíbrio250,Sobrecoxa assada com de creme de milho 250g,12.0,tempero a gosto,2.666667,ABA_RECEITA
Equilíbrio250,Strogonoff fit arroz a grega e brócolis 250g,10.0,PEITO DE FRANGO SEM OSSO E SEM PELE,120.0,ABA_RECEITA
Equilíbrio250,Strogonoff fit arroz a grega e brócolis 250g,10.0,CEBOLA 258g,18.7,ABA_RECEITA
Equilíbrio250,Strogonoff fit arroz a grega e brócolis 250g,10.0,ALHO 65g,1.4,ABA_RECEITA
Equilíbrio250,Strogonoff fit arroz a grega e brócolis 250g,10.0,TOMATE CARMEM 330g,20.0,ABA_RECEITA
Equilíbrio250,Strogonoff fit arroz a grega e brócolis 250g,10.0,Biomassa de Banana Verde 1Kg,20.0,ABA_RECEITA
Equilíbrio250,Strogonoff fit arroz a grega e brócolis 250g,10.0,ARROZ BRANCO,30.0,ABA_RECEITA
Equilíbrio250,Strogonoff fit arroz a grega e brócolis 250g,10.0,"MILHO quero 1,700kg",20.0,ABA_RECEITA
Equilíbrio250,Strogonoff fit arroz a grega e brócolis 250g,10.0,ERVILHA 500g YOKI,20.0,ABA_RECEITA
Equilíbrio250,Strogonoff fit arroz a grega e brócolis 250g,10.0,CENOURA 200g,15.0,ABA_RECEITA
Equilíbrio250,Strogonoff fit arroz a grega e brócolis 250g,10.0,BRÓCOLIS 250g,25.0,ABA_RECEITA
Equilíbrio250,"Almôndegas de frango, quinoa e creme de milho e vagem 250g",8.0,PEITO DE FRANGO SEM OSSO E SEM PELE,120.0,ABA_RECEITA
Equilíbrio250,"Almôndegas de frango, quinoa e creme de milho e vagem 250g",8.0,FARINHA DE AVEIA,12.5,ABA_RECEITA
Equilíbrio250,"Almôndegas de frango, quinoa e creme de milho e vagem 250g",8.0,OVOS,20.0,ABA_RECEITA
Equilíbrio250,"Almôndegas de frango, quinoa e creme de milho e vagem 250g",8.0,CEBOLA 258g,20.125,ABA_RECEITA
Equilíbrio250,"Almôndegas de frango, quinoa e creme de milho e vagem 250g",8.0,ALHO 65g,1.375,ABA_RECEITA
Equilíbrio250,"Almôndegas de frango, quinoa e creme de milho e vagem 250g",8.0,SALSINHA 150g,0.875,ABA_RECEITA
Equilíbrio250,"Almôndegas de frango, quinoa e creme de milho e vagem 250g",8.0,CEBOLINHA 150g,2.625,ABA_RECEITA
Equilíbrio250,"Almôndegas de frango, quinoa e creme de milho e vagem 250g",8.0,QUINOA EM GRÃO,37.5,ABA_RECEITA
Equilíbrio250,"Almôndegas de frango, quinoa e creme de milho e vagem 250g",8.0,SAL,1.375,ABA_RECEITA
Equilíbrio250,"Almôndegas de frango, quinoa e creme de milho e vagem 250g",8.0,TEMPERO A GOSTO,3.625,ABA_RECEITA
Equilíbrio250,"Almondega verde de frango, brócolis, arroz com legumes e chia 250g",1.0,ARROZ BRANCO,40.0,ABA_RECEITA
Equilíbrio250,"Almondega verde de frango, brócolis, arroz com legumes e chia 250g",1.0,PEITO DE FRANGO SEM OSSO E SEM PELE,120.0,ABA_RECEITA
Equilíbrio250,"Almondega verde de frango, brócolis, arroz com legumes e chia 250g",1.0,BRÓCOLIS 250g,40.0,ABA_RECEITA
Equilíbrio250,"Almondega verde de frango, brócolis, arroz com legumes e chia 250g",1.0,ABOBRINHA ITALIANA,20.0,ABA_RECEITA
Equilíbrio250,"Almondega verde de frango, brócolis, arroz com legumes e chia 250g",1.0,CENOURA 200g,20.0,ABA_RECEITA
Equilíbrio250,"Almondega verde de frango, brócolis, arroz com legumes e chia 250g",1.0,FARINHA DE AVEIA,7.0,ABA_RECEITA
Equilíbrio250,"Almondega verde de frango, brócolis, arroz com legumes e chia 250g",1.0,TOMATE CARMEM 330g,20.0,ABA_RECEITA
Equilíbrio250,"Almondega verde de frango, brócolis, arroz com legumes e chia 250g",1.0,CEBOLA 258g,7.0,ABA_RECEITA
Equilíbrio250,"Almondega verde de frango, brócolis, arroz com legumes e chia 250g",1.0,ALHO 65g,7.0,ABA_RECEITA
Equilíbrio250,"Almondega verde de frango, brócolis, arroz com legumes e chia 250g",1.0,OVOS,100.0,ABA_RECEITA
Equilíbrio250,"Berinjela com carne moida na cama de legumes, arroz branco e linhaça 250g",1.0,ARROZ BRANCO,40.0,ABA_RECEITA
Equilíbrio250,"Berinjela com carne moida na cama de legumes, arroz branco e linhaça 250g",1.0,PATINHO (CARNE MOIDA),120.0,ABA_RECEITA
Equilíbrio250,"Berinjela com carne moida na cama de legumes, arroz branco e linhaça 250g",1.0,BERINJELA 381g,43.0,ABA_RECEITA
Equilíbrio250,"Berinjela com carne moida na cama de legumes, arroz branco e linhaça 250g",1.0,QUEIJO MUSSARELA pedaço,11.0,ABA_RECEITA
Equilíbrio250,"Berinjela com carne moida na cama de legumes, arroz branco e linhaça 250g",1.0,AZEITE DE OLIVA 500ml,11.0,ABA_RECEITA
Equilíbrio250,"Berinjela com carne moida na cama de legumes, arroz branco e linhaça 250g",1.0,ABOBRINHA ITALIANA,15.0,ABA_RECEITA
Equilíbrio250,"Berinjela com carne moida na cama de legumes, arroz branco e linhaça 250g",1.0,ERVILHA 500g YOKI,15.0,ABA_RECEITA
Equilíbrio250,"Berinjela com carne moida na cama de legumes, arroz branco e linhaça 250g",1.0,CENOURA 200g,15.0,ABA_RECEITA
Equilíbrio250,"Berinjela com carne moida na cama de legumes, arroz branco e linhaça 250g",1.0,TOMATE CARMEM 330g,15.0,ABA_RECEITA
Equilíbrio250,"Berinjela com carne moida na cama de legumes, arroz branco e linhaça 250g",1.0,CEBOLA 258g,7.0,ABA_RECEITA
Equilíbrio250,Frango Xadrez e arroz branco 250g,1.0,PEITO DE FRANGO SEM OSSO E SEM PELE,120.0,ABA_RECEITA
Equilíbrio250,Frango Xadrez e arroz branco 250g,1.0,ARROZ BRANCO,40.0,ABA_RECEITA
Equilíbrio250,Frango Xadrez e arroz branco 250g,1.0,AZEITE DE OLIVA 500ml,30.0,ABA_RECEITA
Equilíbrio250,Frango Xadrez e arroz branco 250g,1.0,SAL,10.0,ABA_RECEITA
Equilíbrio250,Frango Xadrez e arroz branco 250g,1.0,ALHO 65g,10.0,ABA_RECEITA
Equilíbrio250,Frango Xadrez e arroz branco 250g,1.0,CEBOLA 258g,10.0,ABA_RECEITA
Equilíbrio250,Frango Xadrez e arroz branco 250g,1.0,TEMPERO A GOSTO,10.0,ABA_RECEITA
Equilíbrio250,"Filé de frango,creme de milho,arroz branco e legumes salteados 250g",1.0,PEITO DE FRANGO SEM OSSO E SEM PELE,120.0,ABA_RECEITA
Equilíbrio250,"Filé de frango,creme de milho,arroz branco e legumes salteados 250g",1.0,CREME DE LEITE 200g,50.0,ABA_RECEITA
Equilíbrio250,"Filé de frango,creme de milho,arroz branco e legumes salteados 250g",1.0,"MILHO quero 1,700kg",50.0,ABA_RECEITA
Equilíbrio250,"Filé de frango,creme de milho,arroz branco e legumes salteados 250g",1.0,ARROZ BRANCO,25.0,ABA_RECEITA
Equilíbrio250,"Filé de frango,creme de milho,arroz branco e legumes salteados 250g",1.0,CENOURA 200g,20.0,ABA_RECEITA
Equilíbrio250,"Filé de frango,creme de milho,arroz branco e legumes salteados 250g",1.0,ABOBRINHA ITALIANA,20.0,ABA_RECEITA
Equilíbrio250,"Filé de frango,creme de milho,arroz branco e legumes salteados 250g",1.0,TOMATE CARMEM 330g,20.0,ABA_RECEITA
Equilíbrio250,"Filé de frango,creme de milho,arroz branco e legumes salteados 250g",1.0,BATATA INGLESA,20.0,ABA_RECEITA
Equilíbrio250,"Filé de frango,creme de milho,arroz branco e legumes salteados 250g",1.0,BRÓCOLIS 250g,20.0,ABA_RECEITA
Equilíbrio250,"Filé de frango,creme de milho,arroz branco e legumes salteados 250g",1.0,MANTEIGA AVIAÇÃO 200g,20.0,ABA_RECEITA
Equilíbrio250,"Carne moída , arroz branco e legumes salteados 250g",1.0,PATINHO (CARNE MOIDA),120.0,ABA_RECEITA
Equilíbrio250,"Carne moída , arroz branco e legumes salteados 250g",1.0,ARROZ BRANCO,30.0,ABA_RECEITA
Equilíbrio250,"Carne moída , arroz branco e legumes salteados 250g",1.0,CENOURA 200g,20.0,ABA_RECEITA
Equilíbrio250,"Carne moída , arroz branco e legumes salteados 250g",1.0,ABOBRINHA ITALIANA,20.0,ABA_RECEITA
Equilíbrio250,"Carne moída , arroz branco e legumes salteados 250g",1.0,TOMATE CARMEM 330g,20.0,ABA_RECEITA
Equilíbrio250,"Carne moída , arroz branco e legumes salteados 250g",1.0,BATATA INGLESA,20.0,ABA_RECEITA
Equilíbrio250,"Carne moída , arroz branco e legumes salteados 250g",1.0,BRÓCOLIS 250g,20.0,ABA_RECEITA
Equilíbrio250,"Carne moída , arroz branco e legumes salteados 250g",1.0,MANTEIGA AVIAÇÃO 200g,15.0,ABA_RECEITA
Equilíbrio250,"Carne em fatias,arroz branco,legumes e purê de batata c/ mandioquinha 250g",1.0,COXÃO MOLE,120.0,ABA_RECEITA
Equilíbrio250,"Carne em fatias,arroz branco,legumes e purê de batata c/ mandioquinha 250g",1.0,ARROZ BRANCO,25.0,ABA_RECEITA
Equilíbrio250,"Carne em fatias,arroz branco,legumes e purê de batata c/ mandioquinha 250g",1.0,CENOURA 200g,20.0,ABA_RECEITA
Equilíbrio250,"Carne em fatias,arroz branco,legumes e purê de batata c/ mandioquinha 250g",1.0,ABOBRINHA ITALIANA,20.0,ABA_RECEITA
Equilíbrio250,"Carne em fatias,arroz branco,legumes e purê de batata c/ mandioquinha 250g",1.0,TOMATE CARMEM 330g,20.0,ABA_RECEITA
Equilíbrio250,"Carne em fatias,arroz branco,legumes e purê de batata c/ mandioquinha 250g",1.0,BATATA INGLESA,150.0,ABA_RECEITA
Equilíbrio250,"Carne em fatias,arroz branco,legumes e purê de batata c/ mandioquinha 250g",1.0,BRÓCOLIS 250g,20.0,ABA_RECEITA
Equilíbrio250,"Carne em fatias,arroz branco,legumes e purê de batata c/ mandioquinha 250g",1.0,MANDIOQUINHA 150g,150.0,ABA_RECEITA
Equilíbrio250,"Ragu, purê de abóbora e brócolis 250g",1.0,PALETA BOVINA,110.0,ABA_RECEITA
Equilíbrio250,"Ragu, purê de abóbora e brócolis 250g",1.0,ABOBORA CABOTIÁ ORGANICA,150.0,ABA_RECEITA
Equilíbrio250,"Ragu, purê de abóbora e brócolis 250g",1.0,BRÓCOLIS 250g,90.0,ABA_RECEITA
Equilíbrio250,Macarrão. Almondêgas de carne ao molho sugo 250g,1.0,MACARRAO PENE COMUM 500g,150.0,ABA_RECEITA
Equilíbrio250,Macarrão. Almondêgas de carne ao molho sugo 250g,1.0,PATINHO (CARNE MOIDA),120.0,ABA_RECEITA
Equilíbrio250,Macarrão. Almondêgas de carne ao molho sugo 250g,1.0,MOLHO DE TOMATE fugini,150.0,ABA_RECEITA
Equilíbrio250,Macarrão integral com molho branco e bacom saudável 250g,1.0,MACARRÃO INTEGRAL 500g GALO PARAFUSO E ESPAGUETE Nº8,200.0,ABA_RECEITA
Equilíbrio250,Macarrão integral com molho branco e bacom saudável 250g,1.0,CREME DE LEITE 200g,100.0,ABA_RECEITA
Equilíbrio250,Macarrão integral com molho branco e bacom saudável 250g,1.0,Bacon Saudavel 1Kg,200.0,ABA_RECEITA
Equilíbrio250,"Almondêgas verde de frango,arroz integral,purê de mandioquinha e brócolis 250g",1.0,PEITO DE FRANGO SEM OSSO E SEM PELE,110.0,ABA_RECEITA
Equilíbrio250,"Almondêgas verde de frango,arroz integral,purê de mandioquinha e brócolis 250g",1.0,ARROZ INTEGRAL,35.0,ABA_RECEITA
Equilíbrio250,"Almondêgas verde de frango,arroz integral,purê de mandioquinha e brócolis 250g",1.0,MANDIOQUINHA 150g,150.0,ABA_RECEITA
Equilíbrio250,"Almondêgas verde de frango,arroz integral,purê de mandioquinha e brócolis 250g",1.0,BRÓCOLIS 250g,100.0,ABA_RECEITA
Equilíbrio250,"Almondêgas verde de frango,arroz integral,purê de mandioquinha e brócolis 250g",1.0,"Carne Moida acompanhada de arroz, Brócolis e feijão de Caldo 250g",19.0,ABA_RECEITA
Equilíbrio250,"Almondêgas verde de frango,arroz integral,purê de mandioquinha e brócolis 250g",1.0,Escondidinho de purê misto de batata doce e cenoura recheado com frango 250g,33.0,ABA_RECEITA
Equilíbrio250,"Almondêgas verde de frango,arroz integral,purê de mandioquinha e brócolis 250g",1.0,Feijoada Fit acompanhada de arroz integral e couve refogada 250g,47.0,ABA_RECEITA
Equilíbrio250,"Almondêgas verde de frango,arroz integral,purê de mandioquinha e brócolis 250g",1.0,Frango Xadrez com Arroz branco 250g,61.0,ABA_RECEITA
Equilíbrio250,"Almondêgas verde de frango,arroz integral,purê de mandioquinha e brócolis 250g",1.0,Galinhada Fit acompanhada de brócolis 250g,75.0,ABA_RECEITA
Equilíbrio250,"Almondêgas verde de frango,arroz integral,purê de mandioquinha e brócolis 250g",1.0,Macarrão Integral ao molho Parisiense com Bacon Saudável 250g,89.0,ABA_RECEITA
Equilíbrio250,"Almondêgas verde de frango,arroz integral,purê de mandioquinha e brócolis 250g",1.0,Pernil c/ mandioca acompanhado de repolho c/ gergelim preto 250g,103.0,ABA_RECEITA
Equilíbrio250,"Almondêgas verde de frango,arroz integral,purê de mandioquinha e brócolis 250g",1.0,"Pernil desfiado com legumes, arroz com açafrão e feijão 250g",117.0,ABA_RECEITA
Equilíbrio250,"Almondêgas verde de frango,arroz integral,purê de mandioquinha e brócolis 250g",1.0,Ragu de carne acompanhado com purê de abóbora 250g,131.0,ABA_RECEITA
Equilíbrio250,"Almondêgas verde de frango,arroz integral,purê de mandioquinha e brócolis 250g",1.0,"Strogonoff de carne com biomassa de banana verde,arroz à grega,brócolis 250g",145.0,ABA_RECEITA
Equilíbrio250,"Almondêgas verde de frango,arroz integral,purê de mandioquinha e brócolis 250g",1.0,"Strogonoff de Frango com biomassa de banana verde, arroz à grega e brócolis 250g",159.0,ABA_RECEITA
Equilíbrio250,"Almondêgas verde de frango,arroz integral,purê de mandioquinha e brócolis 250g",1.0,Sobrecoxa assada com de creme de milho 250g,173.0,ABA_RECEITA
Equilíbrio250,"Almondêgas verde de frango,arroz integral,purê de mandioquinha e brócolis 250g",1.0,Strogonoff fit arroz a grega e brócolis 250g,187.0,ABA_RECEITA
Equilíbrio250,"Almondêgas verde de frango,arroz integral,purê de mandioquinha e brócolis 250g",1.0,"Almôndegas de frango, quinoa e creme de milho e vagem 250g",201.0,ABA_RECEITA
Equilíbrio250,"Almondêgas verde de frango,arroz integral,purê de mandioquinha e brócolis 250g",1.0,"Almondega verde de frango, brócolis, arroz com legumes e chia 250g",215.0,ABA_RECEITA
Equilíbrio250,"Almondêgas verde de frango,arroz integral,purê de mandioquinha e brócolis 250g",1.0,"Berinjela com carne moida na cama de legumes, arroz branco e linhaça 250g",229.0,ABA_RECEITA
Equilíbrio250,"Almondêgas verde de frango,arroz integral,purê de mandioquinha e brócolis 250g",1.0,Frango Xadrez e arroz branco 250g,243.0,ABA_RECEITA
Equilíbrio250,"Almondêgas verde de frango,arroz integral,purê de mandioquinha e brócolis 250g",1.0,"Filé de frango,creme de milho,arroz branco e legumes salteados 250g",257.0,ABA_RECEITA
Equilíbrio250,"Almondêgas verde de frango,arroz integral,purê de mandioquinha e brócolis 250g",1.0,"Carne moída , arroz branco e legumes salteados 250g",271.0,ABA_RECEITA
Equilíbrio250,"Almondêgas verde de frango,arroz integral,purê de mandioquinha e brócolis 250g",1.0,"Carne em fatias,arroz branco,legumes e purê de batata c/ mandioquinha 250g",285.0,ABA_RECEITA
Equilíbrio250,"Almondêgas verde de frango,arroz integral,purê de mandioquinha e brócolis 250g",1.0,"Ragu, purê de abóbora e brócolis 250g",299.0,ABA_RECEITA
Equilíbrio250,"Almondêgas verde de frango,arroz integral,purê de mandioquinha e brócolis 250g",1.0,Macarrão. Almondêgas de carne ao molho sugo 250g,313.0,ABA_RECEITA
Equilíbrio250,"Almondêgas verde de frango,arroz integral,purê de mandioquinha e brócolis 250g",1.0,Macarrão integral com molho branco e bacom saudável 250g,327.0,ABA_RECEITA
Equilíbrio250,"Almondêgas verde de frango,arroz integral,purê de mandioquinha e brócolis 250g",1.0,"Almondêgas verde de frango,arroz integral,purê de mandioquinha e brócolis 250g",341.0,ABA_RECEITA
Equilíbrio350,"Carne Moida acompanhada de arroz, Brócolis e feijão de Caldo 350g",10.0,PATINHO (CARNE MOIDA),84.0,ABA_RECEITA
Equilíbrio350,"Carne Moida acompanhada de arroz, Brócolis e feijão de Caldo 350g",10.0,CEBOLA 258g,23.94,ABA_RECEITA
Equilíbrio350,"Carne Moida acompanhada de arroz, Brócolis e feijão de Caldo 350g",10.0,ALHO 65g,3.08,ABA_RECEITA
Equilíbrio350,"Carne Moida acompanhada de arroz, Brócolis e feijão de Caldo 350g",10.0,FEIJÃO CARIOCA,35.0,ABA_RECEITA
Equilíbrio350,"Carne Moida acompanhada de arroz, Brócolis e feijão de Caldo 350g",10.0,ARROZ BRANCO,52.5,ABA_RECEITA
Equilíbrio350,"Carne Moida acompanhada de arroz, Brócolis e feijão de Caldo 350g",10.0,BRÓCOLIS 250g,105.0,ABA_RECEITA
Equilíbrio350,"Carne Moida acompanhada de arroz, Brócolis e feijão de Caldo 350g",10.0,TEMPERO A GOSTO,1.4,ABA_RECEITA
Equilíbrio350,"Carne Moida acompanhada de arroz, Brócolis e feijão de Caldo 350g",10.0,SAL,1.4,ABA_RECEITA
Equilíbrio350,"Carne Moida acompanhada de arroz, Brócolis e feijão de Caldo 350g",10.0,AGUA FILTRADA 20l,100.8,ABA_RECEITA
Equilíbrio350,"Carne Moida acompanhada de arroz, Brócolis e feijão de Caldo 350g",10.0,AZEITE DE OLIVA 500ml,4.2,ABA_RECEITA
Equilíbrio350,Escondidinho de purê misto de batata doce e cenoura recheado com frango 350g,9.0,azeite de oliva 500ml,3.111111,ABA_RECEITA
Equilíbrio350,Escondidinho de purê misto de batata doce e cenoura recheado com frango 350g,9.0,CEBOLA 258g,28.0,ABA_RECEITA
Equilíbrio350,Escondidinho de purê misto de batata doce e cenoura recheado com frango 350g,9.0,ALHO 65g,3.111111,ABA_RECEITA
Equilíbrio350,Escondidinho de purê misto de batata doce e cenoura recheado com frango 350g,9.0,PEITO DE FRANGO SEM OSSO E SEM PELE,168.0,ABA_RECEITA
Equilíbrio350,Escondidinho de purê misto de batata doce e cenoura recheado com frango 350g,9.0,TOMATE CARMEM 330g,25.044444,ABA_RECEITA
Equilíbrio350,Escondidinho de purê misto de batata doce e cenoura recheado com frango 350g,9.0,cebolinha 150g,3.266667,ABA_RECEITA
Equilíbrio350,Escondidinho de purê misto de batata doce e cenoura recheado com frango 350g,9.0,CENOURA 200g,62.222222,ABA_RECEITA
Equilíbrio350,Escondidinho de purê misto de batata doce e cenoura recheado com frango 350g,9.0,BATATA ROSA DOCÊ 515g,62.222222,ABA_RECEITA
Equilíbrio350,Escondidinho de purê misto de batata doce e cenoura recheado com frango 350g,9.0,sal,4.511111,ABA_RECEITA
Equilíbrio350,Escondidinho de purê misto de batata doce e cenoura recheado com frango 350g,9.0,pimenta preta,4.511111,ABA_RECEITA
Equilíbrio350,Feijoada Fit acompanhada de arroz integral e couve refogada 350g,6.0,FEIJAO PRETO,56.933333,ABA_RECEITA
Equilíbrio350,Feijoada Fit acompanhada de arroz integral e couve refogada 350g,6.0,PERNIL COM OSSO TRASEIRO,71.4,ABA_RECEITA
Equilíbrio350,Feijoada Fit acompanhada de arroz integral e couve refogada 350g,6.0,LOMBO SUINO,21.0,ABA_RECEITA
Equilíbrio350,Feijoada Fit acompanhada de arroz integral e couve refogada 350g,6.0,ALHO 65g,3.266667,ABA_RECEITA
Equilíbrio350,Feijoada Fit acompanhada de arroz integral e couve refogada 350g,6.0,CEBOLA 258g,24.966667,ABA_RECEITA
Equilíbrio350,Feijoada Fit acompanhada de arroz integral e couve refogada 350g,6.0,ARROZ INTEGRAL,93.333333,ABA_RECEITA
Equilíbrio350,Feijoada Fit acompanhada de arroz integral e couve refogada 350g,6.0,salsinha 150g,5.833333,ABA_RECEITA
Equilíbrio350,Feijoada Fit acompanhada de arroz integral e couve refogada 350g,6.0,cebolinha 150g,5.833333,ABA_RECEITA
Equilíbrio350,Feijoada Fit acompanhada de arroz integral e couve refogada 350g,6.0,FOLHA DE LOURO,1.633333,ABA_RECEITA
Equilíbrio350,Feijoada Fit acompanhada de arroz integral e couve refogada 350g,6.0,sal,2.566667,ABA_RECEITA
Equilíbrio350,Frango Xadrez com Arroz branco 350g,5.0,PEITO DE FRANGO SEM OSSO E SEM PELE,175.56,ABA_RECEITA
Equilíbrio350,Frango Xadrez com Arroz branco 350g,5.0,CEBOLA 258g,24.08,ABA_RECEITA
Equilíbrio350,Frango Xadrez com Arroz branco 350g,5.0,ALHO 65g,7.0,ABA_RECEITA
Equilíbrio350,Frango Xadrez com Arroz branco 350g,5.0,PIMENTÃO VERDE 227g,56.0,ABA_RECEITA
Equilíbrio350,Frango Xadrez com Arroz branco 350g,5.0,TOMATE CARMEM 330g,56.0,ABA_RECEITA
Equilíbrio350,Frango Xadrez com Arroz branco 350g,5.0,MOLHO SHOYU DE CÔCO,10.08,ABA_RECEITA
Equilíbrio350,Frango Xadrez com Arroz branco 350g,5.0,AMIDO DE MILHO,3.08,ABA_RECEITA
Equilíbrio350,Frango Xadrez com Arroz branco 350g,5.0,ARROZ BRANCO,56.0,ABA_RECEITA
Equilíbrio350,Frango Xadrez com Arroz branco 350g,5.0,SAL,5.6,ABA_RECEITA
Equilíbrio350,Frango Xadrez com Arroz branco 350g,5.0,AZEITE DE OLIVA 500ml,5.6,ABA_RECEITA
Equilíbrio350,Galinhada Fit acompanhada de brócolis 350g,10.0,SOBRE COXA,77.0,ABA_RECEITA
Equilíbrio350,Galinhada Fit acompanhada de brócolis 350g,10.0,PEITO DE FRANGO SEM OSSO E SEM PELE,77.0,ABA_RECEITA
Equilíbrio350,Galinhada Fit acompanhada de brócolis 350g,10.0,"MILHO quero 1,700kg",34.02,ABA_RECEITA
Equilíbrio350,Galinhada Fit acompanhada de brócolis 350g,10.0,ARROZ INTEGRAL,63.0,ABA_RECEITA
Equilíbrio350,Galinhada Fit acompanhada de brócolis 350g,10.0,AZEITE DE OLIVA 500ml,1.96,ABA_RECEITA
Equilíbrio350,Galinhada Fit acompanhada de brócolis 350g,10.0,CEBOLA 258g,23.94,ABA_RECEITA
Equilíbrio350,Galinhada Fit acompanhada de brócolis 350g,10.0,ALHO 65g,1.54,ABA_RECEITA
Equilíbrio350,Galinhada Fit acompanhada de brócolis 350g,10.0,PIMENTA DEDO DE MOÇA 200G,9.94,ABA_RECEITA
Equilíbrio350,Galinhada Fit acompanhada de brócolis 350g,10.0,AÇAFRÃO DA TERRA (SEM MISTURA)=CURCUMA,4.06,ABA_RECEITA
Equilíbrio350,Galinhada Fit acompanhada de brócolis 350g,10.0,sal,1.96,ABA_RECEITA
Equilíbrio350,Macarrão Integral ao molho Parisiense com Bacon Saudável 350g,6.0,MACARRÃO INTEGRAL 500g GALO PARAFUSO E ESPAGUETE Nº8,83.3,ABA_RECEITA
Equilíbrio350,Macarrão Integral ao molho Parisiense com Bacon Saudável 350g,6.0,CEBOLA 258g,19.833333,ABA_RECEITA
Equilíbrio350,Macarrão Integral ao molho Parisiense com Bacon Saudável 350g,6.0,ALHO 65g,3.266667,ABA_RECEITA
Equilíbrio350,Macarrão Integral ao molho Parisiense com Bacon Saudável 350g,6.0,CREME DE LEITE 200g,140.0,ABA_RECEITA
Equilíbrio350,Macarrão Integral ao molho Parisiense com Bacon Saudável 350g,6.0,MANTEIGA AVIAÇÃO 200g,3.266667,ABA_RECEITA
Equilíbrio350,Macarrão Integral ao molho Parisiense com Bacon Saudável 350g,6.0,AZEITE DE OLIVA 500ml,2.566667,ABA_RECEITA
Equilíbrio350,Macarrão Integral ao molho Parisiense com Bacon Saudável 350g,6.0,ERVILHA 500g YOKI,49.933333,ABA_RECEITA
Equilíbrio350,Macarrão Integral ao molho Parisiense com Bacon Saudável 350g,6.0,sal,3.266667,ABA_RECEITA
Equilíbrio350,Macarrão Integral ao molho Parisiense com Bacon Saudável 350g,6.0,pimenta preta,3.266667,ABA_RECEITA
Equilíbrio350,Macarrão Integral ao molho Parisiense com Bacon Saudável 350g,6.0,NOZ MOSCADA (EM GRÃO),3.266667,ABA_RECEITA
Equilíbrio350,Pernil c/ mandioca acompanhado de repolho c/ gergelim preto 350g,10.0,PERNIL COM OSSO TRASEIRO,168.0,ABA_RECEITA
Equilíbrio350,Pernil c/ mandioca acompanhado de repolho c/ gergelim preto 350g,10.0,CEBOLA 258g,21.0,ABA_RECEITA
Equilíbrio350,Pernil c/ mandioca acompanhado de repolho c/ gergelim preto 350g,10.0,ALHO 65g,5.6,ABA_RECEITA
Equilíbrio350,Pernil c/ mandioca acompanhado de repolho c/ gergelim preto 350g,10.0,MANDIOCA,105.0,ABA_RECEITA
Equilíbrio350,Pernil c/ mandioca acompanhado de repolho c/ gergelim preto 350g,10.0,"REPOLHO VERDE 1,460kg",140.0,ABA_RECEITA
Equilíbrio350,Pernil c/ mandioca acompanhado de repolho c/ gergelim preto 350g,10.0,sal,1.96,ABA_RECEITA
Equilíbrio350,Pernil c/ mandioca acompanhado de repolho c/ gergelim preto 350g,10.0,tempero a gosto,4.06,ABA_RECEITA
Equilíbrio350,Pernil c/ mandioca acompanhado de repolho c/ gergelim preto 350g,10.0,azeite de oliva 500ml,1.96,ABA_RECEITA
Equilíbrio350,Pernil c/ mandioca acompanhado de repolho c/ gergelim preto 350g,10.0,salsinha 150g,3.5,ABA_RECEITA
Equilíbrio350,Pernil c/ mandioca acompanhado de repolho c/ gergelim preto 350g,10.0,cebolinha 150g,3.5,ABA_RECEITA
Equilíbrio350,"Pernil desfiado com legumes, arroz com açafrão e feijão 350g",3.0,PERNIL COM OSSO TRASEIRO,140.0,ABA_RECEITA
Equilíbrio350,"Pernil desfiado com legumes, arroz com açafrão e feijão 350g",3.0,PIMENTÃO AMARELO 288G,46.666667,ABA_RECEITA
Equilíbrio350,"Pernil desfiado com legumes, arroz com açafrão e feijão 350g",3.0,ABOBRINHA,93.333333,ABA_RECEITA
Equilíbrio350,"Pernil desfiado com legumes, arroz com açafrão e feijão 350g",3.0,CEBOLA 258g,25.2,ABA_RECEITA
Equilíbrio350,"Pernil desfiado com legumes, arroz com açafrão e feijão 350g",3.0,VAGEM 206g,46.666667,ABA_RECEITA
Equilíbrio350,"Pernil desfiado com legumes, arroz com açafrão e feijão 350g",3.0,sal,6.533333,ABA_RECEITA
Equilíbrio350,"Pernil desfiado com legumes, arroz com açafrão e feijão 350g",3.0,pimenta preta,6.533333,ABA_RECEITA
Equilíbrio350,"Pernil desfiado com legumes, arroz com açafrão e feijão 350g",3.0,ARROZ BRANCO,56.0,ABA_RECEITA
Equilíbrio350,"Pernil desfiado com legumes, arroz com açafrão e feijão 350g",3.0,AÇAFRÃO DA TERRA (SEM MISTURA)=CURCUMA,4.666667,ABA_RECEITA
Equilíbrio350,Ragu de carne acompanhado com purê de abóbora 350g,12.0,ACÉM sem osso,196.0,ABA_RECEITA
Equilíbrio350,Ragu de carne acompanhado com purê de abóbora 350g,12.0,ABÓBORA CABOTIÃ,159.25,ABA_RECEITA
Equilíbrio350,Ragu de carne acompanhado com purê de abóbora 350g,12.0,azeite de oliva 500ml,3.266667,ABA_RECEITA
Equilíbrio350,Ragu de carne acompanhado com purê de abóbora 350g,12.0,TOMATE CARMEM 330g,41.65,ABA_RECEITA
Equilíbrio350,Ragu de carne acompanhado com purê de abóbora 350g,12.0,ALHO 65g,3.733333,ABA_RECEITA
Equilíbrio350,Ragu de carne acompanhado com purê de abóbora 350g,12.0,folha de louro,3.383333,ABA_RECEITA
Equilíbrio350,Ragu de carne acompanhado com purê de abóbora 350g,12.0,VINHO BRANCO SECO 750ml,16.683333,ABA_RECEITA
Equilíbrio350,Ragu de carne acompanhado com purê de abóbora 350g,12.0,molho de tomate fugini,70.0,ABA_RECEITA
Equilíbrio350,Ragu de carne acompanhado com purê de abóbora 350g,12.0,sal,3.266667,ABA_RECEITA
Equilíbrio350,Ragu de carne acompanhado com purê de abóbora 350g,12.0,tempero a gosto,6.766667,ABA_RECEITA
Equilíbrio350,"Strogonoff de carne com biomassa de banana verde,arroz à grega e brócolis 350g",10.0,ARROZ INTEGRAL,56.0,ABA_RECEITA
Equilíbrio350,"Strogonoff de carne com biomassa de banana verde,arroz à grega e brócolis 350g",10.0,"MILHO quero 1,700kg",24.5,ABA_RECEITA
Equilíbrio350,"Strogonoff de carne com biomassa de banana verde,arroz à grega e brócolis 350g",10.0,ERVILHA QUERO 170g,24.5,ABA_RECEITA
Equilíbrio350,"Strogonoff de carne com biomassa de banana verde,arroz à grega e brócolis 350g",10.0,CENOURA 200g,17.5,ABA_RECEITA
Equilíbrio350,"Strogonoff de carne com biomassa de banana verde,arroz à grega e brócolis 350g",10.0,AZEITE DE OLIVA 500ml,4.2,ABA_RECEITA
Equilíbrio350,"Strogonoff de carne com biomassa de banana verde,arroz à grega e brócolis 350g",10.0,sal,2.94,ABA_RECEITA
Equilíbrio350,"Strogonoff de carne com biomassa de banana verde,arroz à grega e brócolis 350g",10.0,BRÓCOLIS 250g,35.0,ABA_RECEITA
Equilíbrio350,"Strogonoff de carne com biomassa de banana verde,arroz à grega e brócolis 350g",10.0,CREME DE LEITE 200g,28.0,ABA_RECEITA
Equilíbrio350,"Strogonoff de carne com biomassa de banana verde,arroz à grega e brócolis 350g",10.0,SALSINHA 150g,3.5,ABA_RECEITA
Equilíbrio350,"Strogonoff de carne com biomassa de banana verde,arroz à grega e brócolis 350g",10.0,CEBOLA 258g,23.52,ABA_RECEITA
Equilíbrio350,"Strogonoff de Frango com biomassa de banana verde, arroz à grega,brócolis 350g",10.0,ARROZ INTEGRAL,56.0,ABA_RECEITA
Equilíbrio350,"Strogonoff de Frango com biomassa de banana verde, arroz à grega,brócolis 350g",10.0,"MILHO quero 1,700kg",24.5,ABA_RECEITA
Equilíbrio350,"Strogonoff de Frango com biomassa de banana verde, arroz à grega,brócolis 350g",10.0,ERVILHA QUERO 170g,24.5,ABA_RECEITA
Equilíbrio350,"Strogonoff de Frango com biomassa de banana verde, arroz à grega,brócolis 350g",10.0,CENOURA 200g,17.5,ABA_RECEITA
Equilíbrio350,"Strogonoff de Frango com biomassa de banana verde, arroz à grega,brócolis 350g",10.0,AZEITE DE OLIVA 500ml,4.2,ABA_RECEITA
Equilíbrio350,"Strogonoff de Frango com biomassa de banana verde, arroz à grega,brócolis 350g",10.0,sal,2.94,ABA_RECEITA
Equilíbrio350,"Strogonoff de Frango com biomassa de banana verde, arroz à grega,brócolis 350g",10.0,BRÓCOLIS 250g,35.0,ABA_RECEITA
Equilíbrio350,"Strogonoff de Frango com biomassa de banana verde, arroz à grega,brócolis 350g",10.0,CREME DE LEITE 200g,28.0,ABA_RECEITA
Equilíbrio350,"Strogonoff de Frango com biomassa de banana verde, arroz à grega,brócolis 350g",10.0,SALSINHA 150g,3.5,ABA_RECEITA
Equilíbrio350,"Strogonoff de Frango com biomassa de banana verde, arroz à grega,brócolis 350g",10.0,CEBOLINHA 150g,3.5,ABA_RECEITA
Equilíbrio350,Sobrecoxa assada com de creme de milho 350g,11.0,SOBRE COXA,183.272727,ABA_RECEITA
Equilíbrio350,Sobrecoxa assada com de creme de milho 350g,11.0,LIMÃO TAHITI 120g,10.945455,ABA_RECEITA
Equilíbrio350,Sobrecoxa assada com de creme de milho 350g,11.0,CENOURA 200g,31.818182,ABA_RECEITA
Equilíbrio350,Sobrecoxa assada com de creme de milho 350g,11.0,CEBOLA 258g,45.436364,ABA_RECEITA
Equilíbrio350,Sobrecoxa assada com de creme de milho 350g,11.0,TOMATE CEREJA 280g,45.436364,ABA_RECEITA
Equilíbrio350,Sobrecoxa assada com de creme de milho 350g,11.0,"MILHO quero 1,700kg",82.727273,ABA_RECEITA
Equilíbrio350,Sobrecoxa assada com de creme de milho 350g,11.0,CREME DE LEITE SEM LACTOSE 200g,76.363636,ABA_RECEITA
Equilíbrio350,Sobrecoxa assada com de creme de milho 350g,11.0,AMIDO DE MILHO,2.672727,ABA_RECEITA
Equilíbrio350,Sobrecoxa assada com de creme de milho 350g,11.0,AGUA FILTRADA 20l,54.218182,ABA_RECEITA
Equilíbrio350,Sobrecoxa assada com de creme de milho 350g,11.0,tempero a gosto,4.072727,ABA_RECEITA
Equilíbrio350,Strogonoff fit arroz a grega e brócolis 350g,10.0,PEITO DE FRANGO SEM OSSO E SEM PELE,168.0,ABA_RECEITA
Equilíbrio350,Strogonoff fit arroz a grega e brócolis 350g,10.0,CEBOLA 258g,26.18,ABA_RECEITA
Equilíbrio350,Strogonoff fit arroz a grega e brócolis 350g,10.0,ALHO 65g,1.96,ABA_RECEITA
Equilíbrio350,Strogonoff fit arroz a grega e brócolis 350g,10.0,TOMATE CARMEM 330g,28.0,ABA_RECEITA
Equilíbrio350,Strogonoff fit arroz a grega e brócolis 350g,10.0,Biomassa de Banana Verde 1Kg,28.0,ABA_RECEITA
Equilíbrio350,Strogonoff fit arroz a grega e brócolis 350g,10.0,ARROZ BRANCO,42.0,ABA_RECEITA
Equilíbrio350,Strogonoff fit arroz a grega e brócolis 350g,10.0,"MILHO quero 1,700kg",28.0,ABA_RECEITA
Equilíbrio350,Strogonoff fit arroz a grega e brócolis 350g,10.0,ERVILHA 500g YOKI,28.0,ABA_RECEITA
Equilíbrio350,Strogonoff fit arroz a grega e brócolis 350g,10.0,CENOURA 200g,21.0,ABA_RECEITA
Equilíbrio350,Strogonoff fit arroz a grega e brócolis 350g,10.0,BRÓCOLIS 250g,35.0,ABA_RECEITA
Equilíbrio350,"Almôndegas de frango, quinoa e creme de milho e vagem 350g",8.0,PEITO DE FRANGO SEM OSSO E SEM PELE,168.0,ABA_RECEITA
Equilíbrio350,"Almôndegas de frango, quinoa e creme de milho e vagem 350g",8.0,FARINHA DE AVEIA,17.5,ABA_RECEITA
Equilíbrio350,"Almôndegas de frango, quinoa e creme de milho e vagem 350g",8.0,OVOS,28.0,ABA_RECEITA
Equilíbrio350,"Almôndegas de frango, quinoa e creme de milho e vagem 350g",8.0,CEBOLA 258g,28.175,ABA_RECEITA
Equilíbrio350,"Almôndegas de frango, quinoa e creme de milho e vagem 350g",8.0,ALHO 65g,1.925,ABA_RECEITA
Equilíbrio350,"Almôndegas de frango, quinoa e creme de milho e vagem 350g",8.0,SALSINHA 150g,1.225,ABA_RECEITA
Equilíbrio350,"Almôndegas de frango, quinoa e creme de milho e vagem 350g",8.0,CEBOLINHA 150g,3.675,ABA_RECEITA
Equilíbrio350,"Almôndegas de frango, quinoa e creme de milho e vagem 350g",8.0,QUINOA EM GRÃO,52.5,ABA_RECEITA
Equilíbrio350,"Almôndegas de frango, quinoa e creme de milho e vagem 350g",8.0,SAL,1.925,ABA_RECEITA
Equilíbrio350,"Almôndegas de frango, quinoa e creme de milho e vagem 350g",8.0,TEMPERO A GOSTO,5.075,ABA_RECEITA
Equilíbrio350,"Almondega verde de frango, brócolis, arroz com legumes e chia 350g",1.0,ARROZ BRANCO,56.0,ABA_RECEITA
Equilíbrio350,"Almondega verde de frango, brócolis, arroz com legumes e chia 350g",1.0,PEITO DE FRANGO SEM OSSO E SEM PELE,168.0,ABA_RECEITA
Equilíbrio350,"Almondega verde de frango, brócolis, arroz com legumes e chia 350g",1.0,BRÓCOLIS 250g,56.0,ABA_RECEITA
Equilíbrio350,"Almondega verde de frango, brócolis, arroz com legumes e chia 350g",1.0,ABOBRINHA ITALIANA,28.0,ABA_RECEITA
Equilíbrio350,"Almondega verde de frango, brócolis, arroz com legumes e chia 350g",1.0,CENOURA 200g,28.0,ABA_RECEITA
Equilíbrio350,"Almondega verde de frango, brócolis, arroz com legumes e chia 350g",1.0,FARINHA DE AVEIA,9.8,ABA_RECEITA
Equilíbrio350,"Almondega verde de frango, brócolis, arroz com legumes e chia 350g",1.0,TOMATE CARMEM 330g,28.0,ABA_RECEITA
Equilíbrio350,"Almondega verde de frango, brócolis, arroz com legumes e chia 350g",1.0,CEBOLA 258g,9.8,ABA_RECEITA
Equilíbrio350,"Almondega verde de frango, brócolis, arroz com legumes e chia 350g",1.0,ALHO 65g,9.8,ABA_RECEITA
Equilíbrio350,"Almondega verde de frango, brócolis, arroz com legumes e chia 350g",1.0,OVOS,140.0,ABA_RECEITA
Equilíbrio350,"Berinjela com carne moida na cama de legumes, arroz branco e linhaça 350g",1.0,ARROZ BRANCO,56.0,ABA_RECEITA
Equilíbrio350,"Berinjela com carne moida na cama de legumes, arroz branco e linhaça 350g",1.0,PATINHO (CARNE MOIDA),168.0,ABA_RECEITA
Equilíbrio350,"Berinjela com carne moida na cama de legumes, arroz branco e linhaça 350g",1.0,BERINJELA 381g,60.2,ABA_RECEITA
Equilíbrio350,"Berinjela com carne moida na cama de legumes, arroz branco e linhaça 350g",1.0,QUEIJO MUSSARELA pedaço,15.4,ABA_RECEITA
Equilíbrio350,"Berinjela com carne moida na cama de legumes, arroz branco e linhaça 350g",1.0,AZEITE DE OLIVA 500ml,15.4,ABA_RECEITA
Equilíbrio350,"Berinjela com carne moida na cama de legumes, arroz branco e linhaça 350g",1.0,ABOBRINHA ITALIANA,21.0,ABA_RECEITA
Equilíbrio350,"Berinjela com carne moida na cama de legumes, arroz branco e linhaça 350g",1.0,ERVILHA 500g YOKI,21.0,ABA_RECEITA
Equilíbrio350,"Berinjela com carne moida na cama de legumes, arroz branco e linhaça 350g",1.0,CENOURA 200g,21.0,ABA_RECEITA
Equilíbrio350,"Berinjela com carne moida na cama de legumes, arroz branco e linhaça 350g",1.0,TOMATE CARMEM 330g,21.0,ABA_RECEITA
Equilíbrio350,"Berinjela com carne moida na cama de legumes, arroz branco e linhaça 350g",1.0,CEBOLA 258g,9.8,ABA_RECEITA
Low Carb250,Almôndegas de frango acompanhada de purê de cenoura c/vagem  250g,9.0,PEITO DE FRANGO SEM OSSO E SEM PELE,135.0,ABA_RECEITA
Low Carb250,Almôndegas de frango acompanhada de purê de cenoura c/vagem  250g,9.0,FARINHA DE AVEIA,7.111111,ABA_RECEITA
Low Carb250,Almôndegas de frango acompanhada de purê de cenoura c/vagem  250g,9.0,OVOS,22.222222,ABA_RECEITA
Low Carb250,Almôndegas de frango acompanhada de purê de cenoura c/vagem  250g,9.0,CEBOLA 258g,5.555556,ABA_RECEITA
Low Carb250,Almôndegas de frango acompanhada de purê de cenoura c/vagem  250g,9.0,ALHO 65g,1.666667,ABA_RECEITA
Low Carb250,Almôndegas de frango acompanhada de purê de cenoura c/vagem  250g,9.0,salsinha 150g,6.0,ABA_RECEITA
Low Carb250,Almôndegas de frango acompanhada de purê de cenoura c/vagem  250g,9.0,cebolinha 150g,6.0,ABA_RECEITA
Low Carb250,Almôndegas de frango acompanhada de purê de cenoura c/vagem  250g,9.0,sal,2.222222,ABA_RECEITA
Low Carb250,Almôndegas de frango acompanhada de purê de cenoura c/vagem  250g,9.0,tempero a gosto,4.444444,ABA_RECEITA
Low Carb250,Carne de panela acompanhada de purê de abóbora e brócolis no vapor 250g,16.0,PALETA BOVINA,135.0,ABA_RECEITA
Low Carb250,Carne de panela acompanhada de purê de abóbora e brócolis no vapor 250g,16.0,ALHO 65g,1.0,ABA_RECEITA
Low Carb250,Carne de panela acompanhada de purê de abóbora e brócolis no vapor 250g,16.0,CEBOLA 258g,2.5,ABA_RECEITA
Low Carb250,Carne de panela acompanhada de purê de abóbora e brócolis no vapor 250g,16.0,TOMATE CARMEM 330g,62.5,ABA_RECEITA
Low Carb250,Carne de panela acompanhada de purê de abóbora e brócolis no vapor 250g,16.0,ABÓBORA CABOTIÃ,37.5,ABA_RECEITA
Low Carb250,Carne de panela acompanhada de purê de abóbora e brócolis no vapor 250g,16.0,QUEIJO MUSSARELA pedaço,10.0,ABA_RECEITA
Low Carb250,Carne de panela acompanhada de purê de abóbora e brócolis no vapor 250g,16.0,BRÓCOLIS 250g,62.5,ABA_RECEITA
Low Carb250,Carne de panela acompanhada de purê de abóbora e brócolis no vapor 250g,16.0,SAL,0.9375,ABA_RECEITA
Low Carb250,Carne de panela acompanhada de purê de abóbora e brócolis no vapor 250g,16.0,TEMPERO A GOSTO,1.875,ABA_RECEITA
Low Carb250,Carne de panela acompanhada de purê de abóbora e brócolis no vapor 250g,16.0,AZEITE DE OLIVA 500ml,1.25,ABA_RECEITA
Low Carb250,Couve flor ao molho branco gratinada com queijo 250g,4.0,NOZ MOSCADA (EM GRÃO),2.5,ABA_RECEITA
Low Carb250,Couve flor ao molho branco gratinada com queijo 250g,4.0,COUVE  FLOR 250g,175.0,ABA_RECEITA
Low Carb250,Couve flor ao molho branco gratinada com queijo 250g,4.0,CEBOLA 258g,7.5,ABA_RECEITA
Low Carb250,Couve flor ao molho branco gratinada com queijo 250g,4.0,ALHO 65g,3.5,ABA_RECEITA
Low Carb250,Couve flor ao molho branco gratinada com queijo 250g,4.0,CREME DE LEITE 200g,100.0,ABA_RECEITA
Low Carb250,Couve flor ao molho branco gratinada com queijo 250g,4.0,QUEIJO MUSSARELA pedaço,15.0,ABA_RECEITA
Low Carb250,Couve flor ao molho branco gratinada com queijo 250g,4.0,QUEIJO PARMESÃO,5.0,ABA_RECEITA
Low Carb250,Couve flor ao molho branco gratinada com queijo 250g,4.0,sal,2.75,ABA_RECEITA
Low Carb250,Couve flor ao molho branco gratinada com queijo 250g,4.0,tempero a gosto,5.0,ABA_RECEITA
Low Carb250,Couve flor ao molho branco gratinada com queijo 250g,4.0,azeite de oliva 500ml,5.0,ABA_RECEITA
Low Carb250,Fricassê de Frango 250g,5.0,PEITO DE FRANGO SEM OSSO E SEM PELE,135.0,ABA_RECEITA
Low Carb250,Fricassê de Frango 250g,5.0,CEBOLA 258g,12.0,ABA_RECEITA
Low Carb250,Fricassê de Frango 250g,5.0,ALHO 65g,5.8,ABA_RECEITA
Low Carb250,Fricassê de Frango 250g,5.0,TOMATE CARMEM 330g,60.0,ABA_RECEITA
Low Carb250,Fricassê de Frango 250g,5.0,"MILHO quero 1,700kg",40.0,ABA_RECEITA
Low Carb250,Fricassê de Frango 250g,5.0,REQUEIJÃO LIGHT catupiry 200ml,20.0,ABA_RECEITA
Low Carb250,Fricassê de Frango 250g,5.0,CREME DE RICOTA 200g TIROLEZ,40.0,ABA_RECEITA
Low Carb250,Fricassê de Frango 250g,5.0,sal,2.8,ABA_RECEITA
Low Carb250,Fricassê de Frango 250g,5.0,azeite de oliva 500ml,4.0,ABA_RECEITA
Low Carb250,Fricassê de Frango 250g,5.0,OREGANO EGÍPICIO,1.0,ABA_RECEITA
Low Carb250,Lasanha de Abobrinha 250g,5.0,PATINHO (CARNE MOIDA),135.0,ABA_RECEITA
Low Carb250,Lasanha de Abobrinha 250g,5.0,ABOBRINHA ITALIANA,140.0,ABA_RECEITA
Low Carb250,Lasanha de Abobrinha 250g,5.0,QUEIJO MUSSARELA pedaço,12.0,ABA_RECEITA
Low Carb250,Lasanha de Abobrinha 250g,5.0,QUEIJO PARMESÃO,4.0,ABA_RECEITA
Low Carb250,Lasanha de Abobrinha 250g,5.0,CREME DE RICOTA 200g TIROLEZ,21.4,ABA_RECEITA
Low Carb250,Lasanha de Abobrinha 250g,5.0,AZEITE DE OLIVA 500ml,2.8,ABA_RECEITA
Low Carb250,Lasanha de Abobrinha 250g,5.0,SAL,3.0,ABA_RECEITA
Low Carb250,Lasanha de Abobrinha 250g,5.0,TEMPERO A GOSTO,4.0,ABA_RECEITA
Low Carb250,Lasanha de Abobrinha 250g,5.0,TOMATE CEREJA 280g,20.0,ABA_RECEITA
Low Carb250,Lasanha de Abobrinha 250g,5.0,ALHO 65g,2.0,ABA_RECEITA
Low Carb250,Lasanha de Beringela 250g,7.0,PATINHO (CARNE MOIDA),135.0,ABA_RECEITA
Low Carb250,Lasanha de Beringela 250g,7.0,BERINJELA 381g,100.0,ABA_RECEITA
Low Carb250,Lasanha de Beringela 250g,7.0,QUEIJO MUSSARELA pedaço,8.571429,ABA_RECEITA
Low Carb250,Lasanha de Beringela 250g,7.0,TOMATE CEREJA 280g,14.285714,ABA_RECEITA
Low Carb250,Lasanha de Beringela 250g,7.0,CEBOLA 258g,5.714286,ABA_RECEITA
Low Carb250,Lasanha de Beringela 250g,7.0,AZEITE DE OLIVA 500ML,2.0,ABA_RECEITA
Low Carb250,Lasanha de Beringela 250g,7.0,TEMPERO A GOSTO,4.142857,ABA_RECEITA
Low Carb250,Lasanha de Beringela 250g,7.0,SAL,2.0,ABA_RECEITA
Low Carb250,Lasanha de Beringela 250g,7.0,ALHO 65g,1.428571,ABA_RECEITA
Low Carb250,Lasanha de Beringela 250g,7.0,TOMATE CARMEM 330g,5.142857,ABA_RECEITA
Low Carb250,Moqueca de Peixe 250g,7.0,CEBOLA 258g,5.714286,ABA_RECEITA
Low Carb250,Moqueca de Peixe 250g,7.0,PIMENTÃO VERMELHO 464g,28.571429,ABA_RECEITA
Low Carb250,Moqueca de Peixe 250g,7.0,PIMENTÃO AMARELO 288G,28.571429,ABA_RECEITA
Low Carb250,Moqueca de Peixe 250g,7.0,TOMATE CARMEM 330g,57.142857,ABA_RECEITA
Low Carb250,Moqueca de Peixe 250g,7.0,ALHO 65g,4.142857,ABA_RECEITA
Low Carb250,Moqueca de Peixe 250g,7.0,LIMÃO TAHITI 120g,12.285714,ABA_RECEITA
Low Carb250,Moqueca de Peixe 250g,7.0,Leite de Côco 450ml,35.0,ABA_RECEITA
Low Carb250,Moqueca de Peixe 250g,7.0,TILAPIA,135.0,ABA_RECEITA
Low Carb250,Moqueca de Peixe 250g,7.0,SAL,2.0,ABA_RECEITA
Low Carb250,Moqueca de Peixe 250g,7.0,PIMENTA DEDO DE MOÇA 200G,3.0,ABA_RECEITA
Low Carb250,"Purê de mandioca, carne moída e legume salteados na manteiga 250G",7.0,MANDIOCA,35.714286,ABA_RECEITA
Low Carb250,"Purê de mandioca, carne moída e legume salteados na manteiga 250G",7.0,CENOURA 200g,28.571429,ABA_RECEITA
Low Carb250,"Purê de mandioca, carne moída e legume salteados na manteiga 250G",7.0,CREME DE LEITE 200g,57.142857,ABA_RECEITA
Low Carb250,"Purê de mandioca, carne moída e legume salteados na manteiga 250G",7.0,MANTEIGA AVIAÇÃO 200g,1.571429,ABA_RECEITA
Low Carb250,"Purê de mandioca, carne moída e legume salteados na manteiga 250G",7.0,PATINHO (CARNE MOIDA),135.0,ABA_RECEITA
Low Carb250,"Purê de mandioca, carne moída e legume salteados na manteiga 250G",7.0,CEBOLA 258g,13.142857,ABA_RECEITA
Low Carb250,"Purê de mandioca, carne moída e legume salteados na manteiga 250G",7.0,ALHO 65g,4.142857,ABA_RECEITA
Low Carb250,"Purê de mandioca, carne moída e legume salteados na manteiga 250G",7.0,TOMATE CARMEM 330g,28.571429,ABA_RECEITA
Low Carb250,"Purê de mandioca, carne moída e legume salteados na manteiga 250G",7.0,SAL,1.428571,ABA_RECEITA
Low Carb250,"Purê de mandioca, carne moída e legume salteados na manteiga 250G",7.0,TEMPERO A GOSTO,2.857143,ABA_RECEITA
Low Carb250,Escondidinho de abobora recheado com frango 250g,7.0,ABÓBORA CABOTIÃ,32.55102,ABA_RECEITA
Low Carb250,Escondidinho de abobora recheado com frango 250g,7.0,CREME DE RICOTA 200g TIROLEZ,20.408163,ABA_RECEITA
Low Carb250,Escondidinho de abobora recheado com frango 250g,7.0,BRÓCOLIS 250g,71.428571,ABA_RECEITA
Low Carb250,Escondidinho de abobora recheado com frango 250g,7.0,sal,2.571429,ABA_RECEITA
Low Carb250,Escondidinho de abobora recheado com frango 250g,7.0,OREGANO EGÍPICIO,1.0,ABA_RECEITA
Low Carb250,Escondidinho de abobora recheado com frango 250g,7.0,ALHO 65g,2.571429,ABA_RECEITA
Low Carb250,Escondidinho de abobora recheado com frango 250g,7.0,azeite de oliva 500ml,2.857143,ABA_RECEITA
Low Carb250,Escondidinho de abobora recheado com frango 250g,7.0,"MILHO quero 1,700kg",20.408163,ABA_RECEITA
Low Carb250,Escondidinho de abobora recheado com frango 250g,7.0,REQUEIJÃO LIGHT catupiry 200ml,20.408163,ABA_RECEITA
Low Carb250,Escondidinho de abobora recheado com frango 250g,7.0,PÁPRICA PICANTE,2.040816,ABA_RECEITA
Low Carb250,Fricasse de frango com arroz e brocolis 250g,5.0,PEITO DE FRANGO SEM OSSO E SEM PELE,135.0,ABA_RECEITA
Low Carb250,Fricasse de frango com arroz e brocolis 250g,5.0,CEBOLA 258g,6.0,ABA_RECEITA
Low Carb250,Fricasse de frango com arroz e brocolis 250g,5.0,ALHO 65g,3.0,ABA_RECEITA
Low Carb250,Fricasse de frango com arroz e brocolis 250g,5.0,TOMATE CARMEM 330g,34.2,ABA_RECEITA
Low Carb250,Fricasse de frango com arroz e brocolis 250g,5.0,"MILHO quero 1,700kg",24.2,ABA_RECEITA
Low Carb250,Fricasse de frango com arroz e brocolis 250g,5.0,REQUEIJÃO LIGHT catupiry 200ml,8.0,ABA_RECEITA
Low Carb250,Fricasse de frango com arroz e brocolis 250g,5.0,CREME DE RICOTA 200g TIROLEZ,40.0,ABA_RECEITA
Low Carb250,Fricasse de frango com arroz e brocolis 250g,5.0,sal,3.0,ABA_RECEITA
Low Carb250,Fricasse de frango com arroz e brocolis 250g,5.0,azeite de oliva 500ml,4.0,ABA_RECEITA
Low Carb250,Fricasse de frango com arroz e brocolis 250g,5.0,OREGANO EGÍPICIO,1.0,ABA_RECEITA
Low Carb250,Pernil em cubos com arroz integral e cenoura refogada com ervas naturais 250g,9.0,PERNIL COM OSSO TRASEIRO,155.555556,ABA_RECEITA
Low Carb250,Pernil em cubos com arroz integral e cenoura refogada com ervas naturais 250g,9.0,CEBOLA 258g,3.333333,ABA_RECEITA
Low Carb250,Pernil em cubos com arroz integral e cenoura refogada com ervas naturais 250g,9.0,ARROZ INTEGRAL,22.222222,ABA_RECEITA
Low Carb250,Pernil em cubos com arroz integral e cenoura refogada com ervas naturais 250g,9.0,ALHO 65g,1.666667,ABA_RECEITA
Low Carb250,Pernil em cubos com arroz integral e cenoura refogada com ervas naturais 250g,9.0,CENOURA 200g,144.444444,ABA_RECEITA
Low Carb250,Pernil em cubos com arroz integral e cenoura refogada com ervas naturais 250g,9.0,azeite de oliva 500ml,2.222222,ABA_RECEITA
Low Carb250,Pernil em cubos com arroz integral e cenoura refogada com ervas naturais 250g,9.0,sal,1.222222,ABA_RECEITA
Low Carb250,Pernil em cubos com arroz integral e cenoura refogada com ervas naturais 250g,9.0,ervas finas,2.222222,ABA_RECEITA
Low Carb250,Pernil em cubos com arroz integral e cenoura refogada com ervas naturais 250g,9.0,oregano egípicio,1.111111,ABA_RECEITA
Low Carb250,Pernil em cubos com arroz integral e cenoura refogada com ervas naturais 250g,9.0,tempero a gosto,2.222222,ABA_RECEITA
Low Carb250,"Coxa de frango assada c/ parmesão,creme de cebola,arroz branco e ervas 250g",5.0,COXA SOLTEIRA,140.0,ABA_RECEITA
Low Carb250,"Coxa de frango assada c/ parmesão,creme de cebola,arroz branco e ervas 250g",5.0,SAL,3.0,ABA_RECEITA
Low Carb250,"Coxa de frango assada c/ parmesão,creme de cebola,arroz branco e ervas 250g",5.0,PIMENTA PRETA,1.6,ABA_RECEITA
Low Carb250,"Coxa de frango assada c/ parmesão,creme de cebola,arroz branco e ervas 250g",5.0,CEBOLA 258g,6.0,ABA_RECEITA
Low Carb250,"Coxa de frango assada c/ parmesão,creme de cebola,arroz branco e ervas 250g",5.0,MANTEIGA AVIAÇÃO 200g,6.0,ABA_RECEITA
Low Carb250,"Coxa de frango assada c/ parmesão,creme de cebola,arroz branco e ervas 250g",5.0,CREME DE LEITE LIGHT 290g,40.0,ABA_RECEITA
Low Carb250,"Coxa de frango assada c/ parmesão,creme de cebola,arroz branco e ervas 250g",5.0,Maionese de Bio Massa 440g,20.0,ABA_RECEITA
Low Carb250,"Coxa de frango assada c/ parmesão,creme de cebola,arroz branco e ervas 250g",5.0,NOZ MOSCADA (EM GRÃO),2.0,ABA_RECEITA
Low Carb250,"Coxa de frango assada c/ parmesão,creme de cebola,arroz branco e ervas 250g",5.0,QUEIJO PARMESÃO,20.0,ABA_RECEITA
Low Carb250,"Coxa de frango assada c/ parmesão,creme de cebola,arroz branco e ervas 250g",5.0,ARROZ BRANCO,14.0,ABA_RECEITA
Low Carb250,Espaguete de abobrinha Low Carb 250g,4.0,ABOBRINHA,150.0,ABA_RECEITA
Low Carb250,Espaguete de abobrinha Low Carb 250g,4.0,AZEITE DE OLIVA 500ml,10.75,ABA_RECEITA
Low Carb250,Espaguete de abobrinha Low Carb 250g,4.0,MANTEIGA AVIAÇÃO 200g,10.0,ABA_RECEITA
Low Carb250,Espaguete de abobrinha Low Carb 250g,4.0,CEBOLA 258g,7.5,ABA_RECEITA
Low Carb250,Espaguete de abobrinha Low Carb 250g,4.0,SAL,3.75,ABA_RECEITA
Low Carb250,Espaguete de abobrinha Low Carb 250g,4.0,"PASTA DE TOMATE CONCENTRADA 2,005kg",60.0,ABA_RECEITA
Low Carb250,Espaguete de abobrinha Low Carb 250g,4.0,ALHO 65g,3.5,ABA_RECEITA
Low Carb250,Espaguete de abobrinha Low Carb 250g,4.0,AÇUCAR DEMERARA,2.75,ABA_RECEITA
Low Carb250,Espaguete de abobrinha Low Carb 250g,4.0,PIMENTA PRETA,1.75,ABA_RECEITA
Low Carb250,Espaguete de abobrinha Low Carb 250g,4.0,TEMPERO A GOSTO,3.75,ABA_RECEITA
Low Carb250,Muffin salgado 25g,10.0,"MILHO quero 1,700kg",20.0,ABA_RECEITA
Low Carb250,Muffin salgado 25g,10.0,OVOS,30.0,ABA_RECEITA
Low Carb250,Muffin salgado 25g,10.0,CENOURA 200g,7.0,ABA_RECEITA
Low Carb250,Muffin salgado 25g,10.0,BRÓCOLIS 250g,7.0,ABA_RECEITA
Low Carb250,Muffin salgado 25g,10.0,FERMENTO EM PÓ ROYAL,1.4,ABA_RECEITA
Low Carb250,Muffin salgado 25g,10.0,FARINHA DE AMENDOAS,5.7,ABA_RECEITA
Low Carb250,Muffin salgado 25g,10.0,AZEITE DE OLIVA 500ml,4.5,ABA_RECEITA
Low Carb250,Muffin salgado 25g,10.0,SAL,1.0,ABA_RECEITA
Low Carb250,Muffin salgado 25g,10.0,PIMENTA PRETA,0.4,ABA_RECEITA
Low Carb250,Muffin salgado 25g,10.0,TEMPERO A GOSTO,2.9,ABA_RECEITA
Low Carb250,Frango Xadrez e arroz branco 250g,1.0,PEITO DE FRANGO SEM OSSO E SEM PELE,200.0,ABA_RECEITA
Low Carb250,Frango Xadrez e arroz branco 250g,1.0,ARROZ BRANCO,20.0,ABA_RECEITA
Low Carb250,Frango Xadrez e arroz branco 250g,1.0,AZEITE DE OLIVA 500ml,30.0,ABA_RECEITA
Low Carb250,Frango Xadrez e arroz branco 250g,1.0,SAL,10.0,ABA_RECEITA
Low Carb250,Frango Xadrez e arroz branco 250g,1.0,ALHO 65g,10.0,ABA_RECEITA
Low Carb250,Frango Xadrez e arroz branco 250g,1.0,CEBOLA 258g,10.0,ABA_RECEITA
Low Carb250,Frango Xadrez e arroz branco 250g,1.0,TEMPERO A GOSTO,10.0,ABA_RECEITA
Low Carb250,"Filé de frango,creme de milho,arroz branco e legumes salteados 250g",1.0,PEITO DE FRANGO SEM OSSO E SEM PELE,200.0,ABA_RECEITA
Low Carb250,"Filé de frango,creme de milho,arroz branco e legumes salteados 250g",1.0,CREME DE LEITE 200g,50.0,ABA_RECEITA
Low Carb250,"Filé de frango,creme de milho,arroz branco e legumes salteados 250g",1.0,"MILHO quero 1,700kg",50.0,ABA_RECEITA
Low Carb250,"Filé de frango,creme de milho,arroz branco e legumes salteados 250g",1.0,ARROZ BRANCO,20.0,ABA_RECEITA
Low Carb250,"Filé de frango,creme de milho,arroz branco e legumes salteados 250g",1.0,CENOURA 200g,20.0,ABA_RECEITA
Low Carb250,"Filé de frango,creme de milho,arroz branco e legumes salteados 250g",1.0,ABOBRINHA ITALIANA,20.0,ABA_RECEITA
Low Carb250,"Filé de frango,creme de milho,arroz branco e legumes salteados 250g",1.0,TOMATE CARMEM 330g,20.0,ABA_RECEITA
Low Carb250,"Filé de frango,creme de milho,arroz branco e legumes salteados 250g",1.0,BATATA INGLESA,20.0,ABA_RECEITA
Low Carb250,"Filé de frango,creme de milho,arroz branco e legumes salteados 250g",1.0,BRÓCOLIS 250g,20.0,ABA_RECEITA
Low Carb250,"Filé de frango,creme de milho,arroz branco e legumes salteados 250g",1.0,MANTEIGA AVIAÇÃO 200g,20.0,ABA_RECEITA
Low Carb250,"Carne moída , arroz branco e legumes salteados 250g",1.0,PATINHO (CARNE MOIDA),200.0,ABA_RECEITA
Low Carb250,"Carne moída , arroz branco e legumes salteados 250g",1.0,ARROZ BRANCO,20.0,ABA_RECEITA
Low Carb250,"Carne moída , arroz branco e legumes salteados 250g",1.0,CENOURA 200g,20.0,ABA_RECEITA
Low Carb250,"Carne moída , arroz branco e legumes salteados 250g",1.0,ABOBRINHA ITALIANA,20.0,ABA_RECEITA
Low Carb250,"Carne moída , arroz branco e legumes salteados 250g",1.0,TOMATE CARMEM 330g,20.0,ABA_RECEITA
Low Carb250,"Carne moída , arroz branco e legumes salteados 250g",1.0,BATATA INGLESA,20.0,ABA_RECEITA
Low Carb250,"Carne moída , arroz branco e legumes salteados 250g",1.0,BRÓCOLIS 250g,20.0,ABA_RECEITA
Low Carb250,"Carne moída , arroz branco e legumes salteados 250g",1.0,MANTEIGA AVIAÇÃO 200g,15.0,ABA_RECEITA
Low Carb250,"Carne em fatias,arroz branco,legumes e purê de batata c/ mandioquinha 250g",1.0,PALETA BOVINA,200.0,ABA_RECEITA
Low Carb250,"Carne em fatias,arroz branco,legumes e purê de batata c/ mandioquinha 250g",1.0,ARROZ BRANCO,20.0,ABA_RECEITA
Low Carb250,"Carne em fatias,arroz branco,legumes e purê de batata c/ mandioquinha 250g",1.0,CENOURA 200g,20.0,ABA_RECEITA
Low Carb250,"Carne em fatias,arroz branco,legumes e purê de batata c/ mandioquinha 250g",1.0,ABOBRINHA ITALIANA,20.0,ABA_RECEITA
Low Carb250,"Carne em fatias,arroz branco,legumes e purê de batata c/ mandioquinha 250g",1.0,TOMATE CARMEM 330g,20.0,ABA_RECEITA
Low Carb250,"Carne em fatias,arroz branco,legumes e purê de batata c/ mandioquinha 250g",1.0,BATATA INGLESA,100.0,ABA_RECEITA
Low Carb250,"Carne em fatias,arroz branco,legumes e purê de batata c/ mandioquinha 250g",1.0,BRÓCOLIS 250g,50.0,ABA_RECEITA
Low Carb250,"Carne em fatias,arroz branco,legumes e purê de batata c/ mandioquinha 250g",1.0,MANDIOQUINHA 150g,100.0,ABA_RECEITA
Low Carb250,"Ragu, purê de abóbora e brócolis 250g",1.0,PALETA BOVINA,200.0,ABA_RECEITA
Low Carb250,"Ragu, purê de abóbora e brócolis 250g",1.0,ABOBORA CABOTIÁ ORGANICA,100.0,ABA_RECEITA
Low Carb250,"Ragu, purê de abóbora e brócolis 250g",1.0,BRÓCOLIS 250g,100.0,ABA_RECEITA
Low Carb250,Macarrão. Almondêgas de carne ao molho sugo 250g,1.0,MACARRAO PENE COMUM 500g,100.0,ABA_RECEITA
Low Carb250,Macarrão. Almondêgas de carne ao molho sugo 250g,1.0,PATINHO (CARNE MOIDA),200.0,ABA_RECEITA
Low Carb250,Macarrão. Almondêgas de carne ao molho sugo 250g,1.0,MOLHO DE TOMATE fugini,150.0,ABA_RECEITA
Low Carb250,Macarrão integral com molho branco e bacom saudável 250g,1.0,MACARRÃO INTEGRAL 500g GALO PARAFUSO E ESPAGUETE Nº8,100.0,ABA_RECEITA
Low Carb250,Macarrão integral com molho branco e bacom saudável 250g,1.0,CREME DE LEITE 200g,100.0,ABA_RECEITA
Low Carb250,Macarrão integral com molho branco e bacom saudável 250g,1.0,Bacon Saudavel 1Kg,300.0,ABA_RECEITA
Low Carb250,"Almondêgas verde de frango,arroz integral,purê de mandioquinha e brócolis 250g",1.0,PEITO DE FRANGO SEM OSSO E SEM PELE,200.0,ABA_RECEITA
Low Carb250,"Almondêgas verde de frango,arroz integral,purê de mandioquinha e brócolis 250g",1.0,ARROZ INTEGRAL,20.0,ABA_RECEITA
Low Carb250,"Almondêgas verde de frango,arroz integral,purê de mandioquinha e brócolis 250g",1.0,MANDIOQUINHA 150g,120.0,ABA_RECEITA
Low Carb250,"Almondêgas verde de frango,arroz integral,purê de mandioquinha e brócolis 250g",1.0,BRÓCOLIS 250g,100.0,ABA_RECEITA
Low Carb350,Almôndegas de frango acompanhada de purê de cenoura c/vagem 350g,9.0,PEITO DE FRANGO SEM OSSO E SEM PELE,189.0,ABA_RECEITA
Low Carb350,Almôndegas de frango acompanhada de purê de cenoura c/vagem 350g,9.0,FARINHA DE AVEIA,9.955556,ABA_RECEITA
Low Carb350,Almôndegas de frango acompanhada de purê de cenoura c/vagem 350g,9.0,OVOS,31.111111,ABA_RECEITA
Low Carb350,Almôndegas de frango acompanhada de purê de cenoura c/vagem 350g,9.0,CEBOLA 258g,7.777778,ABA_RECEITA
Low Carb350,Almôndegas de frango acompanhada de purê de cenoura c/vagem 350g,9.0,ALHO 65g,2.333333,ABA_RECEITA
Low Carb350,Almôndegas de frango acompanhada de purê de cenoura c/vagem 350g,9.0,salsinha 150g,8.4,ABA_RECEITA
Low Carb350,Almôndegas de frango acompanhada de purê de cenoura c/vagem 350g,9.0,cebolinha 150g,8.4,ABA_RECEITA
Low Carb350,Almôndegas de frango acompanhada de purê de cenoura c/vagem 350g,9.0,sal,3.111111,ABA_RECEITA
Low Carb350,Almôndegas de frango acompanhada de purê de cenoura c/vagem 350g,9.0,tempero a gosto,6.222222,ABA_RECEITA
Low Carb350,Carne de panela acompanhada de purê de abóbora e brócolis no vapor 350g,12.0,PALETA BOVINA,189.0,ABA_RECEITA
Low Carb350,Carne de panela acompanhada de purê de abóbora e brócolis no vapor 350g,12.0,ALHO 65g,1.866667,ABA_RECEITA
Low Carb350,Carne de panela acompanhada de purê de abóbora e brócolis no vapor 350g,12.0,CEBOLA 258g,4.666667,ABA_RECEITA
Low Carb350,Carne de panela acompanhada de purê de abóbora e brócolis no vapor 350g,12.0,TOMATE CARMEM 330g,116.666667,ABA_RECEITA
Low Carb350,Carne de panela acompanhada de purê de abóbora e brócolis no vapor 350g,12.0,ABÓBORA CABOTIÃ,70.0,ABA_RECEITA
Low Carb350,Carne de panela acompanhada de purê de abóbora e brócolis no vapor 350g,12.0,QUEIJO MUSSARELA pedaço,18.666667,ABA_RECEITA
Low Carb350,Carne de panela acompanhada de purê de abóbora e brócolis no vapor 350g,12.0,BRÓCOLIS 250g,116.666667,ABA_RECEITA
Low Carb350,Carne de panela acompanhada de purê de abóbora e brócolis no vapor 350g,12.0,SAL,1.75,ABA_RECEITA
Low Carb350,Carne de panela acompanhada de purê de abóbora e brócolis no vapor 350g,12.0,TEMPERO A GOSTO,3.5,ABA_RECEITA
Low Carb350,Carne de panela acompanhada de purê de abóbora e brócolis no vapor 350g,12.0,AZEITE DE OLIVA 500ml,2.333333,ABA_RECEITA
Low Carb350,Couve flor ao molho branco gratinada com queijo 350g,4.0,NOZ MOSCADA (EM GRÃO),3.5,ABA_RECEITA
Low Carb350,Couve flor ao molho branco gratinada com queijo 350g,4.0,COUVE  FLOR 250g,204.75,ABA_RECEITA
Low Carb350,Couve flor ao molho branco gratinada com queijo 350g,4.0,CEBOLA 258g,10.5,ABA_RECEITA
Low Carb350,Couve flor ao molho branco gratinada com queijo 350g,4.0,ALHO 65g,4.9,ABA_RECEITA
Low Carb350,Couve flor ao molho branco gratinada com queijo 350g,4.0,CREME DE LEITE 200g,140.0,ABA_RECEITA
Low Carb350,Couve flor ao molho branco gratinada com queijo 350g,4.0,QUEIJO MUSSARELA pedaço,21.0,ABA_RECEITA
Low Carb350,Couve flor ao molho branco gratinada com queijo 350g,4.0,QUEIJO PARMESÃO,7.0,ABA_RECEITA
Low Carb350,Couve flor ao molho branco gratinada com queijo 350g,4.0,sal,3.85,ABA_RECEITA
Low Carb350,Couve flor ao molho branco gratinada com queijo 350g,4.0,tempero a gosto,7.0,ABA_RECEITA
Low Carb350,Couve flor ao molho branco gratinada com queijo 350g,4.0,azeite de oliva 500ml,7.0,ABA_RECEITA
Low Carb350,Fricassê de Frango 350g,5.0,PEITO DE FRANGO SEM OSSO E SEM PELE,189.0,ABA_RECEITA
Low Carb350,Fricassê de Frango 350g,5.0,CEBOLA 258g,16.8,ABA_RECEITA
Low Carb350,Fricassê de Frango 350g,5.0,ALHO 65g,8.12,ABA_RECEITA
Low Carb350,Fricassê de Frango 350g,5.0,TOMATE CARMEM 330g,84.0,ABA_RECEITA
Low Carb350,Fricassê de Frango 350g,5.0,"MILHO quero 1,700kg",56.0,ABA_RECEITA
Low Carb350,Fricassê de Frango 350g,5.0,REQUEIJÃO LIGHT catupiry 200ml,28.0,ABA_RECEITA
Low Carb350,Fricassê de Frango 350g,5.0,CREME DE RICOTA 200g TIROLEZ,56.0,ABA_RECEITA
Low Carb350,Fricassê de Frango 350g,5.0,sal,3.92,ABA_RECEITA
Low Carb350,Fricassê de Frango 350g,5.0,azeite de oliva 500ml,5.6,ABA_RECEITA
Low Carb350,Fricassê de Frango 350g,5.0,OREGANO EGÍPICIO,1.4,ABA_RECEITA
Low Carb350,Lasanha de Abobrinha 350g,5.0,PATINHO (CARNE MOIDA),189.0,ABA_RECEITA
Low Carb350,Lasanha de Abobrinha 350g,5.0,ABOBRINHA ITALIANA,196.0,ABA_RECEITA
Low Carb350,Lasanha de Abobrinha 350g,5.0,QUEIJO MUSSARELA pedaço,16.8,ABA_RECEITA
Low Carb350,Lasanha de Abobrinha 350g,5.0,QUEIJO PARMESÃO,5.6,ABA_RECEITA
Low Carb350,Lasanha de Abobrinha 350g,5.0,CREME DE RICOTA 200g TIROLEZ,29.96,ABA_RECEITA
Low Carb350,Lasanha de Abobrinha 350g,5.0,AZEITE DE OLIVA 500ml,3.92,ABA_RECEITA
Low Carb350,Lasanha de Abobrinha 350g,5.0,SAL,4.2,ABA_RECEITA
Low Carb350,Lasanha de Abobrinha 350g,5.0,TEMPERO A GOSTO,5.6,ABA_RECEITA
Low Carb350,Lasanha de Abobrinha 350g,5.0,TOMATE CEREJA 280g,28.0,ABA_RECEITA
Low Carb350,Lasanha de Abobrinha 350g,5.0,ALHO 65g,2.0,ABA_RECEITA
Low Carb350,Lasanha de Beringela 350g,7.0,PATINHO (CARNE MOIDA),189.0,ABA_RECEITA
Low Carb350,Lasanha de Beringela 350g,7.0,BERINJELA 381g,140.0,ABA_RECEITA
Low Carb350,Lasanha de Beringela 350g,7.0,QUEIJO MUSSARELA pedaço,12.0,ABA_RECEITA
Low Carb350,Lasanha de Beringela 350g,7.0,TOMATE CEREJA 280g,20.0,ABA_RECEITA
Low Carb350,Lasanha de Beringela 350g,7.0,CEBOLA 258g,8.0,ABA_RECEITA
Low Carb350,Lasanha de Beringela 350g,7.0,AZEITE DE OLIVA 500ML,2.8,ABA_RECEITA
Low Carb350,Lasanha de Beringela 350g,7.0,TEMPERO A GOSTO,5.8,ABA_RECEITA
Low Carb350,Lasanha de Beringela 350g,7.0,SAL,2.8,ABA_RECEITA
Low Carb350,Lasanha de Beringela 350g,7.0,ALHO 65g,2.0,ABA_RECEITA
Low Carb350,Lasanha de Beringela 350g,7.0,TOMATE CARMEM 330g,42.857143,ABA_RECEITA
Low Carb350,Moqueca de Peixe 350g,7.0,CEBOLA 258g,8.0,ABA_RECEITA
Low Carb350,Moqueca de Peixe 350g,7.0,PIMENTÃO VERMELHO 464g,40.0,ABA_RECEITA
Low Carb350,Moqueca de Peixe 350g,7.0,PIMENTÃO AMARELO 288G,40.0,ABA_RECEITA
Low Carb350,Moqueca de Peixe 350g,7.0,TOMATE CARMEM 330g,80.0,ABA_RECEITA
Low Carb350,Moqueca de Peixe 350g,7.0,ALHO 65g,5.8,ABA_RECEITA
Low Carb350,Moqueca de Peixe 350g,7.0,LIMÃO TAHITI 120g,17.2,ABA_RECEITA
Low Carb350,Moqueca de Peixe 350g,7.0,Leite de Côco 450ml,49.0,ABA_RECEITA
Low Carb350,Moqueca de Peixe 350g,7.0,TILAPIA,189.0,ABA_RECEITA
Low Carb350,Moqueca de Peixe 350g,7.0,SAL,2.8,ABA_RECEITA
Low Carb350,Moqueca de Peixe 350g,7.0,PIMENTA DEDO DE MOÇA 200G,4.2,ABA_RECEITA
Low Carb350,"Purê de mandioca, carne moída e legume salteados na manteiga 350g",7.0,MANDIOCA,50.0,ABA_RECEITA
Low Carb350,"Purê de mandioca, carne moída e legume salteados na manteiga 350g",7.0,CENOURA 200g,40.0,ABA_RECEITA
Low Carb350,"Purê de mandioca, carne moída e legume salteados na manteiga 350g",7.0,CREME DE LEITE 200g,80.0,ABA_RECEITA
Low Carb350,"Purê de mandioca, carne moída e legume salteados na manteiga 350g",7.0,MANTEIGA AVIAÇÃO 200g,2.2,ABA_RECEITA
Low Carb350,"Purê de mandioca, carne moída e legume salteados na manteiga 350g",7.0,PATINHO (CARNE MOIDA),189.0,ABA_RECEITA
Low Carb350,"Purê de mandioca, carne moída e legume salteados na manteiga 350g",7.0,CEBOLA 258g,18.4,ABA_RECEITA
Low Carb350,"Purê de mandioca, carne moída e legume salteados na manteiga 350g",7.0,ALHO 65g,5.8,ABA_RECEITA
Low Carb350,"Purê de mandioca, carne moída e legume salteados na manteiga 350g",7.0,TOMATE CARMEM 330g,40.0,ABA_RECEITA
Low Carb350,"Purê de mandioca, carne moída e legume salteados na manteiga 350g",7.0,SAL,2.0,ABA_RECEITA
Low Carb350,"Purê de mandioca, carne moída e legume salteados na manteiga 350g",7.0,TEMPERO A GOSTO,4.0,ABA_RECEITA
Low Carb350,Escondidinho de abobora recheado com frango 350g,7.0,ABÓBORA CABOTIÃ,45.571429,ABA_RECEITA
Low Carb350,Escondidinho de abobora recheado com frango 350g,7.0,CREME DE RICOTA 200g TIROLEZ,28.571429,ABA_RECEITA
Low Carb350,Escondidinho de abobora recheado com frango 350g,7.0,BRÓCOLIS 250g,100.0,ABA_RECEITA
Low Carb350,Escondidinho de abobora recheado com frango 350g,7.0,sal,3.6,ABA_RECEITA
Low Carb350,Escondidinho de abobora recheado com frango 350g,7.0,OREGANO EGÍPICIO,1.4,ABA_RECEITA
Low Carb350,Escondidinho de abobora recheado com frango 350g,7.0,ALHO 65g,3.6,ABA_RECEITA
Low Carb350,Escondidinho de abobora recheado com frango 350g,7.0,azeite de oliva 500ml,4.0,ABA_RECEITA
Low Carb350,Escondidinho de abobora recheado com frango 350g,7.0,"MILHO quero 1,700kg",28.571429,ABA_RECEITA
Low Carb350,Escondidinho de abobora recheado com frango 350g,7.0,REQUEIJÃO LIGHT catupiry 200ml,28.571429,ABA_RECEITA
Low Carb350,Escondidinho de abobora recheado com frango 350g,7.0,PÁPRICA PICANTE,2.857143,ABA_RECEITA
Low Carb350,Fricasse de frango com arroz e brocolis 350g,5.0,PEITO DE FRANGO SEM OSSO E SEM PELE,189.0,ABA_RECEITA
Low Carb350,Fricasse de frango com arroz e brocolis 350g,5.0,CEBOLA 258g,8.4,ABA_RECEITA
Low Carb350,Fricasse de frango com arroz e brocolis 350g,5.0,ALHO 65g,4.2,ABA_RECEITA
Low Carb350,Fricasse de frango com arroz e brocolis 350g,5.0,TOMATE CARMEM 330g,47.88,ABA_RECEITA
Low Carb350,Fricasse de frango com arroz e brocolis 350g,5.0,"MILHO quero 1,700kg",33.88,ABA_RECEITA
Low Carb350,Fricasse de frango com arroz e brocolis 350g,5.0,REQUEIJÃO LIGHT catupiry 200ml,11.2,ABA_RECEITA
Low Carb350,Fricasse de frango com arroz e brocolis 350g,5.0,CREME DE RICOTA 200g TIROLEZ,56.0,ABA_RECEITA
Low Carb350,Fricasse de frango com arroz e brocolis 350g,5.0,sal,4.2,ABA_RECEITA
Low Carb350,Fricasse de frango com arroz e brocolis 350g,5.0,azeite de oliva 500ml,5.6,ABA_RECEITA
Low Carb350,Fricasse de frango com arroz e brocolis 350g,5.0,OREGANO EGÍPICIO,1.4,ABA_RECEITA
Low Carb350,Pernil em cubos com arroz integral e cenoura refogada com ervas naturais 350g,10.0,PERNIL COM OSSO TRASEIRO,196.0,ABA_RECEITA
Low Carb350,Pernil em cubos com arroz integral e cenoura refogada com ervas naturais 350g,10.0,CEBOLA 258g,4.2,ABA_RECEITA
Low Carb350,Pernil em cubos com arroz integral e cenoura refogada com ervas naturais 350g,10.0,ARROZ INTEGRAL,28.0,ABA_RECEITA
Low Carb350,Pernil em cubos com arroz integral e cenoura refogada com ervas naturais 350g,10.0,ALHO 65g,2.1,ABA_RECEITA
Low Carb350,Pernil em cubos com arroz integral e cenoura refogada com ervas naturais 350g,10.0,CENOURA 200g,182.0,ABA_RECEITA
Low Carb350,Pernil em cubos com arroz integral e cenoura refogada com ervas naturais 350g,10.0,azeite de oliva 500ml,2.8,ABA_RECEITA
Low Carb350,Pernil em cubos com arroz integral e cenoura refogada com ervas naturais 350g,10.0,sal,1.54,ABA_RECEITA
Low Carb350,Pernil em cubos com arroz integral e cenoura refogada com ervas naturais 350g,10.0,ervas finas,2.8,ABA_RECEITA
Low Carb350,Pernil em cubos com arroz integral e cenoura refogada com ervas naturais 350g,10.0,oregano egípicio,1.4,ABA_RECEITA
Low Carb350,Pernil em cubos com arroz integral e cenoura refogada com ervas naturais 350g,10.0,tempero a gosto,2.8,ABA_RECEITA
Low Carb350,"Coxa de frango assada c/ parmesão,creme de cebola,arroz branco e ervas 350g",4.0,COXA SOLTEIRA,189.0,ABA_RECEITA
Low Carb350,"Coxa de frango assada c/ parmesão,creme de cebola,arroz branco e ervas 350g",4.0,SAL,5.25,ABA_RECEITA
Low Carb350,"Coxa de frango assada c/ parmesão,creme de cebola,arroz branco e ervas 350g",4.0,PIMENTA PRETA,2.8,ABA_RECEITA
Low Carb350,"Coxa de frango assada c/ parmesão,creme de cebola,arroz branco e ervas 350g",4.0,CEBOLA 258g,10.5,ABA_RECEITA
Low Carb350,"Coxa de frango assada c/ parmesão,creme de cebola,arroz branco e ervas 350g",4.0,MANTEIGA AVIAÇÃO 200g,10.5,ABA_RECEITA
Low Carb350,"Coxa de frango assada c/ parmesão,creme de cebola,arroz branco e ervas 350g",4.0,CREME DE LEITE LIGHT 290g,70.0,ABA_RECEITA
Low Carb350,"Coxa de frango assada c/ parmesão,creme de cebola,arroz branco e ervas 350g",4.0,Maionese de Bio Massa 440g,35.0,ABA_RECEITA
Low Carb350,"Coxa de frango assada c/ parmesão,creme de cebola,arroz branco e ervas 350g",4.0,NOZ MOSCADA (EM GRÃO),3.5,ABA_RECEITA
Low Carb350,"Coxa de frango assada c/ parmesão,creme de cebola,arroz branco e ervas 350g",4.0,QUEIJO PARMESÃO,35.0,ABA_RECEITA
Low Carb350,"Coxa de frango assada c/ parmesão,creme de cebola,arroz branco e ervas 350g",4.0,ARROZ BRANCO,24.5,ABA_RECEITA
Low Carb350,Espaguete de abobrinha Low Carb 350g,4.0,ABOBRINHA,210.0,ABA_RECEITA
Low Carb350,Espaguete de abobrinha Low Carb 350g,4.0,AZEITE DE OLIVA 500ml,15.05,ABA_RECEITA
Low Carb350,Espaguete de abobrinha Low Carb 350g,4.0,MANTEIGA AVIAÇÃO 200g,14.0,ABA_RECEITA
Low Carb350,Espaguete de abobrinha Low Carb 350g,4.0,CEBOLA 258g,10.5,ABA_RECEITA
Low Carb350,Espaguete de abobrinha Low Carb 350g,4.0,SAL,5.25,ABA_RECEITA
Low Carb350,Espaguete de abobrinha Low Carb 350g,4.0,"PASTA DE TOMATE CONCENTRADA 2,005kg",84.0,ABA_RECEITA
Low Carb350,Espaguete de abobrinha Low Carb 350g,4.0,ALHO 65g,4.9,ABA_RECEITA
Low Carb350,Espaguete de abobrinha Low Carb 350g,4.0,AÇUCAR DEMERARA,3.85,ABA_RECEITA
Low Carb350,Espaguete de abobrinha Low Carb 350g,4.0,PIMENTA PRETA,2.45,ABA_RECEITA
Low Carb350,Espaguete de abobrinha Low Carb 350g,4.0,TEMPERO A GOSTO,5.25,ABA_RECEITA
Low Carb350,Muffin salgado low carb 35g,12.0,"MILHO quero 1,700kg",23.333333,ABA_RECEITA
Low Carb350,Muffin salgado low carb 35g,12.0,OVOS,35.0,ABA_RECEITA
Low Carb350,Muffin salgado low carb 35g,12.0,CENOURA 200g,8.166667,ABA_RECEITA
Low Carb350,Muffin salgado low carb 35g,12.0,BRÓCOLIS 250g,8.166667,ABA_RECEITA
Low Carb350,Muffin salgado low carb 35g,12.0,FERMENTO EM PÓ ROYAL,1.633333,ABA_RECEITA
Low Carb350,Muffin salgado low carb 35g,12.0,FARINHA DE AMENDOAS,6.65,ABA_RECEITA
Low Carb350,Muffin salgado low carb 35g,12.0,AZEITE DE OLIVA 500ml,5.25,ABA_RECEITA
Low Carb350,Muffin salgado low carb 35g,12.0,SAL,1.166667,ABA_RECEITA
Low Carb350,Muffin salgado low carb 35g,12.0,PIMENTA PRETA,0.466667,ABA_RECEITA
Low Carb350,Muffin salgado low carb 35g,12.0,TEMPERO A GOSTO,3.383333,ABA_RECEITA
DietaDetox250,Almondegas de carne ao alho poró tomate cereja e chia 250g,1.0,PATINHO (CARNE MOIDA),70.0,ABA_RECEITA
DietaDetox250,Almondegas de carne ao alho poró tomate cereja e chia 250g,1.0,ALHO PORÓ,42.0,ABA_RECEITA
DietaDetox250,Almondegas de carne ao alho poró tomate cereja e chia 250g,1.0,CEBOLA 258g,29.0,ABA_RECEITA
DietaDetox250,Almondegas de carne ao alho poró tomate cereja e chia 250g,1.0,TOMATE CEREJA 280g,22.0,ABA_RECEITA
DietaDetox250,Almondegas de carne ao alho poró tomate cereja e chia 250g,1.0,ALHO 65g,21.0,ABA_RECEITA
DietaDetox250,Almondegas de carne ao alho poró tomate cereja e chia 250g,1.0,AZEITE DE OLIVA 500ml,21.0,ABA_RECEITA
DietaDetox250,Almondegas de carne ao alho poró tomate cereja e chia 250g,1.0,SAL,14.0,ABA_RECEITA
DietaDetox250,Almondegas de carne ao alho poró tomate cereja e chia 250g,1.0,CHIA (EXTRA BLACK),14.0,ABA_RECEITA
DietaDetox250,Almondegas de carne ao alho poró tomate cereja e chia 250g,1.0,TEMPERO A GOSTO,14.0,ABA_RECEITA
DietaDetox250,Almondegas verdes de frango com aspargos e tomate cereja e nozes 250g,1.0,PEITO DE FRANGO SEM OSSO E SEM PELE,90.0,ABA_RECEITA
DietaDetox250,Almondegas verdes de frango com aspargos e tomate cereja e nozes 250g,1.0,ASPARGO 250g,40.0,ABA_RECEITA
DietaDetox250,Almondegas verdes de frango com aspargos e tomate cereja e nozes 250g,1.0,TOMATE CEREJA 280g,30.0,ABA_RECEITA
DietaDetox250,Almondegas verdes de frango com aspargos e tomate cereja e nozes 250g,1.0,CEBOLA 258g,22.0,ABA_RECEITA
DietaDetox250,Almondegas verdes de frango com aspargos e tomate cereja e nozes 250g,1.0,ALHO 65g,14.0,ABA_RECEITA
DietaDetox250,Almondegas verdes de frango com aspargos e tomate cereja e nozes 250g,1.0,AZEITE DE OLIVA 500ml,14.0,ABA_RECEITA
DietaDetox250,Almondegas verdes de frango com aspargos e tomate cereja e nozes 250g,1.0,SAL,14.0,ABA_RECEITA
DietaDetox250,Almondegas verdes de frango com aspargos e tomate cereja e nozes 250g,1.0,NOZES QUARTILHO (QUEBRADINHA),14.0,ABA_RECEITA
DietaDetox250,Almondegas verdes de frango com aspargos e tomate cereja e nozes 250g,1.0,TEMPERO A GOSTO,14.0,ABA_RECEITA
DietaDetox250,"Berinjela de carne moida brocolis, tomate cereja e amendoas 250g",1.0,PATINHO (CARNE MOIDA),70.0,ABA_RECEITA
DietaDetox250,"Berinjela de carne moida brocolis, tomate cereja e amendoas 250g",1.0,BERINJELA 381g,60.0,ABA_RECEITA
DietaDetox250,"Berinjela de carne moida brocolis, tomate cereja e amendoas 250g",1.0,ALHO 65g,50.0,ABA_RECEITA
DietaDetox250,"Berinjela de carne moida brocolis, tomate cereja e amendoas 250g",1.0,BRÓCOLIS 250g,25.0,ABA_RECEITA
DietaDetox250,"Berinjela de carne moida brocolis, tomate cereja e amendoas 250g",1.0,TOMATE CEREJA 280g,25.0,ABA_RECEITA
DietaDetox250,"Berinjela de carne moida brocolis, tomate cereja e amendoas 250g",1.0,SAL,15.0,ABA_RECEITA
DietaDetox250,"Berinjela de carne moida brocolis, tomate cereja e amendoas 250g",1.0,AMENDOAS CRUAS,15.0,ABA_RECEITA
DietaDetox250,"Berinjela de carne moida brocolis, tomate cereja e amendoas 250g",1.0,CEBOLA 258g,14.0,ABA_RECEITA
DietaDetox250,"Berinjela de carne moida brocolis, tomate cereja e amendoas 250g",1.0,AZEITE DE OLIVA 500ml,14.0,ABA_RECEITA
DietaDetox250,"Berinjela de carne moida brocolis, tomate cereja e amendoas 250g",1.0,TEMPERO A GOSTO,14.0,ABA_RECEITA
DietaDetox250,Caldo de carne com espinafre e semente de chia 250g,1.0,PATINHO (CARNE MOIDA),70.0,ABA_RECEITA
DietaDetox250,Caldo de carne com espinafre e semente de chia 250g,1.0,ESPINAFRE 350g,60.0,ABA_RECEITA
DietaDetox250,Caldo de carne com espinafre e semente de chia 250g,1.0,AZEITE DE OLIVA 500ml,30.0,ABA_RECEITA
DietaDetox250,Caldo de carne com espinafre e semente de chia 250g,1.0,ALHO 65g,20.0,ABA_RECEITA
DietaDetox250,Caldo de carne com espinafre e semente de chia 250g,1.0,CEBOLA 258g,20.0,ABA_RECEITA
DietaDetox250,Caldo de carne com espinafre e semente de chia 250g,1.0,SAL,20.0,ABA_RECEITA
DietaDetox250,Caldo de carne com espinafre e semente de chia 250g,1.0,CHIA (EXTRA BLACK),15.0,ABA_RECEITA
DietaDetox250,Caldo de carne com espinafre e semente de chia 250g,1.0,TEMPERO A GOSTO,15.0,ABA_RECEITA
DietaDetox250,Caldo de frango desfiado com ervilha e nozes 250g,1.0,PEITO DE FRANGO SEM OSSO E SEM PELE,85.0,ABA_RECEITA
DietaDetox250,Caldo de frango desfiado com ervilha e nozes 250g,1.0,ERVILHA 500g YOKI,70.0,ABA_RECEITA
DietaDetox250,Caldo de frango desfiado com ervilha e nozes 250g,1.0,AZEITE DE OLIVA 500ml,20.0,ABA_RECEITA
DietaDetox250,Caldo de frango desfiado com ervilha e nozes 250g,1.0,ALHO 65g,18.0,ABA_RECEITA
DietaDetox250,Caldo de frango desfiado com ervilha e nozes 250g,1.0,CEBOLA 258g,18.0,ABA_RECEITA
DietaDetox250,Caldo de frango desfiado com ervilha e nozes 250g,1.0,SAL,15.0,ABA_RECEITA
DietaDetox250,Caldo de frango desfiado com ervilha e nozes 250g,1.0,TEMPERO A GOSTO,15.0,ABA_RECEITA
DietaDetox250,Caldo de frango desfiado com ervilha e nozes 250g,1.0,NOZES QUARTILHO (QUEBRADINHA),10.0,ABA_RECEITA
DietaDetox250,Caldo de Frango e abobrinha com amendoas 250g,1.0,PEITO DE FRANGO SEM OSSO E SEM PELE,80.0,ABA_RECEITA
DietaDetox250,Caldo de Frango e abobrinha com amendoas 250g,1.0,ABOBRINHA ITALIANA,70.0,ABA_RECEITA
DietaDetox250,Caldo de Frango e abobrinha com amendoas 250g,1.0,ALHO 65g,20.0,ABA_RECEITA
DietaDetox250,Caldo de Frango e abobrinha com amendoas 250g,1.0,CEBOLA 258g,20.0,ABA_RECEITA
DietaDetox250,Caldo de Frango e abobrinha com amendoas 250g,1.0,AZEITE DE OLIVA 500ml,20.0,ABA_RECEITA
DietaDetox250,Caldo de Frango e abobrinha com amendoas 250g,1.0,SAL,15.0,ABA_RECEITA
DietaDetox250,Caldo de Frango e abobrinha com amendoas 250g,1.0,AMENDOAS CRUAS,15.0,ABA_RECEITA
DietaDetox250,Caldo de Frango e abobrinha com amendoas 250g,1.0,TEMPERO A GOSTO,15.0,ABA_RECEITA
DietaDetox250,Caldo de iscas de carne com brocolis e linhaça 250g,1.0,PATINHO (CARNE MOIDA),90.0,ABA_RECEITA
DietaDetox250,Caldo de iscas de carne com brocolis e linhaça 250g,1.0,BRÓCOLIS 250g,60.0,ABA_RECEITA
DietaDetox250,Caldo de iscas de carne com brocolis e linhaça 250g,1.0,ALHO 65g,20.0,ABA_RECEITA
DietaDetox250,Caldo de iscas de carne com brocolis e linhaça 250g,1.0,CEBOLA 258g,20.0,ABA_RECEITA
DietaDetox250,Caldo de iscas de carne com brocolis e linhaça 250g,1.0,LINHAÇA DOURADA,15.0,ABA_RECEITA
DietaDetox250,Caldo de iscas de carne com brocolis e linhaça 250g,1.0,AZEITE DE OLIVA 500ml,15.0,ABA_RECEITA
DietaDetox250,Caldo de iscas de carne com brocolis e linhaça 250g,1.0,SAL,15.0,ABA_RECEITA
DietaDetox250,Caldo de iscas de carne com brocolis e linhaça 250g,1.0,TEMPERO A GOSTO,15.0,ABA_RECEITA
DietaDetox250,"Carne moida , vagem, tomate cereja e semente de girassol 250g",1.0,PATINHO (CARNE MOIDA),85.0,ABA_RECEITA
DietaDetox250,"Carne moida , vagem, tomate cereja e semente de girassol 250g",1.0,VAGEM 206g,40.0,ABA_RECEITA
DietaDetox250,"Carne moida , vagem, tomate cereja e semente de girassol 250g",1.0,TOMATE CEREJA 280g,30.0,ABA_RECEITA
DietaDetox250,"Carne moida , vagem, tomate cereja e semente de girassol 250g",1.0,ALHO 65g,20.0,ABA_RECEITA
DietaDetox250,"Carne moida , vagem, tomate cereja e semente de girassol 250g",1.0,CEBOLA 258g,20.0,ABA_RECEITA
DietaDetox250,"Carne moida , vagem, tomate cereja e semente de girassol 250g",1.0,AZEITE DE OLIVA 500ml,20.0,ABA_RECEITA
DietaDetox250,"Carne moida , vagem, tomate cereja e semente de girassol 250g",1.0,SAL,15.0,ABA_RECEITA
DietaDetox250,"Carne moida , vagem, tomate cereja e semente de girassol 250g",1.0,TEMPERO A GOSTO,15.0,ABA_RECEITA
DietaDetox250,"Carne moida , vagem, tomate cereja e semente de girassol 250g",1.0,SEMENTE DE GIRASSOL,15.0,ABA_RECEITA
DietaDetox250,"Escondidinho de frango,purê de abobrinha,aspargo,tomate,semente de girassol 250g",1.0,PEITO DE FRANGO SEM OSSO E SEM PELE,85.0,ABA_RECEITA
DietaDetox250,"Escondidinho de frango,purê de abobrinha,aspargo,tomate,semente de girassol 250g",1.0,ABOBRINHA ITALIANA,30.0,ABA_RECEITA
DietaDetox250,"Escondidinho de frango,purê de abobrinha,aspargo,tomate,semente de girassol 250g",1.0,ASPARGO 250g,30.0,ABA_RECEITA
DietaDetox250,"Escondidinho de frango,purê de abobrinha,aspargo,tomate,semente de girassol 250g",1.0,TOMATE CEREJA 280g,20.0,ABA_RECEITA
DietaDetox250,"Escondidinho de frango,purê de abobrinha,aspargo,tomate,semente de girassol 250g",1.0,ALHO 65g,15.0,ABA_RECEITA
DietaDetox250,"Escondidinho de frango,purê de abobrinha,aspargo,tomate,semente de girassol 250g",1.0,CEBOLA 258g,15.0,ABA_RECEITA
DietaDetox250,"Escondidinho de frango,purê de abobrinha,aspargo,tomate,semente de girassol 250g",1.0,AZEITE DE OLIVA 500ml,15.0,ABA_RECEITA
DietaDetox250,"Escondidinho de frango,purê de abobrinha,aspargo,tomate,semente de girassol 250g",1.0,SAL,15.0,ABA_RECEITA
DietaDetox250,"Escondidinho de frango,purê de abobrinha,aspargo,tomate,semente de girassol 250g",1.0,SEMENTE DE GIRASSOL,15.0,ABA_RECEITA
DietaDetox250,"Escondidinho de frango,purê de abobrinha,aspargo,tomate,semente de girassol 250g",1.0,TEMPERO A GOSTO,15.0,ABA_RECEITA
DietaDetox250,"Filé de frango, brócolis, vagem, tomate cereja e chia 250g",1.0,PEITO DE FRANGO SEM OSSO E SEM PELE,80.0,ABA_RECEITA
DietaDetox250,"Filé de frango, brócolis, vagem, tomate cereja e chia 250g",1.0,BRÓCOLIS 250g,30.0,ABA_RECEITA
DietaDetox250,"Filé de frango, brócolis, vagem, tomate cereja e chia 250g",1.0,VAGEM 206g,30.0,ABA_RECEITA
DietaDetox250,"Filé de frango, brócolis, vagem, tomate cereja e chia 250g",1.0,ALHO 65g,20.0,ABA_RECEITA
DietaDetox250,"Filé de frango, brócolis, vagem, tomate cereja e chia 250g",1.0,CEBOLA 258g,20.0,ABA_RECEITA
DietaDetox250,"Filé de frango, brócolis, vagem, tomate cereja e chia 250g",1.0,AZEITE DE OLIVA 500ml,15.0,ABA_RECEITA
DietaDetox250,"Filé de frango, brócolis, vagem, tomate cereja e chia 250g",1.0,SAL,15.0,ABA_RECEITA
DietaDetox250,"Filé de frango, brócolis, vagem, tomate cereja e chia 250g",1.0,TEMPERO A GOSTO,15.0,ABA_RECEITA
DietaDetox250,"Filé de frango, brócolis, vagem, tomate cereja e chia 250g",1.0,TOMATE CEREJA 280g,15.0,ABA_RECEITA
DietaDetox250,"Filé de frango, brócolis, vagem, tomate cereja e chia 250g",1.0,CHIA (EXTRA BLACK),10.0,ABA_RECEITA
DietaDetox250,"Filé de merluza com pure de couve flor, tomate cereja e nozes 250g",1.0,FILÉ DE MERLUSA,90.0,ABA_RECEITA
DietaDetox250,"Filé de merluza com pure de couve flor, tomate cereja e nozes 250g",1.0,COUVE 250g,45.0,ABA_RECEITA
DietaDetox250,"Filé de merluza com pure de couve flor, tomate cereja e nozes 250g",1.0,ALHO 65g,20.0,ABA_RECEITA
DietaDetox250,"Filé de merluza com pure de couve flor, tomate cereja e nozes 250g",1.0,CEBOLA 258g,20.0,ABA_RECEITA
DietaDetox250,"Filé de merluza com pure de couve flor, tomate cereja e nozes 250g",1.0,TOMATE CEREJA 280g,20.0,ABA_RECEITA
DietaDetox250,"Filé de merluza com pure de couve flor, tomate cereja e nozes 250g",1.0,AZEITE DE OLIVA 500ml,15.0,ABA_RECEITA
DietaDetox250,"Filé de merluza com pure de couve flor, tomate cereja e nozes 250g",1.0,SAL,15.0,ABA_RECEITA
DietaDetox250,"Filé de merluza com pure de couve flor, tomate cereja e nozes 250g",1.0,TEMPERO A GOSTO,15.0,ABA_RECEITA
DietaDetox250,"Filé de merluza com pure de couve flor, tomate cereja e nozes 250g",1.0,NOZES QUARTILHO (QUEBRADINHA),10.0,ABA_RECEITA
DietaDetox250,"Frango Xadrez com pimentão, espinafre, tomate cereja e amendoas 250g",1.0,PEITO DE FRANGO SEM OSSO E SEM PELE,90.0,ABA_RECEITA
DietaDetox250,"Frango Xadrez com pimentão, espinafre, tomate cereja e amendoas 250g",1.0,PIMENTÃO VERMELHO 464g,30.0,ABA_RECEITA
DietaDetox250,"Frango Xadrez com pimentão, espinafre, tomate cereja e amendoas 250g",1.0,ESPINAFRE 350g,30.0,ABA_RECEITA
DietaDetox250,"Frango Xadrez com pimentão, espinafre, tomate cereja e amendoas 250g",1.0,ALHO 65g,20.0,ABA_RECEITA
DietaDetox250,"Frango Xadrez com pimentão, espinafre, tomate cereja e amendoas 250g",1.0,CEBOLA 258g,20.0,ABA_RECEITA
DietaDetox250,"Frango Xadrez com pimentão, espinafre, tomate cereja e amendoas 250g",1.0,AZEITE DE OLIVA 500ml,15.0,ABA_RECEITA
DietaDetox250,"Frango Xadrez com pimentão, espinafre, tomate cereja e amendoas 250g",1.0,SAL,15.0,ABA_RECEITA
DietaDetox250,"Frango Xadrez com pimentão, espinafre, tomate cereja e amendoas 250g",1.0,TEMPERO A GOSTO,15.0,ABA_RECEITA
DietaDetox250,"Frango Xadrez com pimentão, espinafre, tomate cereja e amendoas 250g",1.0,TOMATE CEREJA 280g,15.0,ABA_RECEITA
DietaDetox250,"Frango Xadrez com pimentão, espinafre, tomate cereja e amendoas 250g",1.0,AMENDOAS CRUAS,10.0,ABA_RECEITA
DietaDetox250,"Frango Xadrez com Pure de abobrinha , brocólis, tomate cereja e chia 250g",1.0,PEITO DE FRANGO SEM OSSO E SEM PELE,90.0,ABA_RECEITA
DietaDetox250,"Frango Xadrez com Pure de abobrinha , brocólis, tomate cereja e chia 250g",1.0,ABOBRINHA ITALIANA,50.0,ABA_RECEITA
DietaDetox250,"Frango Xadrez com Pure de abobrinha , brocólis, tomate cereja e chia 250g",1.0,BRÓCOLIS 250g,20.0,ABA_RECEITA
DietaDetox250,"Frango Xadrez com Pure de abobrinha , brocólis, tomate cereja e chia 250g",1.0,CEBOLA 258g,15.0,ABA_RECEITA
DietaDetox250,"Frango Xadrez com Pure de abobrinha , brocólis, tomate cereja e chia 250g",1.0,ALHO 65g,15.0,ABA_RECEITA
DietaDetox250,"Frango Xadrez com Pure de abobrinha , brocólis, tomate cereja e chia 250g",1.0,AZEITE DE OLIVA 500ml,15.0,ABA_RECEITA
DietaDetox250,"Frango Xadrez com Pure de abobrinha , brocólis, tomate cereja e chia 250g",1.0,PIMENTÃO VERDE 227g,10.0,ABA_RECEITA
DietaDetox250,"Frango Xadrez com Pure de abobrinha , brocólis, tomate cereja e chia 250g",1.0,SAL,10.0,ABA_RECEITA
DietaDetox250,"Frango Xadrez com Pure de abobrinha , brocólis, tomate cereja e chia 250g",1.0,TEMPERO A GOSTO,10.0,ABA_RECEITA
DietaDetox250,"Frango Xadrez com Pure de abobrinha , brocólis, tomate cereja e chia 250g",1.0,TOMATE CEREJA 280g,10.0,ABA_RECEITA
DietaDetox250,"Iscas de carne, brócolis, pimentão e amendoas 250g",1.0,PATINHO (CARNE MOIDA),90.0,ABA_RECEITA
DietaDetox250,"Iscas de carne, brócolis, pimentão e amendoas 250g",1.0,PIMENTÃO VERMELHO 464g,30.0,ABA_RECEITA
DietaDetox250,"Iscas de carne, brócolis, pimentão e amendoas 250g",1.0,BRÓCOLIS 250g,30.0,ABA_RECEITA
DietaDetox250,"Iscas de carne, brócolis, pimentão e amendoas 250g",1.0,ALHO 65g,20.0,ABA_RECEITA
DietaDetox250,"Iscas de carne, brócolis, pimentão e amendoas 250g",1.0,CEBOLA 258g,20.0,ABA_RECEITA
DietaDetox250,"Iscas de carne, brócolis, pimentão e amendoas 250g",1.0,AZEITE DE OLIVA 500ml,15.0,ABA_RECEITA
DietaDetox250,"Iscas de carne, brócolis, pimentão e amendoas 250g",1.0,SAL,15.0,ABA_RECEITA
DietaDetox250,"Iscas de carne, brócolis, pimentão e amendoas 250g",1.0,AMENDOAS CRUAS,15.0,ABA_RECEITA
DietaDetox250,"Iscas de carne, brócolis, pimentão e amendoas 250g",1.0,TEMPERO A GOSTO,15.0,ABA_RECEITA
DietaDetox250,Ragu de carne com abobrinha e ervilha grelhada e linhaça 250g,1.0,PATINHO (CARNE MOIDA),90.0,ABA_RECEITA
DietaDetox250,Ragu de carne com abobrinha e ervilha grelhada e linhaça 250g,1.0,ERVILHA 500g YOKI,35.0,ABA_RECEITA
DietaDetox250,Ragu de carne com abobrinha e ervilha grelhada e linhaça 250g,1.0,ABOBRINHA ITALIANA,35.0,ABA_RECEITA
DietaDetox250,Ragu de carne com abobrinha e ervilha grelhada e linhaça 250g,1.0,ALHO 65g,20.0,ABA_RECEITA
DietaDetox250,Ragu de carne com abobrinha e ervilha grelhada e linhaça 250g,1.0,CEBOLA 258g,20.0,ABA_RECEITA
DietaDetox250,Ragu de carne com abobrinha e ervilha grelhada e linhaça 250g,1.0,AZEITE DE OLIVA 500ml,15.0,ABA_RECEITA
DietaDetox250,Ragu de carne com abobrinha e ervilha grelhada e linhaça 250g,1.0,SAL,15.0,ABA_RECEITA
DietaDetox250,Ragu de carne com abobrinha e ervilha grelhada e linhaça 250g,1.0,TEMPERO A GOSTO,15.0,ABA_RECEITA
DietaDetox250,Ragu de carne com abobrinha e ervilha grelhada e linhaça 250g,1.0,LINHAÇA DOURADA,10.0,ABA_RECEITA
DietaDetox250,"Ragu de carne com pure de couve flor, alho poró, tomate cereja e chia 250g",1.0,ACÉM sem osso,90.0,ABA_RECEITA
DietaDetox250,"Ragu de carne com pure de couve flor, alho poró, tomate cereja e chia 250g",1.0,COUVE  FLOR 250g,90.0,ABA_RECEITA
DietaDetox250,"Ragu de carne com pure de couve flor, alho poró, tomate cereja e chia 250g",1.0,ALHO 65g,45.0,ABA_RECEITA
DietaDetox250,"Ragu de carne com pure de couve flor, alho poró, tomate cereja e chia 250g",1.0,CEBOLA 258g,5.0,ABA_RECEITA
DietaDetox250,"Ragu de carne com pure de couve flor, alho poró, tomate cereja e chia 250g",1.0,SAL,5.0,ABA_RECEITA
DietaDetox250,"Ragu de carne com pure de couve flor, alho poró, tomate cereja e chia 250g",1.0,CHIA (EXTRA BLACK),5.0,ABA_RECEITA
DietaDetox250,"Ragu de carne com pure de couve flor, alho poró, tomate cereja e chia 250g",1.0,TEMPERO A GOSTO,5.0,ABA_RECEITA
DietaDetox250,"Ragu de carne com pure de couve flor, alho poró, tomate cereja e chia 250g",1.0,TOMATE CEREJA 280g,5.0,ABA_RECEITA
DietaDetox250,"Rocambole de carne, couve, tomate cereja e nozes 250g",1.0,PATINHO (CARNE MOIDA),90.0,ABA_RECEITA
DietaDetox250,"Rocambole de carne, couve, tomate cereja e nozes 250g",1.0,COUVE 250g,50.0,ABA_RECEITA
DietaDetox250,"Rocambole de carne, couve, tomate cereja e nozes 250g",1.0,ALHO 65g,20.0,ABA_RECEITA
DietaDetox250,"Rocambole de carne, couve, tomate cereja e nozes 250g",1.0,CEBOLA 258g,20.0,ABA_RECEITA
DietaDetox250,"Rocambole de carne, couve, tomate cereja e nozes 250g",1.0,TOMATE CEREJA 280g,20.0,ABA_RECEITA
DietaDetox250,"Rocambole de carne, couve, tomate cereja e nozes 250g",1.0,AZEITE DE OLIVA 500ml,15.0,ABA_RECEITA
DietaDetox250,"Rocambole de carne, couve, tomate cereja e nozes 250g",1.0,SAL,15.0,ABA_RECEITA
DietaDetox250,"Rocambole de carne, couve, tomate cereja e nozes 250g",1.0,TEMPERO A GOSTO,15.0,ABA_RECEITA
DietaDetox250,"Rocambole de carne, couve, tomate cereja e nozes 250g",1.0,NOZES QUARTILHO (QUEBRADINHA),10.0,ABA_RECEITA
DietaDetox250,"Rolinho de berinjela com frango, couve, tomate cereja e linhaça 250g",1.0,PEITO DE FRANGO SEM OSSO E SEM PELE,90.0,ABA_RECEITA
DietaDetox250,"Rolinho de berinjela com frango, couve, tomate cereja e linhaça 250g",1.0,BERINJELA 381g,30.0,ABA_RECEITA
DietaDetox250,"Rolinho de berinjela com frango, couve, tomate cereja e linhaça 250g",1.0,COUVE 250g,30.0,ABA_RECEITA
DietaDetox250,"Rolinho de berinjela com frango, couve, tomate cereja e linhaça 250g",1.0,ALHO 65g,20.0,ABA_RECEITA
DietaDetox250,"Rolinho de berinjela com frango, couve, tomate cereja e linhaça 250g",1.0,CEBOLA 258g,20.0,ABA_RECEITA
DietaDetox250,"Rolinho de berinjela com frango, couve, tomate cereja e linhaça 250g",1.0,TOMATE CEREJA 280g,20.0,ABA_RECEITA
DietaDetox250,"Rolinho de berinjela com frango, couve, tomate cereja e linhaça 250g",1.0,AZEITE DE OLIVA 500ml,15.0,ABA_RECEITA
DietaDetox250,"Rolinho de berinjela com frango, couve, tomate cereja e linhaça 250g",1.0,SAL,15.0,ABA_RECEITA
DietaDetox250,"Rolinho de berinjela com frango, couve, tomate cereja e linhaça 250g",1.0,TEMPERO A GOSTO,15.0,ABA_RECEITA
DietaDetox250,"Rolinho de berinjela com frango, couve, tomate cereja e linhaça 250g",1.0,LINHAÇA DOURADA,10.0,ABA_RECEITA
DietaDetox250,"Tilapia com espinafre, aspargos, tomate cereja e amendoas 250g",1.0,TILAPIA,90.0,ABA_RECEITA
DietaDetox250,"Tilapia com espinafre, aspargos, tomate cereja e amendoas 250g",1.0,ESPINAFRE 350g,45.0,ABA_RECEITA
DietaDetox250,"Tilapia com espinafre, aspargos, tomate cereja e amendoas 250g",1.0,ALHO 65g,20.0,ABA_RECEITA
DietaDetox250,"Tilapia com espinafre, aspargos, tomate cereja e amendoas 250g",1.0,CEBOLA 258g,20.0,ABA_RECEITA
DietaDetox250,"Tilapia com espinafre, aspargos, tomate cereja e amendoas 250g",1.0,TOMATE CEREJA 280g,20.0,ABA_RECEITA
DietaDetox250,"Tilapia com espinafre, aspargos, tomate cereja e amendoas 250g",1.0,AZEITE DE OLIVA 500ml,15.0,ABA_RECEITA
DietaDetox250,"Tilapia com espinafre, aspargos, tomate cereja e amendoas 250g",1.0,SAL,15.0,ABA_RECEITA
DietaDetox250,"Tilapia com espinafre, aspargos, tomate cereja e amendoas 250g",1.0,TEMPERO A GOSTO,15.0,ABA_RECEITA
DietaDetox250,"Tilapia com espinafre, aspargos, tomate cereja e amendoas 250g",1.0,AMENDOAS CRUAS,10.0,ABA_RECEITA
DietaDetox250,"Iscas de carne , brócolis, tomate cereja e semente de girassol 250g",1.0,COXÃO MOLE,80.0,ABA_RECEITA
DietaDetox250,"Iscas de carne , brócolis, tomate cereja e semente de girassol 250g",1.0,BRÓCOLIS 250g,100.0,ABA_RECEITA
DietaDetox250,"Iscas de carne , brócolis, tomate cereja e semente de girassol 250g",1.0,TOMATE CEREJA 280g,35.0,ABA_RECEITA
DietaDetox250,"Iscas de carne , brócolis, tomate cereja e semente de girassol 250g",1.0,SEMENTE DE GIRASSOL,5.0,ABA_RECEITA
DietaDetox250,"Iscas de carne , brócolis, tomate cereja e semente de girassol 250g",1.0,AZEITE DE OLIVA 500ml,10.0,ABA_RECEITA
DietaDetox250,"Iscas de carne , brócolis, tomate cereja e semente de girassol 250g",1.0,TEMPERO A GOSTO,5.0,ABA_RECEITA
DietaDetox250,"Iscas de carne , brócolis, tomate cereja e semente de girassol 250g",1.0,SAL,5.0,ABA_RECEITA
DietaDetox250,"Iscas de carne , brócolis, tomate cereja e semente de girassol 250g",1.0,ALHO 65g,5.0,ABA_RECEITA
DietaDetox250,"Iscas de carne , brócolis, tomate cereja e semente de girassol 250g",1.0,CEBOLA 258g,5.0,ABA_RECEITA
DietaDetox250,"Filé de Tilapia, abobrinha, lasca de abóbora, pimenta biquinho e nozes 250g",1.0,TILAPIA,115.0,ABA_RECEITA
DietaDetox250,"Filé de Tilapia, abobrinha, lasca de abóbora, pimenta biquinho e nozes 250g",1.0,ABOBRINHA,60.0,ABA_RECEITA
DietaDetox250,"Filé de Tilapia, abobrinha, lasca de abóbora, pimenta biquinho e nozes 250g",1.0,Lascas de abóbora,20.0,ABA_RECEITA
DietaDetox250,"Filé de Tilapia, abobrinha, lasca de abóbora, pimenta biquinho e nozes 250g",1.0,PIMENTA BIQUINHO VERMELHA EM COSERVA 309g,20.0,ABA_RECEITA
DietaDetox250,"Filé de Tilapia, abobrinha, lasca de abóbora, pimenta biquinho e nozes 250g",1.0,NOZES QUARTILHO (QUEBRADINHA),5.0,ABA_RECEITA
DietaDetox250,"Filé de Tilapia, abobrinha, lasca de abóbora, pimenta biquinho e nozes 250g",1.0,AZEITE DE OLIVA 500ml,10.0,ABA_RECEITA
DietaDetox250,"Filé de Tilapia, abobrinha, lasca de abóbora, pimenta biquinho e nozes 250g",1.0,TEMPERO A GOSTO,5.0,ABA_RECEITA
DietaDetox250,"Filé de Tilapia, abobrinha, lasca de abóbora, pimenta biquinho e nozes 250g",1.0,SAL,5.0,ABA_RECEITA
DietaDetox250,"Filé de Tilapia, abobrinha, lasca de abóbora, pimenta biquinho e nozes 250g",1.0,ALHO 65g,5.0,ABA_RECEITA
DietaDetox250,"Filé de Tilapia, abobrinha, lasca de abóbora, pimenta biquinho e nozes 250g",1.0,CEBOLA 258g,5.0,ABA_RECEITA
DietaDetox250,"Filé de frango, vagem, tomate cereja, lascas de abóbora e linhaça 250g",1.0,PEITO DE FRANGO SEM OSSO E SEM PELE,100.0,ABA_RECEITA
DietaDetox250,"Filé de frango, vagem, tomate cereja, lascas de abóbora e linhaça 250g",1.0,VAGEM 206g,75.0,ABA_RECEITA
DietaDetox250,"Filé de frango, vagem, tomate cereja, lascas de abóbora e linhaça 250g",1.0,TOMATE CEREJA 280g,20.0,ABA_RECEITA
DietaDetox250,"Filé de frango, vagem, tomate cereja, lascas de abóbora e linhaça 250g",1.0,Lascas de abóbora,20.0,ABA_RECEITA
DietaDetox250,"Filé de frango, vagem, tomate cereja, lascas de abóbora e linhaça 250g",1.0,LINHAÇA DOURADA,5.0,ABA_RECEITA
DietaDetox250,"Filé de frango, vagem, tomate cereja, lascas de abóbora e linhaça 250g",1.0,AZEITE DE OLIVA 500ml,10.0,ABA_RECEITA
DietaDetox250,"Filé de frango, vagem, tomate cereja, lascas de abóbora e linhaça 250g",1.0,TEMPERO A GOSTO,5.0,ABA_RECEITA
DietaDetox250,"Filé de frango, vagem, tomate cereja, lascas de abóbora e linhaça 250g",1.0,SAL,5.0,ABA_RECEITA
DietaDetox250,"Filé de frango, vagem, tomate cereja, lascas de abóbora e linhaça 250g",1.0,ALHO 65g,5.0,ABA_RECEITA
DietaDetox250,"Filé de frango, vagem, tomate cereja, lascas de abóbora e linhaça 250g",1.0,CEBOLA 258g,5.0,ABA_RECEITA
DietaDetox250,"Filé mignon suino, pure de abóbora, brócolis, pimenta biquinho e chia 250g",1.0,Filé Mignon suino,100.0,ABA_RECEITA
DietaDetox250,"Filé mignon suino, pure de abóbora, brócolis, pimenta biquinho e chia 250g",1.0,abobora paulista,75.0,ABA_RECEITA
DietaDetox250,"Filé mignon suino, pure de abóbora, brócolis, pimenta biquinho e chia 250g",1.0,BRÓCOLIS 250g,20.0,ABA_RECEITA
DietaDetox250,"Filé mignon suino, pure de abóbora, brócolis, pimenta biquinho e chia 250g",1.0,PIMENTA BIQUINHO VERMELHA EM COSERVA 309g,20.0,ABA_RECEITA
DietaDetox250,"Filé mignon suino, pure de abóbora, brócolis, pimenta biquinho e chia 250g",1.0,CHIA (EXTRA BLACK),5.0,ABA_RECEITA
DietaDetox250,"Filé mignon suino, pure de abóbora, brócolis, pimenta biquinho e chia 250g",1.0,AZEITE DE OLIVA 500ml,10.0,ABA_RECEITA
DietaDetox250,"Filé mignon suino, pure de abóbora, brócolis, pimenta biquinho e chia 250g",1.0,TEMPERO A GOSTO,5.0,ABA_RECEITA
DietaDetox250,"Filé mignon suino, pure de abóbora, brócolis, pimenta biquinho e chia 250g",1.0,SAL,5.0,ABA_RECEITA
DietaDetox250,"Filé mignon suino, pure de abóbora, brócolis, pimenta biquinho e chia 250g",1.0,ALHO 65g,5.0,ABA_RECEITA
DietaDetox250,"Filé mignon suino, pure de abóbora, brócolis, pimenta biquinho e chia 250g",1.0,CEBOLA 258g,5.0,ABA_RECEITA
DietaDetox250,"Berinjela recheada de carne, espinafre, tomate cereja,aspargos e amendoas 250g",1.0,BERINJELA 381g,100.0,ABA_RECEITA
DietaDetox250,"Berinjela recheada de carne, espinafre, tomate cereja,aspargos e amendoas 250g",1.0,PATINHO (CARNE MOIDA),75.0,ABA_RECEITA
DietaDetox250,"Berinjela recheada de carne, espinafre, tomate cereja,aspargos e amendoas 250g",1.0,ESPINAFRE 350g,15.0,ABA_RECEITA
DietaDetox250,"Berinjela recheada de carne, espinafre, tomate cereja,aspargos e amendoas 250g",1.0,TOMATE CEREJA 280g,20.0,ABA_RECEITA
DietaDetox250,"Berinjela recheada de carne, espinafre, tomate cereja,aspargos e amendoas 250g",1.0,ASPARGO 250g,10.0,ABA_RECEITA
DietaDetox250,"Berinjela recheada de carne, espinafre, tomate cereja,aspargos e amendoas 250g",1.0,AMENDOAS CRUAS,5.0,ABA_RECEITA
DietaDetox250,"Berinjela recheada de carne, espinafre, tomate cereja,aspargos e amendoas 250g",1.0,AZEITE DE OLIVA 500ml,10.0,ABA_RECEITA
DietaDetox250,"Berinjela recheada de carne, espinafre, tomate cereja,aspargos e amendoas 250g",1.0,TEMPERO A GOSTO,5.0,ABA_RECEITA
DietaDetox250,"Berinjela recheada de carne, espinafre, tomate cereja,aspargos e amendoas 250g",1.0,SAL,5.0,ABA_RECEITA
DietaDetox250,"Berinjela recheada de carne, espinafre, tomate cereja,aspargos e amendoas 250g",1.0,ALHO 65g,5.0,ABA_RECEITA
DietaDetox250,"Frango desfiado, pure de abóbora, brócolis, tomate cereja  e chia 250g",1.0,PEITO DE FRANGO SEM OSSO E SEM PELE,100.0,ABA_RECEITA
DietaDetox250,"Frango desfiado, pure de abóbora, brócolis, tomate cereja  e chia 250g",1.0,abobora paulista,75.0,ABA_RECEITA
DietaDetox250,"Frango desfiado, pure de abóbora, brócolis, tomate cereja  e chia 250g",1.0,BRÓCOLIS 250g,20.0,ABA_RECEITA
DietaDetox250,"Frango desfiado, pure de abóbora, brócolis, tomate cereja  e chia 250g",1.0,TOMATE CEREJA 280g,20.0,ABA_RECEITA
DietaDetox250,"Frango desfiado, pure de abóbora, brócolis, tomate cereja  e chia 250g",1.0,CHIA (EXTRA BLACK),5.0,ABA_RECEITA
DietaDetox250,"Frango desfiado, pure de abóbora, brócolis, tomate cereja  e chia 250g",1.0,AZEITE DE OLIVA 500ml,10.0,ABA_RECEITA
DietaDetox250,"Frango desfiado, pure de abóbora, brócolis, tomate cereja  e chia 250g",1.0,TEMPERO A GOSTO,5.0,ABA_RECEITA
DietaDetox250,"Frango desfiado, pure de abóbora, brócolis, tomate cereja  e chia 250g",1.0,SAL,5.0,ABA_RECEITA
DietaDetox250,"Frango desfiado, pure de abóbora, brócolis, tomate cereja  e chia 250g",1.0,ALHO 65g,5.0,ABA_RECEITA
DietaDetox250,"Frango desfiado, pure de abóbora, brócolis, tomate cereja  e chia 250g",1.0,CEBOLA 258g,5.0,ABA_RECEITA
DietaDetox250,"Salmão, brócolis. Abóbora paulista grelhadas, pimenta biquinho e amendoas 250g",1.0,SALMÃO,120.0,ABA_RECEITA
DietaDetox250,"Salmão, brócolis. Abóbora paulista grelhadas, pimenta biquinho e amendoas 250g",1.0,BRÓCOLIS 250g,65.0,ABA_RECEITA
DietaDetox250,"Salmão, brócolis. Abóbora paulista grelhadas, pimenta biquinho e amendoas 250g",1.0,abobora paulista,20.0,ABA_RECEITA
DietaDetox250,"Salmão, brócolis. Abóbora paulista grelhadas, pimenta biquinho e amendoas 250g",1.0,PIMENTA BIQUINHO VERMELHA EM COSERVA 309g,15.0,ABA_RECEITA
DietaDetox250,"Salmão, brócolis. Abóbora paulista grelhadas, pimenta biquinho e amendoas 250g",1.0,AMENDOAS CRUAS,5.0,ABA_RECEITA
DietaDetox250,"Salmão, brócolis. Abóbora paulista grelhadas, pimenta biquinho e amendoas 250g",1.0,AZEITE DE OLIVA 500ml,10.0,ABA_RECEITA
DietaDetox250,"Salmão, brócolis. Abóbora paulista grelhadas, pimenta biquinho e amendoas 250g",1.0,TEMPERO A GOSTO,5.0,ABA_RECEITA
DietaDetox250,"Salmão, brócolis. Abóbora paulista grelhadas, pimenta biquinho e amendoas 250g",1.0,SAL,5.0,ABA_RECEITA
DietaDetox250,"Salmão, brócolis. Abóbora paulista grelhadas, pimenta biquinho e amendoas 250g",1.0,ALHO 65g,5.0,ABA_RECEITA
DietaDetox250,"Salmão, brócolis. Abóbora paulista grelhadas, pimenta biquinho e amendoas 250g",1.0,CEBOLA 258g,5.0,ABA_RECEITA
DietaDetox250,"Frango xadrez,brócolis,tomate cereja,pimentão,cebola,semente de girassol 250g",1.0,PEITO DE FRANGO SEM OSSO E SEM PELE,100.0,ABA_RECEITA
DietaDetox250,"Frango xadrez,brócolis,tomate cereja,pimentão,cebola,semente de girassol 250g",1.0,BRÓCOLIS 250g,65.0,ABA_RECEITA
DietaDetox250,"Frango xadrez,brócolis,tomate cereja,pimentão,cebola,semente de girassol 250g",1.0,TOMATE CEREJA 280g,20.0,ABA_RECEITA
DietaDetox250,"Frango xadrez,brócolis,tomate cereja,pimentão,cebola,semente de girassol 250g",1.0,PIMENTÃO VERMELHO 464g,15.0,ABA_RECEITA
DietaDetox250,"Frango xadrez,brócolis,tomate cereja,pimentão,cebola,semente de girassol 250g",1.0,PIMENTÃO AMARELO 288G,5.0,ABA_RECEITA
DietaDetox250,"Frango xadrez,brócolis,tomate cereja,pimentão,cebola,semente de girassol 250g",1.0,CEBOLA 258g,15.0,ABA_RECEITA
DietaDetox250,"Frango xadrez,brócolis,tomate cereja,pimentão,cebola,semente de girassol 250g",1.0,SEMENTE DE GIRASSOL,5.0,ABA_RECEITA
DietaDetox250,"Frango xadrez,brócolis,tomate cereja,pimentão,cebola,semente de girassol 250g",1.0,AZEITE DE OLIVA 500ml,10.0,ABA_RECEITA
DietaDetox250,"Frango xadrez,brócolis,tomate cereja,pimentão,cebola,semente de girassol 250g",1.0,TEMPERO A GOSTO,5.0,ABA_RECEITA
DietaDetox250,"Frango xadrez,brócolis,tomate cereja,pimentão,cebola,semente de girassol 250g",1.0,SAL,5.0,ABA_RECEITA
DietaDetox250,"Filé de tilapia, espinafre, vagem, tomate cereja, pimenta biquinho e nozes 250g",1.0,TILAPIA,110.0,ABA_RECEITA
DietaDetox250,"Filé de tilapia, espinafre, vagem, tomate cereja, pimenta biquinho e nozes 250g",1.0,ESPINAFRE 350g,60.0,ABA_RECEITA
DietaDetox250,"Filé de tilapia, espinafre, vagem, tomate cereja, pimenta biquinho e nozes 250g",1.0,VAGEM 206g,20.0,ABA_RECEITA
DietaDetox250,"Filé de tilapia, espinafre, vagem, tomate cereja, pimenta biquinho e nozes 250g",1.0,TOMATE CEREJA 280g,15.0,ABA_RECEITA
DietaDetox250,"Filé de tilapia, espinafre, vagem, tomate cereja, pimenta biquinho e nozes 250g",1.0,PIMENTA BIQUINHO VERMELHA EM COSERVA 309g,5.0,ABA_RECEITA
DietaDetox250,"Filé de tilapia, espinafre, vagem, tomate cereja, pimenta biquinho e nozes 250g",1.0,NOZES QUARTILHO (QUEBRADINHA),10.0,ABA_RECEITA
DietaDetox250,"Filé de tilapia, espinafre, vagem, tomate cereja, pimenta biquinho e nozes 250g",1.0,AZEITE DE OLIVA 500ml,10.0,ABA_RECEITA
DietaDetox250,"Filé de tilapia, espinafre, vagem, tomate cereja, pimenta biquinho e nozes 250g",1.0,TEMPERO A GOSTO,5.0,ABA_RECEITA
DietaDetox250,"Filé de tilapia, espinafre, vagem, tomate cereja, pimenta biquinho e nozes 250g",1.0,SAL,5.0,ABA_RECEITA
DietaDetox250,"Filé de tilapia, espinafre, vagem, tomate cereja, pimenta biquinho e nozes 250g",1.0,ALHO 65g,5.0,ABA_RECEITA
DietaDetox250,"Almondegas verde de frango,abobrinha,lascas abóbora grel., pimenta, linhaça 250g",1.0,PEITO DE FRANGO SEM OSSO E SEM PELE,100.0,ABA_RECEITA
DietaDetox250,"Almondegas verde de frango,abobrinha,lascas abóbora grel., pimenta, linhaça 250g",1.0,ABOBRINHA,65.0,ABA_RECEITA
DietaDetox250,"Almondegas verde de frango,abobrinha,lascas abóbora grel., pimenta, linhaça 250g",1.0,abobora paulista,20.0,ABA_RECEITA
DietaDetox250,"Almondegas verde de frango,abobrinha,lascas abóbora grel., pimenta, linhaça 250g",1.0,PIMENTA BIQUINHO VERMELHA EM COSERVA 309g,15.0,ABA_RECEITA
DietaDetox250,"Almondegas verde de frango,abobrinha,lascas abóbora grel., pimenta, linhaça 250g",1.0,LINHAÇA DOURADA,5.0,ABA_RECEITA
DietaDetox250,"Almondegas verde de frango,abobrinha,lascas abóbora grel., pimenta, linhaça 250g",1.0,AZEITE DE OLIVA 500ml,10.0,ABA_RECEITA
DietaDetox250,"Almondegas verde de frango,abobrinha,lascas abóbora grel., pimenta, linhaça 250g",1.0,TEMPERO A GOSTO,5.0,ABA_RECEITA
DietaDetox250,"Almondegas verde de frango,abobrinha,lascas abóbora grel., pimenta, linhaça 250g",1.0,SAL,5.0,ABA_RECEITA
DietaDetox250,"Almondegas verde de frango,abobrinha,lascas abóbora grel., pimenta, linhaça 250g",1.0,ALHO 65g,5.0,ABA_RECEITA
DietaDetox250,"Almondegas verde de frango,abobrinha,lascas abóbora grel., pimenta, linhaça 250g",1.0,CEBOLA 258g,5.0,ABA_RECEITA
Vegetariana250,Arroz com brócolis e amêndoas 250g,3.0,MANTEIGA AVIAÇÃO 200g,7.0,ABA_RECEITA
Vegetariana250,Arroz com brócolis e amêndoas 250g,3.0,ALHO 65g,2.333333,ABA_RECEITA
Vegetariana250,Arroz com brócolis e amêndoas 250g,3.0,BRÓCOLIS 250g,66.666667,ABA_RECEITA
Vegetariana250,Arroz com brócolis e amêndoas 250g,3.0,ARROZ BRANCO,26.666667,ABA_RECEITA
Vegetariana250,Arroz com brócolis e amêndoas 250g,3.0,sal,3.666667,ABA_RECEITA
Vegetariana250,Arroz com brócolis e amêndoas 250g,3.0,AGUA FILTRADA 20l,119.0,ABA_RECEITA
Vegetariana250,Arroz com brócolis e amêndoas 250g,3.0,AMENDOIM PREMIUM TORRADO SEM SAL,16.666667,ABA_RECEITA
Vegetariana250,Arroz com brócolis e amêndoas 250g,3.0,AZEITE DE OLIVA 500ml,6.666667,ABA_RECEITA
Vegetariana250,Arroz com brócolis e amêndoas 250g,3.0,TEMPERO A GOSTO,6.666667,ABA_RECEITA
Vegetariana250,Arroz com Tofu e Legumes 250g,4.0,ARROZ INTEGRAL,30.25,ABA_RECEITA
Vegetariana250,Arroz com Tofu e Legumes 250g,4.0,LINHAÇA DOURADA,2.5,ABA_RECEITA
Vegetariana250,Arroz com Tofu e Legumes 250g,4.0,QUEIJO TOFU (SOJA),50.0,ABA_RECEITA
Vegetariana250,Arroz com Tofu e Legumes 250g,4.0,BATATA INGLESA,100.0,ABA_RECEITA
Vegetariana250,Arroz com Tofu e Legumes 250g,4.0,BRÓCOLIS 250g,22.25,ABA_RECEITA
Vegetariana250,Arroz com Tofu e Legumes 250g,4.0,ABOBRINHA ITALIANA,12.5,ABA_RECEITA
Vegetariana250,Arroz com Tofu e Legumes 250g,4.0,CENOURA 200g,12.5,ABA_RECEITA
Vegetariana250,Arroz com Tofu e Legumes 250g,4.0,TOMATE CEREJA 280g,5.25,ABA_RECEITA
Vegetariana250,Arroz com Tofu e Legumes 250g,4.0,AÇAFRÃO DA TERRA (SEM MISTURA)=CURCUMA,1.0,ABA_RECEITA
Vegetariana250,Arroz de Forno com Cenoura e Ervilha 250g,6.0,AZEITE DE OLIVA 500ml,3.333333,ABA_RECEITA
Vegetariana250,Arroz de Forno com Cenoura e Ervilha 250g,6.0,CEBOLA 258g,6.666667,ABA_RECEITA
Vegetariana250,Arroz de Forno com Cenoura e Ervilha 250g,6.0,CENOURA 200g,50.0,ABA_RECEITA
Vegetariana250,Arroz de Forno com Cenoura e Ervilha 250g,6.0,TEMPERO A GOSTO,8.166667,ABA_RECEITA
Vegetariana250,Arroz de Forno com Cenoura e Ervilha 250g,6.0,ERVILHA 500g YOKI,29.833333,ABA_RECEITA
Vegetariana250,Arroz de Forno com Cenoura e Ervilha 250g,6.0,CREME DE LEITE 200g,36.666667,ABA_RECEITA
Vegetariana250,Arroz de Forno com Cenoura e Ervilha 250g,6.0,LEITE INTEGRAL 1L,29.5,ABA_RECEITA
Vegetariana250,Arroz de Forno com Cenoura e Ervilha 250g,6.0,SAL,2.5,ABA_RECEITA
Vegetariana250,Arroz de Forno com Cenoura e Ervilha 250g,6.0,QUEIJO MUSSARELA pedaço,16.666667,ABA_RECEITA
Vegetariana250,Arroz de Forno com Cenoura e Ervilha 250g,6.0,QUEIJO PARMESÃO,16.666667,ABA_RECEITA
Vegetariana250,Arroz de Forno Cremoso com Espinafre 250g,3.0,ESPINAFRE 350g,41.666667,ABA_RECEITA
Vegetariana250,Arroz de Forno Cremoso com Espinafre 250g,3.0,AZEITE DE OLIVA 500ml,6.666667,ABA_RECEITA
Vegetariana250,Arroz de Forno Cremoso com Espinafre 250g,3.0,ALHO 65g,3.333333,ABA_RECEITA
Vegetariana250,Arroz de Forno Cremoso com Espinafre 250g,3.0,ARROZ BRANCO,50.0,ABA_RECEITA
Vegetariana250,Arroz de Forno Cremoso com Espinafre 250g,3.0,tempero a gosto,9.666667,ABA_RECEITA
Vegetariana250,Arroz de Forno Cremoso com Espinafre 250g,3.0,CREME DE LEITE 200g,64.666667,ABA_RECEITA
Vegetariana250,Arroz de Forno Cremoso com Espinafre 250g,3.0,REQUEIJÃO LIGHT catupiry 200ml,33.333333,ABA_RECEITA
Vegetariana250,Arroz de Forno Cremoso com Espinafre 250g,3.0,sal,5.0,ABA_RECEITA
Vegetariana250,Arroz de Forno Cremoso com Espinafre 250g,3.0,pimenta preta,2.333333,ABA_RECEITA
Vegetariana250,Arroz de Forno Cremoso com Espinafre 250g,3.0,QUEIJO MUSSARELA pedaço,33.333333,ABA_RECEITA
Vegetariana250,Caçarola de Abobrinha com Carne Moída 250g,6.0,AZEITE DE OLIVA 500ml,3.333333,ABA_RECEITA
Vegetariana250,Caçarola de Abobrinha com Carne Moída 250g,6.0,Carne moída de soja muito saborosa 350g,100.0,ABA_RECEITA
Vegetariana250,Caçarola de Abobrinha com Carne Moída 250g,6.0,CEBOLA 258g,5.0,ABA_RECEITA
Vegetariana250,Caçarola de Abobrinha com Carne Moída 250g,6.0,"PASTA DE TOMATE CONCENTRADA 2,005kg",28.333333,ABA_RECEITA
Vegetariana250,Caçarola de Abobrinha com Carne Moída 250g,6.0,pimenta pretA,0.666667,ABA_RECEITA
Vegetariana250,Caçarola de Abobrinha com Carne Moída 250g,6.0,MANJERICÃO maço 50g,1.666667,ABA_RECEITA
Vegetariana250,Caçarola de Abobrinha com Carne Moída 250g,6.0,ABOBRINHA ITALIANA,33.333333,ABA_RECEITA
Vegetariana250,Caçarola de Abobrinha com Carne Moída 250g,6.0,CENOURA 200g,33.333333,ABA_RECEITA
Vegetariana250,Caçarola de Abobrinha com Carne Moída 250g,6.0,QUEIJO MUSSARELA pedaço,25.0,ABA_RECEITA
Vegetariana250,Caçarola de Abobrinha com Carne Moída 250g,6.0,QUEIJO PARMESÃO,13.5,ABA_RECEITA
Vegetariana250,Couscous de couve flor 250g,4.0,COUVE  FLOR 250g,75.0,ABA_RECEITA
Vegetariana250,Couscous de couve flor 250g,4.0,AZEITE DE OLIVA 500ml,10.0,ABA_RECEITA
Vegetariana250,Couscous de couve flor 250g,4.0,AÇAFRÃO DA TERRA (SEM MISTURA)=CURCUMA,1.25,ABA_RECEITA
Vegetariana250,Couscous de couve flor 250g,4.0,sal,2.5,ABA_RECEITA
Vegetariana250,Couscous de couve flor 250g,4.0,CENOURA 200g,37.5,ABA_RECEITA
Vegetariana250,Couscous de couve flor 250g,4.0,PIMENTÃO VERMELHO 464g,32.5,ABA_RECEITA
Vegetariana250,Couscous de couve flor 250g,4.0,ABOBRINHA ITALIANA,32.0,ABA_RECEITA
Vegetariana250,Couscous de couve flor 250g,4.0,CEBOLA 258g,10.0,ABA_RECEITA
Vegetariana250,Couscous de couve flor 250g,4.0,UVA PASSAS PRETA SEM SEMENTE 200g,20.0,ABA_RECEITA
Vegetariana250,Couscous de couve flor 250g,4.0,HORTELÃ  maço 50g,5.0,ABA_RECEITA
Vegetariana250,Curry de Frango Vegetal 250g,4.0,AZEITE DE OLIVA 500ml,2.75,ABA_RECEITA
Vegetariana250,Curry de Frango Vegetal 250g,4.0,CEBOLA 258g,7.5,ABA_RECEITA
Vegetariana250,Curry de Frango Vegetal 250g,4.0,ALHO 65g,2.75,ABA_RECEITA
Vegetariana250,Curry de Frango Vegetal 250g,4.0,CURRY,2.75,ABA_RECEITA
Vegetariana250,Curry de Frango Vegetal 250g,4.0,COENTRO 30g,1.75,ABA_RECEITA
Vegetariana250,Curry de Frango Vegetal 250g,4.0,AÇAFRÃO DA TERRA (SEM MISTURA)=CURCUMA,1.0,ABA_RECEITA
Vegetariana250,Curry de Frango Vegetal 250g,4.0,PIMENTA DEDO DE MOÇA 200G,5.25,ABA_RECEITA
Vegetariana250,Curry de Frango Vegetal 250g,4.0,Frango desfiado Vegano 350g (vegetariano e Vegano),100.0,ABA_RECEITA
Vegetariana250,Curry de Frango Vegetal 250g,4.0,GRÃO DE BICO (8mm),32.5,ABA_RECEITA
Vegetariana250,Curry de Frango Vegetal 250g,4.0,BRÓCOLIS 250g,57.0,ABA_RECEITA
Vegetariana250,Ensopado de Lentilha com Curry e Maçã 250g,2.0,CURRY,5.5,ABA_RECEITA
Vegetariana250,Ensopado de Lentilha com Curry e Maçã 250g,2.0,LENTLHA (CANADENSE),123.0,ABA_RECEITA
Vegetariana250,Ensopado de Lentilha com Curry e Maçã 250g,2.0,MAÇÃ VERMELHA FUJI 230g,53.5,ABA_RECEITA
Vegetariana250,Ensopado de Lentilha com Curry e Maçã 250g,2.0,HORTELÃ  maço 50g,10.5,ABA_RECEITA
Vegetariana250,Ensopado de Lentilha com Curry e Maçã 250g,2.0,salsinha 150g,11.0,ABA_RECEITA
Vegetariana250,Ensopado de Lentilha com Curry e Maçã 250g,2.0,cebolinha 150g,5.5,ABA_RECEITA
Vegetariana250,Ensopado de Lentilha com Curry e Maçã 250g,2.0,SEMENTE DE MOSTARDA,2.0,ABA_RECEITA
Vegetariana250,Ensopado de Lentilha com Curry e Maçã 250g,2.0,AZEITE DE OLIVA 500ml,5.5,ABA_RECEITA
Vegetariana250,Ensopado de Lentilha com Curry e Maçã 250g,2.0,SAL,7.5,ABA_RECEITA
Vegetariana250,Ensopado de Lentilha com Curry e Maçã 250g,2.0,PIMENTA DEDO DE MOÇA 200G,16.0,ABA_RECEITA
Vegetariana250,Escondidinho de Frango Vegetal com Purê de Mandioca 250g,5.0,MANDIOCA,80.0,ABA_RECEITA
Vegetariana250,Escondidinho de Frango Vegetal com Purê de Mandioca 250g,5.0,sal,2.0,ABA_RECEITA
Vegetariana250,Escondidinho de Frango Vegetal com Purê de Mandioca 250g,5.0,MANTEIGA AVIAÇÃO 200g,4.2,ABA_RECEITA
Vegetariana250,Escondidinho de Frango Vegetal com Purê de Mandioca 250g,5.0,LEITE VEGETAL (SOJA) ADES 1L,30.0,ABA_RECEITA
Vegetariana250,Escondidinho de Frango Vegetal com Purê de Mandioca 250g,5.0,AZEITE DE OLIVA 500ml,4.0,ABA_RECEITA
Vegetariana250,Escondidinho de Frango Vegetal com Purê de Mandioca 250g,5.0,ALHO 65g,2.0,ABA_RECEITA
Vegetariana250,Escondidinho de Frango Vegetal com Purê de Mandioca 250g,5.0,CEBOLA 258g,5.0,ABA_RECEITA
Vegetariana250,Escondidinho de Frango Vegetal com Purê de Mandioca 250g,5.0,TOMATE CARMEM 330g,18.8,ABA_RECEITA
Vegetariana250,Escondidinho de Frango Vegetal com Purê de Mandioca 250g,5.0,Frango desfiado Vegano 350g (vegetariano e Vegano),80.0,ABA_RECEITA
Vegetariana250,Escondidinho de Frango Vegetal com Purê de Mandioca 250g,5.0,QUEIJO MUSSARELA pedaço,20.0,ABA_RECEITA
Vegetariana250,Frango Vegetal Xadrez 250g,4.0,OLEO DE GERGELIN 250ml,5.25,ABA_RECEITA
Vegetariana250,Frango Vegetal Xadrez 250g,4.0,ALHO 65g,2.75,ABA_RECEITA
Vegetariana250,Frango Vegetal Xadrez 250g,4.0,GENGIBRE 185g,2.75,ABA_RECEITA
Vegetariana250,Frango Vegetal Xadrez 250g,4.0,Frango desfiado Vegano 350g (vegetariano e Vegano),95.0,ABA_RECEITA
Vegetariana250,Frango Vegetal Xadrez 250g,4.0,PIMENTÃO VERMELHO 464g,17.75,ABA_RECEITA
Vegetariana250,Frango Vegetal Xadrez 250g,4.0,PIMENTÃO AMARELO 288G,17.75,ABA_RECEITA
Vegetariana250,Frango Vegetal Xadrez 250g,4.0,CEBOLA 258g,7.5,ABA_RECEITA
Vegetariana250,Frango Vegetal Xadrez 250g,4.0,CENOURA 200g,25.0,ABA_RECEITA
Vegetariana250,Frango Vegetal Xadrez 250g,4.0,AMIDO DE MILHO,2.75,ABA_RECEITA
Vegetariana250,Frango Vegetal Xadrez 250g,4.0,AGUA FILTRADA 20l,20.0,ABA_RECEITA
Vegetariana250,Nhoque de Abóbora com Molho de Carne Moída e Creme com Sálvia 250g,5.0,ABÓBORA CABOTIÃ,46.6,ABA_RECEITA
Vegetariana250,Nhoque de Abóbora com Molho de Carne Moída e Creme com Sálvia 250g,5.0,BATATA INGLESA,46.6,ABA_RECEITA
Vegetariana250,Nhoque de Abóbora com Molho de Carne Moída e Creme com Sálvia 250g,5.0,OVOS,16.0,ABA_RECEITA
Vegetariana250,Nhoque de Abóbora com Molho de Carne Moída e Creme com Sálvia 250g,5.0,sal,2.0,ABA_RECEITA
Vegetariana250,Nhoque de Abóbora com Molho de Carne Moída e Creme com Sálvia 250g,5.0,pimenta preta,2.0,ABA_RECEITA
Vegetariana250,Nhoque de Abóbora com Molho de Carne Moída e Creme com Sálvia 250g,5.0,FARINHA DE TRIGO INTEGRAL RENATA,8.0,ABA_RECEITA
Vegetariana250,Nhoque de Abóbora com Molho de Carne Moída e Creme com Sálvia 250g,5.0,MANTEIGA AVIAÇÃO 200g,5.0,ABA_RECEITA
Vegetariana250,Nhoque de Abóbora com Molho de Carne Moída e Creme com Sálvia 250g,5.0,Carne moída de soja muito saborosa 350g,80.0,ABA_RECEITA
Vegetariana250,Nhoque de Abóbora com Molho de Carne Moída e Creme com Sálvia 250g,5.0,SALVIA,17.8,ABA_RECEITA
Vegetariana250,Nhoque de Abóbora com Molho de Carne Moída e Creme com Sálvia 250g,5.0,QUEIJO TOFU (SOJA),20.0,ABA_RECEITA
Vegetariana250,Nhoque de Arroz Recheado 250g,3.0,ARROZ BRANCO,56.666667,ABA_RECEITA
Vegetariana250,Nhoque de Arroz Recheado 250g,3.0,OVOS,53.333333,ABA_RECEITA
Vegetariana250,Nhoque de Arroz Recheado 250g,3.0,QUEIJO MUSSARELA pedaço,63.0,ABA_RECEITA
Vegetariana250,Nhoque de Arroz Recheado 250g,3.0,FARINHA DE ROSCA,33.333333,ABA_RECEITA
Vegetariana250,Nhoque de Arroz Recheado 250g,3.0,MANTEIGA AVIAÇÃO 200g,10.0,ABA_RECEITA
Vegetariana250,Nhoque de Arroz Recheado 250g,3.0,SAL,3.666667,ABA_RECEITA
Vegetariana250,Nhoque de Arroz Recheado 250g,3.0,SALSINHA 150G,8.333333,ABA_RECEITA
Vegetariana250,Nhoque de Arroz Recheado 250g,3.0,CEBOLA 258g,6.666667,ABA_RECEITA
Vegetariana250,Nhoque de Arroz Recheado 250g,3.0,AZEITE DE OLIVA 500ml,3.333333,ABA_RECEITA
Vegetariana250,Nhoque de Arroz Recheado 250g,3.0,TEMPERO A GOSTO,6.666667,ABA_RECEITA
Vegetariana250,Panqueca de legumes 250g,6.0,LEITE INTEGRAL 1L,69.333333,ABA_RECEITA
Vegetariana250,Panqueca de legumes 250g,6.0,AZEITE DE OLIVA 500ml,14.166667,ABA_RECEITA
Vegetariana250,Panqueca de legumes 250g,6.0,OVOS,14.333333,ABA_RECEITA
Vegetariana250,Panqueca de legumes 250g,6.0,FARINHA DE TRIGO BRANCA,14.833333,ABA_RECEITA
Vegetariana250,Panqueca de legumes 250g,6.0,FARINHA DE TRIGO INTEGRAL RENATA,14.833333,ABA_RECEITA
Vegetariana250,Panqueca de legumes 250g,6.0,sal,3.333333,ABA_RECEITA
Vegetariana250,Panqueca de legumes 250g,6.0,QUEIJO MUSSARELA pedaço,23.333333,ABA_RECEITA
Vegetariana250,Panqueca de legumes 250g,6.0,CEBOLA 258g,10.0,ABA_RECEITA
Vegetariana250,Panqueca de legumes 250g,6.0,Mix de Legumes 870g,48.5,ABA_RECEITA
Vegetariana250,Risoto de ervilhas e cogumelos 250g,8.0,AZEITE DE OLIVA 500ml,2.625,ABA_RECEITA
Vegetariana250,Risoto de ervilhas e cogumelos 250g,8.0,COGUMELOS SHIMEJI 200g in natura,50.0,ABA_RECEITA
Vegetariana250,Risoto de ervilhas e cogumelos 250g,8.0,MANTEIGA AVIAÇÃO 200g,6.25,ABA_RECEITA
Vegetariana250,Risoto de ervilhas e cogumelos 250g,8.0,CEBOLA 258g,6.25,ABA_RECEITA
Vegetariana250,Risoto de ervilhas e cogumelos 250g,8.0,ARROZ ARBÓREO,37.5,ABA_RECEITA
Vegetariana250,Risoto de ervilhas e cogumelos 250g,8.0,VINHO BRANCO SECO 750ml,22.375,ABA_RECEITA
Vegetariana250,Risoto de ervilhas e cogumelos 250g,8.0,CALDO DE LEGUMES NATURAL,89.25,ABA_RECEITA
Vegetariana250,Risoto de ervilhas e cogumelos 250g,8.0,ERVILHA 500g YOKI,16.625,ABA_RECEITA
Vegetariana250,Risoto de ervilhas e cogumelos 250g,8.0,QUEIJO PARMESÃO,15.0,ABA_RECEITA
Vegetariana250,Parmegiana de hambúrguer Vegetal 250g,2.0,Hamburguer vegetariano 165g,59.0,ABA_RECEITA
Vegetariana250,Parmegiana de hambúrguer Vegetal 250g,2.0,"PASTA DE TOMATE CONCENTRADA 2,005kg",75.0,ABA_RECEITA
Vegetariana250,Parmegiana de hambúrguer Vegetal 250g,2.0,QUEIJO MUSSARELA pedaço,18.0,ABA_RECEITA
Vegetariana250,Parmegiana de hambúrguer Vegetal 250g,2.0,OVOS,21.5,ABA_RECEITA
Vegetariana250,Parmegiana de hambúrguer Vegetal 250g,2.0,FARINHA DE ROSCA,18.0,ABA_RECEITA
Vegetariana250,Parmegiana de hambúrguer Vegetal 250g,2.0,FARINHA DE TRIGO BRANCA,18.0,ABA_RECEITA
Vegetariana250,Parmegiana de hambúrguer Vegetal 250g,2.0,CEBOLA 258g,22.0,ABA_RECEITA
Vegetariana250,Parmegiana de hambúrguer Vegetal 250g,2.0,AÇUCAR DEMERARA,2.0,ABA_RECEITA
Vegetariana250,Parmegiana de hambúrguer Vegetal 250g,2.0,AZEITE DE OLIVA 500ml,5.5,ABA_RECEITA
Vegetariana250,Parmegiana de hambúrguer Vegetal 250g,2.0,MANJERICÃO maço 50g,3.5,ABA_RECEITA
Vegetariana350,Arroz com brócolis e amêndoas 350g,3.0,MANTEIGA AVIAÇÃO 200g,10.0,ABA_RECEITA
Vegetariana350,Arroz com brócolis e amêndoas 350g,3.0,ALHO 65g,3.333333,ABA_RECEITA
Vegetariana350,Arroz com brócolis e amêndoas 350g,3.0,BRÓCOLIS 250g,271.666667,ABA_RECEITA
Vegetariana350,Arroz com brócolis e amêndoas 350g,3.0,ARROZ BRANCO,40.0,ABA_RECEITA
Vegetariana350,Arroz com brócolis e amêndoas 350g,3.0,sal,5.0,ABA_RECEITA
Vegetariana350,Arroz com brócolis e amêndoas 350g,3.0,TEMPERO A GOSTO,5.0,ABA_RECEITA
Vegetariana350,Arroz com brócolis e amêndoas 350g,3.0,AMENDOAS CRUAS,3.333333,ABA_RECEITA
Vegetariana350,Arroz com brócolis e amêndoas 350g,3.0,AZEITE DE OLIVA 500ml,6.666667,ABA_RECEITA
Vegetariana350,Arroz com brócolis e amêndoas 350g,3.0,CEBOLA 258g,5.0,ABA_RECEITA
Vegetariana350,Arroz com Tofu e Legumes 350g,4.0,ARROZ INTEGRAL,62.5,ABA_RECEITA
Vegetariana350,Arroz com Tofu e Legumes 350g,4.0,LINHAÇA DOURADA,2.5,ABA_RECEITA
Vegetariana350,Arroz com Tofu e Legumes 350g,4.0,QUEIJO TOFU (SOJA),50.0,ABA_RECEITA
Vegetariana350,Arroz com Tofu e Legumes 350g,4.0,BATATA INGLESA,50.0,ABA_RECEITA
Vegetariana350,Arroz com Tofu e Legumes 350g,4.0,BRÓCOLIS 250g,50.0,ABA_RECEITA
Vegetariana350,Arroz com Tofu e Legumes 350g,4.0,ABOBRINHA ITALIANA,25.0,ABA_RECEITA
Vegetariana350,Arroz com Tofu e Legumes 350g,4.0,CENOURA 200g,25.0,ABA_RECEITA
Vegetariana350,Arroz com Tofu e Legumes 350g,4.0,TOMATE CEREJA 280g,12.5,ABA_RECEITA
Vegetariana350,Arroz com Tofu e Legumes 350g,4.0,AÇAFRÃO DA TERRA (SEM MISTURA)=CURCUMA,1.25,ABA_RECEITA
Vegetariana350,Arroz de Forno com Cenoura e Ervilha 350g,6.0,AZEITE DE OLIVA 500ml,2.5,ABA_RECEITA
Vegetariana350,Arroz de Forno com Cenoura e Ervilha 350g,6.0,CEBOLA 258g,5.0,ABA_RECEITA
Vegetariana350,Arroz de Forno com Cenoura e Ervilha 350g,6.0,CENOURA 200g,33.333333,ABA_RECEITA
Vegetariana350,Arroz de Forno com Cenoura e Ervilha 350g,6.0,TEMPERO A GOSTO,13.333333,ABA_RECEITA
Vegetariana350,Arroz de Forno com Cenoura e Ervilha 350g,6.0,ERVILHA 500g YOKI,41.666667,ABA_RECEITA
Vegetariana350,Arroz de Forno com Cenoura e Ervilha 350g,6.0,CREME DE LEITE 200g,33.333333,ABA_RECEITA
Vegetariana350,Arroz de Forno com Cenoura e Ervilha 350g,6.0,LEITE INTEGRAL 1L,41.666667,ABA_RECEITA
Vegetariana350,Arroz de Forno com Cenoura e Ervilha 350g,6.0,SAL,2.5,ABA_RECEITA
Vegetariana350,Arroz de Forno com Cenoura e Ervilha 350g,6.0,AGUA FILTRADA 20l,58.333333,ABA_RECEITA
Vegetariana350,Arroz de Forno com Cenoura e Ervilha 350g,6.0,QUEIJO PARMESÃO,16.666667,ABA_RECEITA
Vegetariana350,Arroz de Forno Cremoso com Espinafre 350g,3.0,ESPINAFRE 350g,83.333333,ABA_RECEITA
Vegetariana350,Arroz de Forno Cremoso com Espinafre 350g,3.0,AZEITE DE OLIVA 500ml,5.0,ABA_RECEITA
Vegetariana350,Arroz de Forno Cremoso com Espinafre 350g,3.0,ALHO 65g,3.333333,ABA_RECEITA
Vegetariana350,Arroz de Forno Cremoso com Espinafre 350g,3.0,ARROZ BRANCO,50.0,ABA_RECEITA
Vegetariana350,Arroz de Forno Cremoso com Espinafre 350g,3.0,tempero a gosto,13.333333,ABA_RECEITA
Vegetariana350,Arroz de Forno Cremoso com Espinafre 350g,3.0,CREME DE LEITE 200g,66.666667,ABA_RECEITA
Vegetariana350,Arroz de Forno Cremoso com Espinafre 350g,3.0,REQUEIJÃO LIGHT catupiry 200ml,33.333333,ABA_RECEITA
Vegetariana350,Arroz de Forno Cremoso com Espinafre 350g,3.0,sal,5.0,ABA_RECEITA
Vegetariana350,Arroz de Forno Cremoso com Espinafre 350g,3.0,pimenta preta,3.333333,ABA_RECEITA
Vegetariana350,Arroz de Forno Cremoso com Espinafre 350g,3.0,QUEIJO MUSSARELA pedaço,66.666667,ABA_RECEITA
Vegetariana350,Caçarola de Abobrinha com Carne Moída 350g,6.0,AZEITE DE OLIVA 500ml,5.0,ABA_RECEITA
Vegetariana350,Caçarola de Abobrinha com Carne Moída 350g,6.0,Carne moída de soja muito saborosa 350g,100.0,ABA_RECEITA
Vegetariana350,Caçarola de Abobrinha com Carne Moída 350g,6.0,CEBOLA 258g,6.666667,ABA_RECEITA
Vegetariana350,Caçarola de Abobrinha com Carne Moída 350g,6.0,"PASTA DE TOMATE CONCENTRADA 2,005kg",50.0,ABA_RECEITA
Vegetariana350,Caçarola de Abobrinha com Carne Moída 350g,6.0,pimenta pretA,0.833333,ABA_RECEITA
Vegetariana350,Caçarola de Abobrinha com Carne Moída 350g,6.0,MANJERICÃO maço 50g,1.666667,ABA_RECEITA
Vegetariana350,Caçarola de Abobrinha com Carne Moída 350g,6.0,ABOBRINHA ITALIANA,116.666667,ABA_RECEITA
Vegetariana350,Caçarola de Abobrinha com Carne Moída 350g,6.0,CENOURA 200g,41.666667,ABA_RECEITA
Vegetariana350,Caçarola de Abobrinha com Carne Moída 350g,6.0,QUEIJO MUSSARELA pedaço,33.333333,ABA_RECEITA
Vegetariana350,Caçarola de Abobrinha com Carne Moída 350g,6.0,QUEIJO PARMESÃO,16.666667,ABA_RECEITA
Vegetariana350,Couscous de couve flor 350g,4.0,COUVE  FLOR 250g,125.0,ABA_RECEITA
Vegetariana350,Couscous de couve flor 350g,4.0,AZEITE DE OLIVA 500ml,5.0,ABA_RECEITA
Vegetariana350,Couscous de couve flor 350g,4.0,AÇAFRÃO DA TERRA (SEM MISTURA)=CURCUMA,1.25,ABA_RECEITA
Vegetariana350,Couscous de couve flor 350g,4.0,sal,2.5,ABA_RECEITA
Vegetariana350,Couscous de couve flor 350g,4.0,CENOURA 200g,37.5,ABA_RECEITA
Vegetariana350,Couscous de couve flor 350g,4.0,PIMENTÃO VERMELHO 464g,50.0,ABA_RECEITA
Vegetariana350,Couscous de couve flor 350g,4.0,ABOBRINHA ITALIANA,75.0,ABA_RECEITA
Vegetariana350,Couscous de couve flor 350g,4.0,CEBOLA 258g,10.0,ABA_RECEITA
Vegetariana350,Couscous de couve flor 350g,4.0,UVA PASSAS PRETA SEM SEMENTE 200g,37.5,ABA_RECEITA
Vegetariana350,Couscous de couve flor 350g,4.0,HORTELÃ  maço 50g,25.0,ABA_RECEITA
Vegetariana350,Curry de Frango Vegetal 350g,4.0,AZEITE DE OLIVA 500ml,3.75,ABA_RECEITA
Vegetariana350,Curry de Frango Vegetal 350g,4.0,CEBOLA 258g,37.5,ABA_RECEITA
Vegetariana350,Curry de Frango Vegetal 350g,4.0,ALHO 65g,3.75,ABA_RECEITA
Vegetariana350,Curry de Frango Vegetal 350g,4.0,CURRY,3.75,ABA_RECEITA
Vegetariana350,Curry de Frango Vegetal 350g,4.0,COENTRO 30g,2.5,ABA_RECEITA
Vegetariana350,Curry de Frango Vegetal 350g,4.0,AÇAFRÃO DA TERRA (SEM MISTURA)=CURCUMA,1.25,ABA_RECEITA
Vegetariana350,Curry de Frango Vegetal 350g,4.0,PIMENTA DEDO DE MOÇA 200G,7.5,ABA_RECEITA
Vegetariana350,Curry de Frango Vegetal 350g,4.0,Frango desfiado Vegano 350g (vegetariano e Vegano),125.0,ABA_RECEITA
Vegetariana350,Curry de Frango Vegetal 350g,4.0,GRÃO DE BICO (8mm),50.0,ABA_RECEITA
Vegetariana350,Curry de Frango Vegetal 350g,4.0,BRÓCOLIS 250g,125.0,ABA_RECEITA
Vegetariana350,Ensopado de Lentilha com Curry e Maçã 350g,2.0,CURRY,7.5,ABA_RECEITA
Vegetariana350,Ensopado de Lentilha com Curry e Maçã 350g,2.0,LENTLHA (CANADENSE),75.0,ABA_RECEITA
Vegetariana350,Ensopado de Lentilha com Curry e Maçã 350g,2.0,MAÇÃ VERMELHA FUJI 230g,100.0,ABA_RECEITA
Vegetariana350,Ensopado de Lentilha com Curry e Maçã 350g,2.0,HORTELÃ  maço 50g,25.0,ABA_RECEITA
Vegetariana350,Ensopado de Lentilha com Curry e Maçã 350g,2.0,salsinha 150g,25.0,ABA_RECEITA
Vegetariana350,Ensopado de Lentilha com Curry e Maçã 350g,2.0,cebolinha 150g,25.0,ABA_RECEITA
Vegetariana350,Ensopado de Lentilha com Curry e Maçã 350g,2.0,SEMENTE DE MOSTARDA,2.5,ABA_RECEITA
Vegetariana350,Ensopado de Lentilha com Curry e Maçã 350g,2.0,AZEITE DE OLIVA 500ml,7.5,ABA_RECEITA
Vegetariana350,Ensopado de Lentilha com Curry e Maçã 350g,2.0,CEBOLA 258g,10.0,ABA_RECEITA
Vegetariana350,Ensopado de Lentilha com Curry e Maçã 350g,2.0,PIMENTA DEDO DE MOÇA 200G,22.5,ABA_RECEITA
Vegetariana350,Escondidinho de Frango Vegetal com Purê de Mandioca 350g,5.0,MANDIOCA,140.0,ABA_RECEITA
Vegetariana350,Escondidinho de Frango Vegetal com Purê de Mandioca 350g,5.0,sal,2.0,ABA_RECEITA
Vegetariana350,Escondidinho de Frango Vegetal com Purê de Mandioca 350g,5.0,MANTEIGA AVIAÇÃO 200g,6.0,ABA_RECEITA
Vegetariana350,Escondidinho de Frango Vegetal com Purê de Mandioca 350g,5.0,LEITE VEGETAL (SOJA) ADES 1L,50.0,ABA_RECEITA
Vegetariana350,Escondidinho de Frango Vegetal com Purê de Mandioca 350g,5.0,AZEITE DE OLIVA 500ml,3.0,ABA_RECEITA
Vegetariana350,Escondidinho de Frango Vegetal com Purê de Mandioca 350g,5.0,ALHO 65g,4.0,ABA_RECEITA
Vegetariana350,Escondidinho de Frango Vegetal com Purê de Mandioca 350g,5.0,CEBOLA 258g,50.0,ABA_RECEITA
Vegetariana350,Escondidinho de Frango Vegetal com Purê de Mandioca 350g,5.0,TOMATE CARMEM 330g,30.0,ABA_RECEITA
Vegetariana350,Escondidinho de Frango Vegetal com Purê de Mandioca 350g,5.0,Frango desfiado Vegano 350g (vegetariano e Vegano),100.0,ABA_RECEITA
Vegetariana350,Escondidinho de Frango Vegetal com Purê de Mandioca 350g,5.0,QUEIJO MUSSARELA pedaço,30.0,ABA_RECEITA
Vegetariana350,Frango Vegetal Xadrez 350g,4.0,OLEO DE GERGELIN 250ml,7.5,ABA_RECEITA
Vegetariana350,Frango Vegetal Xadrez 350g,4.0,ALHO 65g,3.75,ABA_RECEITA
Vegetariana350,Frango Vegetal Xadrez 350g,4.0,GENGIBRE 185g,3.75,ABA_RECEITA
Vegetariana350,Frango Vegetal Xadrez 350g,4.0,Frango desfiado Vegano 350g (vegetariano e Vegano),100.0,ABA_RECEITA
Vegetariana350,Frango Vegetal Xadrez 350g,4.0,PIMENTÃO VERMELHO 464g,50.0,ABA_RECEITA
Vegetariana350,Frango Vegetal Xadrez 350g,4.0,PIMENTÃO AMARELO 288G,50.0,ABA_RECEITA
Vegetariana350,Frango Vegetal Xadrez 350g,4.0,CEBOLA 258g,10.0,ABA_RECEITA
Vegetariana350,Frango Vegetal Xadrez 350g,4.0,CENOURA 200g,25.0,ABA_RECEITA
Vegetariana350,Frango Vegetal Xadrez 350g,4.0,AMIDO DE MILHO,3.75,ABA_RECEITA
Vegetariana350,Frango Vegetal Xadrez 350g,4.0,AGUA FILTRADA 20l,62.5,ABA_RECEITA
Vegetariana350,Nhoque de Abóbora com Molho de Carne Moída e Creme com Sálvia 350g,4.0,ABÓBORA CABOTIÃ,125.0,ABA_RECEITA
Vegetariana350,Nhoque de Abóbora com Molho de Carne Moída e Creme com Sálvia 350g,4.0,BATATA INGLESA,62.5,ABA_RECEITA
Vegetariana350,Nhoque de Abóbora com Molho de Carne Moída e Creme com Sálvia 350g,4.0,OVOS,25.0,ABA_RECEITA
Vegetariana350,Nhoque de Abóbora com Molho de Carne Moída e Creme com Sálvia 350g,4.0,sal,2.5,ABA_RECEITA
Vegetariana350,Nhoque de Abóbora com Molho de Carne Moída e Creme com Sálvia 350g,4.0,pimenta preta,2.5,ABA_RECEITA
Vegetariana350,Nhoque de Abóbora com Molho de Carne Moída e Creme com Sálvia 350g,4.0,FARINHA DE TRIGO INTEGRAL RENATA,15.0,ABA_RECEITA
Vegetariana350,Nhoque de Abóbora com Molho de Carne Moída e Creme com Sálvia 350g,4.0,MANTEIGA AVIAÇÃO 200g,11.25,ABA_RECEITA
Vegetariana350,Nhoque de Abóbora com Molho de Carne Moída e Creme com Sálvia 350g,4.0,Carne moída de soja muito saborosa 350g,100.0,ABA_RECEITA
Vegetariana350,Nhoque de Abóbora com Molho de Carne Moída e Creme com Sálvia 350g,4.0,SALVIA,31.25,ABA_RECEITA
Vegetariana350,Nhoque de Abóbora com Molho de Carne Moída e Creme com Sálvia 350g,4.0,QUEIJO TOFU (SOJA),25.0,ABA_RECEITA
Vegetariana350,Nhoque de Arroz Recheado 350g,3.0,ARROZ BRANCO,133.333333,ABA_RECEITA
Vegetariana350,Nhoque de Arroz Recheado 350g,3.0,OVOS,66.666667,ABA_RECEITA
Vegetariana350,Nhoque de Arroz Recheado 350g,3.0,QUEIJO MUSSARELA pedaço,100.0,ABA_RECEITA
Vegetariana350,Nhoque de Arroz Recheado 350g,3.0,FARINHA DE ROSCA,41.666667,ABA_RECEITA
Vegetariana350,Nhoque de Arroz Recheado 350g,3.0,MANTEIGA AVIAÇÃO 200g,10.0,ABA_RECEITA
Vegetariana350,Nhoque de Arroz Recheado 350g,3.0,SAL,5.0,ABA_RECEITA
Vegetariana350,Nhoque de Arroz Recheado 350g,3.0,SALSINHA 150G,11.666667,ABA_RECEITA
Vegetariana350,Panqueca de legumes 350g,6.0,LEITE INTEGRAL 1L,62.5,ABA_RECEITA
Vegetariana350,Panqueca de legumes 350g,6.0,QUEIJO MUSSARELA pedaço,50.0,ABA_RECEITA
Vegetariana350,Panqueca de legumes 350g,6.0,OVOS,50.0,ABA_RECEITA
Vegetariana350,Panqueca de legumes 350g,6.0,FARINHA DE TRIGO BRANCA,41.666667,ABA_RECEITA
Vegetariana350,Panqueca de legumes 350g,6.0,FARINHA DE TRIGO INTEGRAL RENATA,41.666667,ABA_RECEITA
Vegetariana350,Panqueca de legumes 350g,6.0,sal,1.666667,ABA_RECEITA
Vegetariana350,Panqueca de legumes 350g,6.0,AZEITE DE OLIVA 500ml,3.333333,ABA_RECEITA
Vegetariana350,Panqueca de legumes 350g,6.0,CEBOLA 258g,6.666667,ABA_RECEITA
Vegetariana350,Panqueca de legumes 350g,6.0,Mix de Legumes 870g,66.666667,ABA_RECEITA
Vegetariana350,Risoto de ervilhas e cogumelos 350g,8.0,AZEITE DE OLIVA 500ml,3.75,ABA_RECEITA
Vegetariana350,Risoto de ervilhas e cogumelos 350g,8.0,COGUMELOS SHIMEJI 200g in natura,87.5,ABA_RECEITA
Vegetariana350,Risoto de ervilhas e cogumelos 350g,8.0,MANTEIGA AVIAÇÃO 200g,7.5,ABA_RECEITA
Vegetariana350,Risoto de ervilhas e cogumelos 350g,8.0,CEBOLA 258g,31.25,ABA_RECEITA
Vegetariana350,Risoto de ervilhas e cogumelos 350g,8.0,ARROZ ARBÓREO,31.25,ABA_RECEITA
Vegetariana350,Risoto de ervilhas e cogumelos 350g,8.0,VINHO BRANCO SECO 750ml,31.25,ABA_RECEITA
Vegetariana350,Risoto de ervilhas e cogumelos 350g,8.0,CALDO DE LEGUMES NATURAL,125.0,ABA_RECEITA
Vegetariana350,Risoto de ervilhas e cogumelos 350g,8.0,ERVILHA 500g YOKI,25.0,ABA_RECEITA
Vegetariana350,Risoto de ervilhas e cogumelos 350g,8.0,QUEIJO PARMESÃO,25.0,ABA_RECEITA
Vegetariana350,Parmegiana de hambúrguer Vegetal 350g,2.0,Hamburguer vegetariano 165g,150.0,ABA_RECEITA
Vegetariana350,Parmegiana de hambúrguer Vegetal 350g,2.0,"PASTA DE TOMATE CONCENTRADA 2,005kg",120.0,ABA_RECEITA
Vegetariana350,Parmegiana de hambúrguer Vegetal 350g,2.0,QUEIJO MUSSARELA pedaço,75.0,ABA_RECEITA
Vegetariana350,Parmegiana de hambúrguer Vegetal 350g,2.0,OVOS,50.0,ABA_RECEITA
Vegetariana350,Parmegiana de hambúrguer Vegetal 350g,2.0,FARINHA DE ROSCA,25.0,ABA_RECEITA
Vegetariana350,Parmegiana de hambúrguer Vegetal 350g,2.0,FARINHA DE TRIGO BRANCA,25.0,ABA_RECEITA
Vegetariana350,Parmegiana de hambúrguer Vegetal 350g,2.0,CEBOLA 258g,20.0,ABA_RECEITA
Vegetariana350,Parmegiana de hambúrguer Vegetal 350g,2.0,AÇUCAR DEMERARA,2.5,ABA_RECEITA
Vegetariana350,Parmegiana de hambúrguer Vegetal 350g,2.0,AZEITE DE OLIVA 500ml,7.5,ABA_RECEITA
Vegetariana350,Parmegiana de hambúrguer Vegetal 350g,2.0,MANJERICÃO maço 50g,5.0,ABA_RECEITA
Vegana250,Arroz com proteina de soja ao molho e seleta 250g,1.0,Refogado de proteína de soja ao molho 350g (vegana),65.0,ABA_RECEITA
Vegana250,Arroz com proteina de soja ao molho e seleta 250g,1.0,Arroz amarelinho 350g (vegana),65.0,ABA_RECEITA
Vegana250,Arroz com proteina de soja ao molho e seleta 250g,1.0,Seleta Vegana 350g (vegana),65.0,ABA_RECEITA
Vegana250,Arroz com proteina de soja ao molho e seleta 250g,1.0,AZEITE DE OLIVA 500ml,15.0,ABA_RECEITA
Vegana250,Arroz com proteina de soja ao molho e seleta 250g,1.0,SAL,10.0,ABA_RECEITA
Vegana250,Arroz com proteina de soja ao molho e seleta 250g,1.0,ALHO 65g,10.0,ABA_RECEITA
Vegana250,Arroz com proteina de soja ao molho e seleta 250g,1.0,TEMPERO A GOSTO,20.0,ABA_RECEITA
Vegana250,Arroz com proteina de soja e hortelã e purê de abobora Cabotiá com batata 250g,1.0,Refogado de proteína de soja com cheiro verde 350g (vegana),88.0,ABA_RECEITA
Vegana250,Arroz com proteina de soja e hortelã e purê de abobora Cabotiá com batata 250g,1.0,Arroz amarelinho 350g (vegana),50.0,ABA_RECEITA
Vegana250,Arroz com proteina de soja e hortelã e purê de abobora Cabotiá com batata 250g,1.0,Purê de abobora cabotia e batata inglesa 350g (vegana),50.0,ABA_RECEITA
Vegana250,Arroz com proteina de soja e hortelã e purê de abobora Cabotiá com batata 250g,1.0,CEBOLA 258g,12.0,ABA_RECEITA
Vegana250,Arroz com proteina de soja e hortelã e purê de abobora Cabotiá com batata 250g,1.0,ALHO 65g,10.0,ABA_RECEITA
Vegana250,Arroz com proteina de soja e hortelã e purê de abobora Cabotiá com batata 250g,1.0,TEMPERO A GOSTO,10.0,ABA_RECEITA
Vegana250,Arroz com proteina de soja e hortelã e purê de abobora Cabotiá com batata 250g,1.0,AZEITE DE OLIVA 500ml,20.0,ABA_RECEITA
Vegana250,Arroz com proteina de soja e hortelã e purê de abobora Cabotiá com batata 250g,1.0,SAL,10.0,ABA_RECEITA
Vegana250,Grão de Bico com arroz e Seleta 250g,1.0,Grão de Bico Vegano 350g (vegana),80.0,ABA_RECEITA
Vegana250,Grão de Bico com arroz e Seleta 250g,1.0,Arroz amarelinho 350g (vegana),50.0,ABA_RECEITA
Vegana250,Grão de Bico com arroz e Seleta 250g,1.0,Seleta Vegana 350g (vegana),50.0,ABA_RECEITA
Vegana250,Grão de Bico com arroz e Seleta 250g,1.0,AZEITE DE OLIVA 500ml,15.0,ABA_RECEITA
Vegana250,Grão de Bico com arroz e Seleta 250g,1.0,SAL,10.0,ABA_RECEITA
Vegana250,Grão de Bico com arroz e Seleta 250g,1.0,ALHO 65g,10.0,ABA_RECEITA
Vegana250,Grão de Bico com arroz e Seleta 250g,1.0,CEBOLA 258g,15.0,ABA_RECEITA
Vegana250,Grão de Bico com arroz e Seleta 250g,1.0,TEMPERO A GOSTO,20.0,ABA_RECEITA
Vegana250,Arroz frito de couve-flor com lascas de coco 250g,4.0,COUVE  FLOR 250g,70.0,ABA_RECEITA
Vegana250,Arroz frito de couve-flor com lascas de coco 250g,4.0,OLEO DE COCO copra 200ml,12.5,ABA_RECEITA
Vegana250,Arroz frito de couve-flor com lascas de coco 250g,4.0,CEBOLA 258g,10.0,ABA_RECEITA
Vegana250,Arroz frito de couve-flor com lascas de coco 250g,4.0,VAGEM 206g,26.75,ABA_RECEITA
Vegana250,Arroz frito de couve-flor com lascas de coco 250g,4.0,PIMENTÃO AMARELO 288G,37.5,ABA_RECEITA
Vegana250,Arroz frito de couve-flor com lascas de coco 250g,4.0,MOLHO SHOYU DE CÔCO,5.25,ABA_RECEITA
Vegana250,Arroz frito de couve-flor com lascas de coco 250g,4.0,MELADO DE CANA 250g,2.75,ABA_RECEITA
Vegana250,Arroz frito de couve-flor com lascas de coco 250g,4.0,SAL,1.0,ABA_RECEITA
Vegana250,Arroz frito de couve-flor com lascas de coco 250g,4.0,GRÃO DE BICO (8mm),25.0,ABA_RECEITA
Vegana250,Arroz frito de couve-flor com lascas de coco 250g,4.0,RASPA DE CÔCO,20.0,ABA_RECEITA
Vegana250,Chili sem carne com abóbora assada 250g,7.0,ABÓBORA CABOTIÃ,100.0,ABA_RECEITA
Vegana250,Chili sem carne com abóbora assada 250g,7.0,OLEO DE COCO copra 200ml,3.285714,ABA_RECEITA
Vegana250,Chili sem carne com abóbora assada 250g,7.0,ALHO 65g,4.285714,ABA_RECEITA
Vegana250,Chili sem carne com abóbora assada 250g,7.0,CEBOLA 258g,2.857143,ABA_RECEITA
Vegana250,Chili sem carne com abóbora assada 250g,7.0,sal,0.571429,ABA_RECEITA
Vegana250,Chili sem carne com abóbora assada 250g,7.0,páprica doce,0.714286,ABA_RECEITA
Vegana250,Chili sem carne com abóbora assada 250g,7.0,COMINHO 40G,0.714286,ABA_RECEITA
Vegana250,Chili sem carne com abóbora assada 250g,7.0,PIMENTA DEDO DE MOÇA 200G,1.428571,ABA_RECEITA
Vegana250,Chili sem carne com abóbora assada 250g,7.0,MOLHO DE TOMATE fugini,45.857143,ABA_RECEITA
Vegana250,Chili sem carne com abóbora assada 250g,7.0,AGUA FILTRADA 20l,24.428571,ABA_RECEITA
Vegana250,Chilli sem carne e arroz com brócolis 250g,8.0,ARROZ INTEGRAL,22.375,ABA_RECEITA
Vegana250,Chilli sem carne e arroz com brócolis 250g,8.0,AGUA FILTRADA 20l,63.625,ABA_RECEITA
Vegana250,Chilli sem carne e arroz com brócolis 250g,8.0,sal,0.875,ABA_RECEITA
Vegana250,Chilli sem carne e arroz com brócolis 250g,8.0,AÇAFRÃO DA TERRA (SEM MISTURA)=CURCUMA,0.5,ABA_RECEITA
Vegana250,Chilli sem carne e arroz com brócolis 250g,8.0,BRÓCOLIS 250g,35.75,ABA_RECEITA
Vegana250,Chilli sem carne e arroz com brócolis 250g,8.0,OLEO DE COCO copra 200ml,2.625,ABA_RECEITA
Vegana250,Chilli sem carne e arroz com brócolis 250g,8.0,CEBOLA 258g,22.375,ABA_RECEITA
Vegana250,Chilli sem carne e arroz com brócolis 250g,8.0,ALHO 65g,1.125,ABA_RECEITA
Vegana250,Chilli sem carne e arroz com brócolis 250g,8.0,GRÃO DE BICO (8mm),26.75,ABA_RECEITA
Vegana250,Chilli sem carne e arroz com brócolis 250g,8.0,CENOURA 200g,35.75,ABA_RECEITA
Vegana250,Curry super cremoso de grão-de-bico e couve-flor 250g,5.0,OLEO DE COCO copra 200ml,17.2,ABA_RECEITA
Vegana250,Curry super cremoso de grão-de-bico e couve-flor 250g,5.0,ALHO 65g,2.8,ABA_RECEITA
Vegana250,Curry super cremoso de grão-de-bico e couve-flor 250g,5.0,CEBOLA 258g,7.0,ABA_RECEITA
Vegana250,Curry super cremoso de grão-de-bico e couve-flor 250g,5.0,COMINHO 40G,1.0,ABA_RECEITA
Vegana250,Curry super cremoso de grão-de-bico e couve-flor 250g,5.0,AÇAFRÃO DA TERRA (SEM MISTURA)=CURCUMA,0.8,ABA_RECEITA
Vegana250,Curry super cremoso de grão-de-bico e couve-flor 250g,5.0,páprica doce,0.8,ABA_RECEITA
Vegana250,Curry super cremoso de grão-de-bico e couve-flor 250g,5.0,sal,2.0,ABA_RECEITA
Vegana250,Curry super cremoso de grão-de-bico e couve-flor 250g,5.0,pimenta preta,1.0,ABA_RECEITA
Vegana250,Curry super cremoso de grão-de-bico e couve-flor 250g,5.0,TOMATE CARMEM 330g,40.0,ABA_RECEITA
Vegana250,Curry super cremoso de grão-de-bico e couve-flor 250g,5.0,COUVE  FLOR 250g,57.4,ABA_RECEITA
Vegana250,DAHL DE LENTILHAS MARRONS COM ARROZ 250g,8.0,LENTLHA (CANADENSE),21.375,ABA_RECEITA
Vegana250,DAHL DE LENTILHAS MARRONS COM ARROZ 250g,8.0,OLEO DE COCO copra 200ml,3.75,ABA_RECEITA
Vegana250,DAHL DE LENTILHAS MARRONS COM ARROZ 250g,8.0,ALHO 65g,1.875,ABA_RECEITA
Vegana250,DAHL DE LENTILHAS MARRONS COM ARROZ 250g,8.0,CEBOLA 258g,5.0,ABA_RECEITA
Vegana250,DAHL DE LENTILHAS MARRONS COM ARROZ 250g,8.0,COMINHO 40G,0.625,ABA_RECEITA
Vegana250,DAHL DE LENTILHAS MARRONS COM ARROZ 250g,8.0,páprica doce,0.625,ABA_RECEITA
Vegana250,DAHL DE LENTILHAS MARRONS COM ARROZ 250g,8.0,AÇAFRÃO DA TERRA (SEM MISTURA)=CURCUMA,0.625,ABA_RECEITA
Vegana250,DAHL DE LENTILHAS MARRONS COM ARROZ 250g,8.0,sal,1.125,ABA_RECEITA
Vegana250,DAHL DE LENTILHAS MARRONS COM ARROZ 250g,8.0,TOMATE CARMEM 330g,26.75,ABA_RECEITA
Vegana250,DAHL DE LENTILHAS MARRONS COM ARROZ 250g,8.0,AGUA FILTRADA 20l,125.0,ABA_RECEITA
Vegana250,ESPAGUETE COM ABOBRINHA E BOLONHESA DE SOJA E BERINJELA 250g,6.0,SOJA (PROTEINA DE SOJA),23.333333,ABA_RECEITA
Vegana250,ESPAGUETE COM ABOBRINHA E BOLONHESA DE SOJA E BERINJELA 250g,6.0,OLEO DE COCO copra 200ml,3.333333,ABA_RECEITA
Vegana250,ESPAGUETE COM ABOBRINHA E BOLONHESA DE SOJA E BERINJELA 250g,6.0,ALHO 65g,2.5,ABA_RECEITA
Vegana250,ESPAGUETE COM ABOBRINHA E BOLONHESA DE SOJA E BERINJELA 250g,6.0,CEBOLA 258g,6.666667,ABA_RECEITA
Vegana250,ESPAGUETE COM ABOBRINHA E BOLONHESA DE SOJA E BERINJELA 250g,6.0,CENOURA 200g,25.0,ABA_RECEITA
Vegana250,ESPAGUETE COM ABOBRINHA E BOLONHESA DE SOJA E BERINJELA 250g,6.0,BERINJELA 381g,23.833333,ABA_RECEITA
Vegana250,ESPAGUETE COM ABOBRINHA E BOLONHESA DE SOJA E BERINJELA 250g,6.0,TOMATE CARMEM 330g,41.666667,ABA_RECEITA
Vegana250,ESPAGUETE COM ABOBRINHA E BOLONHESA DE SOJA E BERINJELA 250g,6.0,"PASTA DE TOMATE CONCENTRADA 2,005kg",25.0,ABA_RECEITA
Vegana250,ESPAGUETE COM ABOBRINHA E BOLONHESA DE SOJA E BERINJELA 250g,6.0,MANJERICÃO maço 50g,0.666667,ABA_RECEITA
Vegana250,ESPAGUETE COM ABOBRINHA E BOLONHESA DE SOJA E BERINJELA 250g,6.0,OREGANO EGÍPICIO,0.666667,ABA_RECEITA
Vegana250,Lasanha de beringela com molho bolonhesa de quinoa 250g,4.0,QUINOA EM GRÃO,29.25,ABA_RECEITA
Vegana250,Lasanha de beringela com molho bolonhesa de quinoa 250g,4.0,AGUA FILTRADA 20l,44.75,ABA_RECEITA
Vegana250,Lasanha de beringela com molho bolonhesa de quinoa 250g,4.0,MOLHO DE TOMATE fugini,44.75,ABA_RECEITA
Vegana250,Lasanha de beringela com molho bolonhesa de quinoa 250g,4.0,ALHO 65g,2.5,ABA_RECEITA
Vegana250,Lasanha de beringela com molho bolonhesa de quinoa 250g,4.0,CEBOLA 258g,10.0,ABA_RECEITA
Vegana250,Lasanha de beringela com molho bolonhesa de quinoa 250g,4.0,AZEITE DE OLIVA 500ml,5.0,ABA_RECEITA
Vegana250,Lasanha de beringela com molho bolonhesa de quinoa 250g,4.0,sal,2.25,ABA_RECEITA
Vegana250,Lasanha de beringela com molho bolonhesa de quinoa 250g,4.0,QUEIJO TOFU (SOJA),25.0,ABA_RECEITA
Vegana250,Macarrão ao molho cremoso de grão-de-bico e pimentão vermelho 250g,4.0,MACARRÃO INTEGRAL 500g GALO PARAFUSO E ESPAGUETE Nº8,100.0,ABA_RECEITA
Vegana250,Macarrão ao molho cremoso de grão-de-bico e pimentão vermelho 250g,4.0,AZEITE DE OLIVA 500ml,5.0,ABA_RECEITA
Vegana250,Macarrão ao molho cremoso de grão-de-bico e pimentão vermelho 250g,4.0,CEBOLA 258g,7.5,ABA_RECEITA
Vegana250,Macarrão ao molho cremoso de grão-de-bico e pimentão vermelho 250g,4.0,ALHO 65g,2.5,ABA_RECEITA
Vegana250,Macarrão ao molho cremoso de grão-de-bico e pimentão vermelho 250g,4.0,PIMENTÃO VERMELHO 464g,30.0,ABA_RECEITA
Vegana250,Macarrão ao molho cremoso de grão-de-bico e pimentão vermelho 250g,4.0,GRÃO DE BICO (8mm),20.0,ABA_RECEITA
Vegana250,Macarrão ao molho cremoso de grão-de-bico e pimentão vermelho 250g,4.0,AGUA FILTRADA 20l,37.5,ABA_RECEITA
Vegana250,Macarrão ao molho cremoso de grão-de-bico e pimentão vermelho 250g,4.0,sal,2.5,ABA_RECEITA
Vegana250,Macarrão ao molho cremoso de grão-de-bico e pimentão vermelho 250g,4.0,LEVEDURA NUTRICIONAL 120g,2.5,ABA_RECEITA
Vegana250,Macarrão ao molho cremoso de grão-de-bico e pimentão vermelho 250g,4.0,ABOBRINHA ITALIANA,30.0,ABA_RECEITA
Vegana250,Macarrão com molho bolonhesa de grão-de-bico 250g,4.0,MACARRÃO INTEGRAL 500g GALO PARAFUSO E ESPAGUETE Nº8,100.0,ABA_RECEITA
Vegana250,Macarrão com molho bolonhesa de grão-de-bico 250g,4.0,BRÓCOLIS 250g,36.5,ABA_RECEITA
Vegana250,Macarrão com molho bolonhesa de grão-de-bico 250g,4.0,CENOURA 200g,17.75,ABA_RECEITA
Vegana250,Macarrão com molho bolonhesa de grão-de-bico 250g,4.0,AZEITE DE OLIVA 500ml,5.25,ABA_RECEITA
Vegana250,Macarrão com molho bolonhesa de grão-de-bico 250g,4.0,ALHO 65g,7.25,ABA_RECEITA
Vegana250,Macarrão com molho bolonhesa de grão-de-bico 250g,4.0,TOMATE CARMEM 330g,37.5,ABA_RECEITA
Vegana250,Macarrão com molho bolonhesa de grão-de-bico 250g,4.0,"PASTA DE TOMATE CONCENTRADA 2,005kg",2.75,ABA_RECEITA
Vegana250,Macarrão com molho bolonhesa de grão-de-bico 250g,4.0,AGUA FILTRADA 20l,22.25,ABA_RECEITA
Vegana250,Macarrão com molho bolonhesa de grão-de-bico 250g,4.0,sal,1.0,ABA_RECEITA
Vegana250,Macarrão com molho bolonhesa de grão-de-bico 250g,4.0,AÇUCAR DEMERARA,1.0,ABA_RECEITA
Vegana250,REFOGADO DE LENTILHA E ARROZ COM BRÓCOLIS 250g,5.0,LENTLHA (CANADENSE),23.4,ABA_RECEITA
Vegana250,REFOGADO DE LENTILHA E ARROZ COM BRÓCOLIS 250g,5.0,AZEITE DE OLIVA 500ml,4.2,ABA_RECEITA
Vegana250,REFOGADO DE LENTILHA E ARROZ COM BRÓCOLIS 250g,5.0,CEBOLA 258g,8.0,ABA_RECEITA
Vegana250,REFOGADO DE LENTILHA E ARROZ COM BRÓCOLIS 250g,5.0,ALHO 65g,1.4,ABA_RECEITA
Vegana250,REFOGADO DE LENTILHA E ARROZ COM BRÓCOLIS 250g,5.0,BERINJELA 381g,30.0,ABA_RECEITA
Vegana250,REFOGADO DE LENTILHA E ARROZ COM BRÓCOLIS 250g,5.0,COMINHO 40G,0.8,ABA_RECEITA
Vegana250,REFOGADO DE LENTILHA E ARROZ COM BRÓCOLIS 250g,5.0,PIMENTÃO VERMELHO 464g,30.0,ABA_RECEITA
Vegana250,REFOGADO DE LENTILHA E ARROZ COM BRÓCOLIS 250g,5.0,TOMATE CARMEM 330g,30.0,ABA_RECEITA
Vegana250,REFOGADO DE LENTILHA E ARROZ COM BRÓCOLIS 250g,5.0,BRÓCOLIS 250g,36.4,ABA_RECEITA
Vegana250,REFOGADO DE LENTILHA E ARROZ COM BRÓCOLIS 250g,5.0,páprica doce,1.0,ABA_RECEITA
Vegana250,Risoto vegano de brócolis super cremoso sem manteiga e sem queijo 250g,6.0,castanha,1.666667,ABA_RECEITA
Vegana250,Risoto vegano de brócolis super cremoso sem manteiga e sem queijo 250g,6.0,AGUA FILTRADA 20l,133.333333,ABA_RECEITA
Vegana250,Risoto vegano de brócolis super cremoso sem manteiga e sem queijo 250g,6.0,AZEITE DE OLIVA 500ml,3.333333,ABA_RECEITA
Vegana250,Risoto vegano de brócolis super cremoso sem manteiga e sem queijo 250g,6.0,BRÓCOLIS 250g,66.666667,ABA_RECEITA
Vegana250,Risoto vegano de brócolis super cremoso sem manteiga e sem queijo 250g,6.0,PIMENTÃO VERMELHO 464g,33.333333,ABA_RECEITA
Vegana250,Risoto vegano de brócolis super cremoso sem manteiga e sem queijo 250g,6.0,SAL,0.666667,ABA_RECEITA
Vegana250,Risoto vegano de brócolis super cremoso sem manteiga e sem queijo 250g,6.0,CALDO DE LEGUMES NATURAL,23.833333,ABA_RECEITA
Vegana250,Risoto vegano de brócolis super cremoso sem manteiga e sem queijo 250g,6.0,ALHO 65g,2.333333,ABA_RECEITA
Vegana250,Risoto vegano de brócolis super cremoso sem manteiga e sem queijo 250g,6.0,CEBOLA 258g,5.0,ABA_RECEITA
Vegana250,Risoto vegano de brócolis super cremoso sem manteiga e sem queijo 250g,6.0,ARROZ ARBÓREO,66.666667,ABA_RECEITA
Vegana250,Salada de arroz integral estilo Thai 250g,3.0,PASTA DE AMENDOIM INTEGRAL 1Kg GRÃO E CEREIAIS,3.666667,ABA_RECEITA
Vegana250,Salada de arroz integral estilo Thai 250g,3.0,MOLHO SHOYU DE CÔCO,3.666667,ABA_RECEITA
Vegana250,Salada de arroz integral estilo Thai 250g,3.0,MELADO DE CANA 250g,3.666667,ABA_RECEITA
Vegana250,Salada de arroz integral estilo Thai 250g,3.0,AZEITE DE OLIVA 500ml,6.666667,ABA_RECEITA
Vegana250,Salada de arroz integral estilo Thai 250g,3.0,AGUA FILTRADA 20l,10.666667,ABA_RECEITA
Vegana250,Salada de arroz integral estilo Thai 250g,3.0,ARROZ INTEGRAL,83.333333,ABA_RECEITA
Vegana250,Salada de arroz integral estilo Thai 250g,3.0,VAGEM 206g,39.0,ABA_RECEITA
Vegana250,Salada de arroz integral estilo Thai 250g,3.0,PIMENTÃO AMARELO 288G,28.666667,ABA_RECEITA
Vegana250,Salada de arroz integral estilo Thai 250g,3.0,PIMENTÃO VERMELHO 464g,28.666667,ABA_RECEITA
Vegana250,Salada de arroz integral estilo Thai 250g,3.0,"REPOLHO ROXO 1,236kg",36.0,ABA_RECEITA
Vegana250,Salada de Couscous Italiano Marroquinho 250g,4.0,AGUA FILTRADA 20l,42.75,ABA_RECEITA
Vegana250,Salada de Couscous Italiano Marroquinho 250g,4.0,AÇAFRÃO DA TERRA (SEM MISTURA)=CURCUMA,1.0,ABA_RECEITA
Vegana250,Salada de Couscous Italiano Marroquinho 250g,4.0,CALDO DE LEGUMES NATURAL,1.0,ABA_RECEITA
Vegana250,Salada de Couscous Italiano Marroquinho 250g,4.0,AZEITE DE OLIVA 500ml,2.75,ABA_RECEITA
Vegana250,Salada de Couscous Italiano Marroquinho 250g,4.0,COUSCOUS ITALIANO DIVELLA CAIXA 500g,44.75,ABA_RECEITA
Vegana250,Salada de Couscous Italiano Marroquinho 250g,4.0,CEBOLA 258g,44.75,ABA_RECEITA
Vegana250,Salada de Couscous Italiano Marroquinho 250g,4.0,PIMENTÃO VERDE 227g,35.75,ABA_RECEITA
Vegana250,Salada de Couscous Italiano Marroquinho 250g,4.0,cebolinha 150g,10.75,ABA_RECEITA
Vegana250,Salada de Couscous Italiano Marroquinho 250g,4.0,"MILHO quero 1,700kg",22.25,ABA_RECEITA
Vegana250,Salada de Couscous Italiano Marroquinho 250g,4.0,FEIJAO PRETO,57.25,ABA_RECEITA
Vegana250,Salada de Quinoa Rainbow com Grão de Bico Crocante 250g,3.0,GRÃO DE BICO (8mm),73.0,ABA_RECEITA
Vegana250,Salada de Quinoa Rainbow com Grão de Bico Crocante 250g,3.0,AÇAFRÃO DA TERRA (SEM MISTURA)=CURCUMA,2.666667,ABA_RECEITA
Vegana250,Salada de Quinoa Rainbow com Grão de Bico Crocante 250g,3.0,páprica doce,2.666667,ABA_RECEITA
Vegana250,Salada de Quinoa Rainbow com Grão de Bico Crocante 250g,3.0,ALHO EM PÓ,1.333333,ABA_RECEITA
Vegana250,Salada de Quinoa Rainbow com Grão de Bico Crocante 250g,3.0,AZEITE DE OLIVA 500ml,6.666667,ABA_RECEITA
Vegana250,Salada de Quinoa Rainbow com Grão de Bico Crocante 250g,3.0,ALHO 65g,3.333333,ABA_RECEITA
Vegana250,Salada de Quinoa Rainbow com Grão de Bico Crocante 250g,3.0,Pasta de Pimenta Vermelha Gota Picante Maratá 200g,0.666667,ABA_RECEITA
Vegana250,Salada de Quinoa Rainbow com Grão de Bico Crocante 250g,3.0,QUINOA EM GRÃO,33.333333,ABA_RECEITA
Vegana250,Salada de Quinoa Rainbow com Grão de Bico Crocante 250g,3.0,SAL,1.333333,ABA_RECEITA
Vegana250,Salada de Quinoa Rainbow com Grão de Bico Crocante 250g,3.0,RUCULA ORGANICA 200g,19.0,ABA_RECEITA
Vegana250,Stir Fry de tofu e arroz 250g,5.0,ARROZ BRANCO,80.0,ABA_RECEITA
Vegana250,Stir Fry de tofu e arroz 250g,5.0,AGUA FILTRADA 20l,71.4,ABA_RECEITA
Vegana250,Stir Fry de tofu e arroz 250g,5.0,sal,1.0,ABA_RECEITA
Vegana250,Stir Fry de tofu e arroz 250g,5.0,OLEO DE COCO copra 200ml,2.2,ABA_RECEITA
Vegana250,Stir Fry de tofu e arroz 250g,5.0,QUEIJO TOFU (SOJA),40.0,ABA_RECEITA
Vegana250,Stir Fry de tofu e arroz 250g,5.0,CEBOLA 258g,5.8,ABA_RECEITA
Vegana250,Stir Fry de tofu e arroz 250g,5.0,ALHO PORÓ,24.0,ABA_RECEITA
Vegana250,Stir Fry de tofu e arroz 250g,5.0,PIMENTÃO VERMELHO 464g,24.0,ABA_RECEITA
Vegana250,Stir Fry de tofu e arroz 250g,5.0,PIMENTÃO AMARELO 288G,24.0,ABA_RECEITA
Vegana250,Stir Fry de tofu e arroz 250g,5.0,ASPARGO 250g,24.0,ABA_RECEITA
Vegana350,Arroz com proteina de soja ao molho e seleta 350g,1.0,Refogado de proteína de soja ao molho 350g (vegana),115.0,ABA_RECEITA
Vegana350,Arroz com proteina de soja ao molho e seleta 350g,1.0,Arroz amarelinho 350g (vegana),115.0,ABA_RECEITA
Vegana350,Arroz com proteina de soja ao molho e seleta 350g,1.0,Seleta Vegana 350g (vegana),115.0,ABA_RECEITA
Vegana350,Arroz com proteina de soja ao molho e seleta 350g,1.0,AZEITE DE OLIVA 500ml,20.0,ABA_RECEITA
Vegana350,Arroz com proteina de soja ao molho e seleta 350g,1.0,TEMPERO A GOSTO,20.0,ABA_RECEITA
Vegana350,Arroz com proteina de soja ao molho e seleta 350g,1.0,SAL,10.0,ABA_RECEITA
Vegana350,Arroz com proteina de soja ao molho e seleta 350g,1.0,ALHO 65g,10.0,ABA_RECEITA
Vegana350,Arroz com proteina de soja ao molho e seleta 350g,1.0,CEBOLA 258g,20.0,ABA_RECEITA
Vegana350,Arroz com proteina de soja e hortelã e purê de abobora Cabotiá com batata 350g,1.0,Refogado de proteína de soja com cheiro verde 350g (vegana),115.0,ABA_RECEITA
Vegana350,Arroz com proteina de soja e hortelã e purê de abobora Cabotiá com batata 350g,1.0,Arroz amarelinho 350g (vegana),115.0,ABA_RECEITA
Vegana350,Arroz com proteina de soja e hortelã e purê de abobora Cabotiá com batata 350g,1.0,Purê de abobora cabotia e batata inglesa 350g (vegana),115.0,ABA_RECEITA
Vegana350,Arroz com proteina de soja e hortelã e purê de abobora Cabotiá com batata 350g,1.0,AZEITE DE OLIVA 500ml,20.0,ABA_RECEITA
Vegana350,Arroz com proteina de soja e hortelã e purê de abobora Cabotiá com batata 350g,1.0,TEMPERO A GOSTO,20.0,ABA_RECEITA
Vegana350,Arroz com proteina de soja e hortelã e purê de abobora Cabotiá com batata 350g,1.0,SAL,10.0,ABA_RECEITA
Vegana350,Arroz com proteina de soja e hortelã e purê de abobora Cabotiá com batata 350g,1.0,ALHO 65g,10.0,ABA_RECEITA
Vegana350,Arroz com proteina de soja e hortelã e purê de abobora Cabotiá com batata 350g,1.0,CEBOLA 258g,20.0,ABA_RECEITA
Vegana350,Grão de Bico com arroz e Seleta 350g,1.0,Grão de Bico Vegano 350g (vegana),115.0,ABA_RECEITA
Vegana350,Grão de Bico com arroz e Seleta 350g,1.0,Arroz amarelinho 350g (vegana),115.0,ABA_RECEITA
Vegana350,Grão de Bico com arroz e Seleta 350g,1.0,Seleta Vegana 350g (vegana),115.0,ABA_RECEITA
Vegana350,Grão de Bico com arroz e Seleta 350g,1.0,AZEITE DE OLIVA 500ml,20.0,ABA_RECEITA
Vegana350,Grão de Bico com arroz e Seleta 350g,1.0,TEMPERO A GOSTO,20.0,ABA_RECEITA
Vegana350,Grão de Bico com arroz e Seleta 350g,1.0,SAL,10.0,ABA_RECEITA
Vegana350,Grão de Bico com arroz e Seleta 350g,1.0,ALHO 65g,10.0,ABA_RECEITA
Vegana350,Grão de Bico com arroz e Seleta 350g,1.0,CEBOLA 258g,20.0,ABA_RECEITA
Vegana350,Arroz frito de couve-flor com lascas de coco 350g,4.0,COUVE  FLOR 250g,175.0,ABA_RECEITA
Vegana350,Arroz frito de couve-flor com lascas de coco 350g,4.0,OLEO DE COCO copra 200ml,6.25,ABA_RECEITA
Vegana350,Arroz frito de couve-flor com lascas de coco 350g,4.0,CEBOLA 258g,10.0,ABA_RECEITA
Vegana350,Arroz frito de couve-flor com lascas de coco 350g,4.0,VAGEM 206g,37.5,ABA_RECEITA
Vegana350,Arroz frito de couve-flor com lascas de coco 350g,4.0,PIMENTÃO AMARELO 288G,50.0,ABA_RECEITA
Vegana350,Arroz frito de couve-flor com lascas de coco 350g,4.0,MOLHO SHOYU DE CÔCO,7.5,ABA_RECEITA
Vegana350,Arroz frito de couve-flor com lascas de coco 350g,4.0,MELADO DE CANA 250g,3.75,ABA_RECEITA
Vegana350,Arroz frito de couve-flor com lascas de coco 350g,4.0,SAL,1.25,ABA_RECEITA
Vegana350,Arroz frito de couve-flor com lascas de coco 350g,4.0,GRÃO DE BICO (8mm),25.0,ABA_RECEITA
Vegana350,Arroz frito de couve-flor com lascas de coco 350g,4.0,RASPA DE CÔCO,25.0,ABA_RECEITA
Vegana350,Chili sem carne com abóbora assada 350g,7.0,ABÓBORA CABOTIÃ,142.857143,ABA_RECEITA
Vegana350,Chili sem carne com abóbora assada 350g,7.0,OLEO DE COCO copra 200ml,4.285714,ABA_RECEITA
Vegana350,Chili sem carne com abóbora assada 350g,7.0,ALHO 65g,5.714286,ABA_RECEITA
Vegana350,Chili sem carne com abóbora assada 350g,7.0,CEBOLA 258g,1.428571,ABA_RECEITA
Vegana350,Chili sem carne com abóbora assada 350g,7.0,sal,0.714286,ABA_RECEITA
Vegana350,Chili sem carne com abóbora assada 350g,7.0,páprica doce,0.428571,ABA_RECEITA
Vegana350,Chili sem carne com abóbora assada 350g,7.0,COMINHO 40G,0.428571,ABA_RECEITA
Vegana350,Chili sem carne com abóbora assada 350g,7.0,PIMENTA DEDO DE MOÇA 200G,0.714286,ABA_RECEITA
Vegana350,Chili sem carne com abóbora assada 350g,7.0,MOLHO DE TOMATE fugini,64.285714,ABA_RECEITA
Vegana350,Chili sem carne com abóbora assada 350g,7.0,AGUA FILTRADA 20l,34.285714,ABA_RECEITA
Vegana350,Chilli sem carne e arroz com brócolis 350g,8.0,ARROZ INTEGRAL,50.0,ABA_RECEITA
Vegana350,Chilli sem carne e arroz com brócolis 350g,8.0,AGUA FILTRADA 20l,92.5,ABA_RECEITA
Vegana350,Chilli sem carne e arroz com brócolis 350g,8.0,sal,1.25,ABA_RECEITA
Vegana350,Chilli sem carne e arroz com brócolis 350g,8.0,AÇAFRÃO DA TERRA (SEM MISTURA)=CURCUMA,0.625,ABA_RECEITA
Vegana350,Chilli sem carne e arroz com brócolis 350g,8.0,BRÓCOLIS 250g,100.0,ABA_RECEITA
Vegana350,Chilli sem carne e arroz com brócolis 350g,8.0,OLEO DE COCO copra 200ml,6.25,ABA_RECEITA
Vegana350,Chilli sem carne e arroz com brócolis 350g,8.0,CEBOLA 258g,5.0,ABA_RECEITA
Vegana350,Chilli sem carne e arroz com brócolis 350g,8.0,ALHO 65g,1.5,ABA_RECEITA
Vegana350,Chilli sem carne e arroz com brócolis 350g,8.0,GRÃO DE BICO (8mm),50.0,ABA_RECEITA
Vegana350,Chilli sem carne e arroz com brócolis 350g,8.0,CENOURA 200g,50.0,ABA_RECEITA
Vegana350,Curry super cremoso de grão-de-bico e couve-flor 350g,5.0,OLEO DE COCO copra 200ml,5.0,ABA_RECEITA
Vegana350,Curry super cremoso de grão-de-bico e couve-flor 350g,5.0,ALHO 65g,4.0,ABA_RECEITA
Vegana350,Curry super cremoso de grão-de-bico e couve-flor 350g,5.0,CEBOLA 258g,8.0,ABA_RECEITA
Vegana350,Curry super cremoso de grão-de-bico e couve-flor 350g,5.0,COMINHO 40G,0.6,ABA_RECEITA
Vegana350,Curry super cremoso de grão-de-bico e couve-flor 350g,5.0,AÇAFRÃO DA TERRA (SEM MISTURA)=CURCUMA,1.0,ABA_RECEITA
Vegana350,Curry super cremoso de grão-de-bico e couve-flor 350g,5.0,páprica doce,1.0,ABA_RECEITA
Vegana350,Curry super cremoso de grão-de-bico e couve-flor 350g,5.0,sal,1.4,ABA_RECEITA
Vegana350,Curry super cremoso de grão-de-bico e couve-flor 350g,5.0,pimenta preta,1.0,ABA_RECEITA
Vegana350,Curry super cremoso de grão-de-bico e couve-flor 350g,5.0,TOMATE CARMEM 330g,50.0,ABA_RECEITA
Vegana350,Curry super cremoso de grão-de-bico e couve-flor 350g,5.0,COUVE  FLOR 250g,120.0,ABA_RECEITA
Vegana350,DAHL DE LENTILHAS MARRONS COM ARROZ 350g,6.0,LENTLHA (CANADENSE),50.0,ABA_RECEITA
Vegana350,DAHL DE LENTILHAS MARRONS COM ARROZ 350g,6.0,OLEO DE COCO copra 200ml,3.333333,ABA_RECEITA
Vegana350,DAHL DE LENTILHAS MARRONS COM ARROZ 350g,6.0,ALHO 65g,3.333333,ABA_RECEITA
Vegana350,DAHL DE LENTILHAS MARRONS COM ARROZ 350g,6.0,CEBOLA 258g,41.666667,ABA_RECEITA
Vegana350,DAHL DE LENTILHAS MARRONS COM ARROZ 350g,6.0,COMINHO 40G,0.833333,ABA_RECEITA
Vegana350,DAHL DE LENTILHAS MARRONS COM ARROZ 350g,6.0,páprica doce,1.666667,ABA_RECEITA
Vegana350,DAHL DE LENTILHAS MARRONS COM ARROZ 350g,6.0,AÇAFRÃO DA TERRA (SEM MISTURA)=CURCUMA,0.833333,ABA_RECEITA
Vegana350,DAHL DE LENTILHAS MARRONS COM ARROZ 350g,6.0,sal,2.0,ABA_RECEITA
Vegana350,DAHL DE LENTILHAS MARRONS COM ARROZ 350g,6.0,TOMATE CARMEM 330g,50.0,ABA_RECEITA
Vegana350,DAHL DE LENTILHAS MARRONS COM ARROZ 350g,6.0,AGUA FILTRADA 20l,83.333333,ABA_RECEITA
Vegana350,ESPAGUETE COM ABOBRINHA E BOLONHESA DE SOJA E BERINJELA 350g,6.0,SOJA (PROTEINA DE SOJA),33.333333,ABA_RECEITA
Vegana350,ESPAGUETE COM ABOBRINHA E BOLONHESA DE SOJA E BERINJELA 350g,6.0,OLEO DE COCO copra 200ml,2.5,ABA_RECEITA
Vegana350,ESPAGUETE COM ABOBRINHA E BOLONHESA DE SOJA E BERINJELA 350g,6.0,ALHO 65g,2.5,ABA_RECEITA
Vegana350,ESPAGUETE COM ABOBRINHA E BOLONHESA DE SOJA E BERINJELA 350g,6.0,CEBOLA 258g,6.666667,ABA_RECEITA
Vegana350,ESPAGUETE COM ABOBRINHA E BOLONHESA DE SOJA E BERINJELA 350g,6.0,CENOURA 200g,16.666667,ABA_RECEITA
Vegana350,ESPAGUETE COM ABOBRINHA E BOLONHESA DE SOJA E BERINJELA 350g,6.0,BERINJELA 381g,133.333333,ABA_RECEITA
Vegana350,ESPAGUETE COM ABOBRINHA E BOLONHESA DE SOJA E BERINJELA 350g,6.0,TOMATE CARMEM 330g,80.0,ABA_RECEITA
Vegana350,ESPAGUETE COM ABOBRINHA E BOLONHESA DE SOJA E BERINJELA 350g,6.0,"PASTA DE TOMATE CONCENTRADA 2,005kg",66.666667,ABA_RECEITA
Vegana350,ESPAGUETE COM ABOBRINHA E BOLONHESA DE SOJA E BERINJELA 350g,6.0,MANJERICÃO maço 50g,0.833333,ABA_RECEITA
Vegana350,ESPAGUETE COM ABOBRINHA E BOLONHESA DE SOJA E BERINJELA 350g,6.0,OREGANO EGÍPICIO,0.833333,ABA_RECEITA
Vegana350,Lasanha de beringela com molho bolonhesa de quinoa 350g,4.0,QUINOA EM GRÃO,50.0,ABA_RECEITA
Vegana350,Lasanha de beringela com molho bolonhesa de quinoa 350g,4.0,AGUA FILTRADA 20l,62.5,ABA_RECEITA
Vegana350,Lasanha de beringela com molho bolonhesa de quinoa 350g,4.0,MOLHO DE TOMATE fugini,125.0,ABA_RECEITA
Vegana350,Lasanha de beringela com molho bolonhesa de quinoa 350g,4.0,ALHO 65g,2.5,ABA_RECEITA
Vegana350,Lasanha de beringela com molho bolonhesa de quinoa 350g,4.0,CEBOLA 258g,62.5,ABA_RECEITA
Vegana350,Lasanha de beringela com molho bolonhesa de quinoa 350g,4.0,MASSA DE LASANHA INTEGRAL 200g,100.0,ABA_RECEITA
Vegana350,Lasanha de beringela com molho bolonhesa de quinoa 350g,4.0,sal,1.25,ABA_RECEITA
Vegana350,Lasanha de beringela com molho bolonhesa de quinoa 350g,4.0,QUEIJO TOFU (SOJA),25.0,ABA_RECEITA
Vegana350,Macarrão ao molho cremoso de grão-de-bico e pimentão vermelho 350g,3.0,MACARRÃO INTEGRAL 500g GALO PARAFUSO E ESPAGUETE Nº8,133.333333,ABA_RECEITA
Vegana350,Macarrão ao molho cremoso de grão-de-bico e pimentão vermelho 350g,3.0,AZEITE DE OLIVA 500ml,10.0,ABA_RECEITA
Vegana350,Macarrão ao molho cremoso de grão-de-bico e pimentão vermelho 350g,3.0,CEBOLA 258g,13.333333,ABA_RECEITA
Vegana350,Macarrão ao molho cremoso de grão-de-bico e pimentão vermelho 350g,3.0,ALHO 65g,3.333333,ABA_RECEITA
Vegana350,Macarrão ao molho cremoso de grão-de-bico e pimentão vermelho 350g,3.0,PIMENTÃO VERMELHO 464g,100.0,ABA_RECEITA
Vegana350,Macarrão ao molho cremoso de grão-de-bico e pimentão vermelho 350g,3.0,GRÃO DE BICO (8mm),66.666667,ABA_RECEITA
Vegana350,Macarrão ao molho cremoso de grão-de-bico e pimentão vermelho 350g,3.0,AGUA FILTRADA 20l,83.333333,ABA_RECEITA
Vegana350,Macarrão ao molho cremoso de grão-de-bico e pimentão vermelho 350g,3.0,sal,1.666667,ABA_RECEITA
Vegana350,Macarrão ao molho cremoso de grão-de-bico e pimentão vermelho 350g,3.0,LEVEDURA NUTRICIONAL 120g,5.0,ABA_RECEITA
Vegana350,Macarrão ao molho cremoso de grão-de-bico e pimentão vermelho 350g,3.0,ABOBRINHA ITALIANA,66.666667,ABA_RECEITA
Vegana350,Macarrão com molho bolonhesa de grão-de-bico 350g,3.0,MACARRÃO INTEGRAL 500g GALO PARAFUSO E ESPAGUETE Nº8,133.333333,ABA_RECEITA
Vegana350,Macarrão com molho bolonhesa de grão-de-bico 350g,3.0,BRÓCOLIS 250g,133.333333,ABA_RECEITA
Vegana350,Macarrão com molho bolonhesa de grão-de-bico 350g,3.0,CENOURA 200g,50.0,ABA_RECEITA
Vegana350,Macarrão com molho bolonhesa de grão-de-bico 350g,3.0,AZEITE DE OLIVA 500ml,10.0,ABA_RECEITA
Vegana350,Macarrão com molho bolonhesa de grão-de-bico 350g,3.0,ALHO 65g,13.333333,ABA_RECEITA
Vegana350,Macarrão com molho bolonhesa de grão-de-bico 350g,3.0,TOMATE CARMEM 330g,140.0,ABA_RECEITA
Vegana350,Macarrão com molho bolonhesa de grão-de-bico 350g,3.0,"PASTA DE TOMATE CONCENTRADA 2,005kg",150.0,ABA_RECEITA
Vegana350,Macarrão com molho bolonhesa de grão-de-bico 350g,3.0,AGUA FILTRADA 20l,41.666667,ABA_RECEITA
Vegana350,Macarrão com molho bolonhesa de grão-de-bico 350g,3.0,sal,1.666667,ABA_RECEITA
Vegana350,Macarrão com molho bolonhesa de grão-de-bico 350g,3.0,AÇUCAR DEMERARA,1.666667,ABA_RECEITA
Vegana350,REFOGADO DE LENTILHA E ARROZ COM BRÓCOLIS 350g,5.0,LENTLHA (CANADENSE),50.0,ABA_RECEITA
Vegana350,REFOGADO DE LENTILHA E ARROZ COM BRÓCOLIS 350g,5.0,AZEITE DE OLIVA 500ml,4.0,ABA_RECEITA
Vegana350,REFOGADO DE LENTILHA E ARROZ COM BRÓCOLIS 350g,5.0,CEBOLA 258g,8.0,ABA_RECEITA
Vegana350,REFOGADO DE LENTILHA E ARROZ COM BRÓCOLIS 350g,5.0,ALHO 65g,2.0,ABA_RECEITA
Vegana350,REFOGADO DE LENTILHA E ARROZ COM BRÓCOLIS 350g,5.0,BERINJELA 381g,140.0,ABA_RECEITA
Vegana350,REFOGADO DE LENTILHA E ARROZ COM BRÓCOLIS 350g,5.0,COMINHO 40G,1.0,ABA_RECEITA
Vegana350,REFOGADO DE LENTILHA E ARROZ COM BRÓCOLIS 350g,5.0,PIMENTÃO VERMELHO 464g,70.0,ABA_RECEITA
Vegana350,REFOGADO DE LENTILHA E ARROZ COM BRÓCOLIS 350g,5.0,TOMATE CARMEM 330g,70.0,ABA_RECEITA
Vegana350,REFOGADO DE LENTILHA E ARROZ COM BRÓCOLIS 350g,5.0,páprica doce,1.0,ABA_RECEITA
Vegana350,Risoto vegano de brócolis super cremoso sem manteiga e sem queijo 350g,6.0,Castanha de cajú w3,6.666667,ABA_RECEITA
Vegana350,Risoto vegano de brócolis super cremoso sem manteiga e sem queijo 350g,6.0,AGUA FILTRADA 20l,186.666667,ABA_RECEITA
Vegana350,Risoto vegano de brócolis super cremoso sem manteiga e sem queijo 350g,6.0,AZEITE DE OLIVA 500ml,10.0,ABA_RECEITA
Vegana350,Risoto vegano de brócolis super cremoso sem manteiga e sem queijo 350g,6.0,BRÓCOLIS 250g,116.666667,ABA_RECEITA
Vegana350,Risoto vegano de brócolis super cremoso sem manteiga e sem queijo 350g,6.0,PIMENTÃO VERMELHO 464g,58.333333,ABA_RECEITA
Vegana350,Risoto vegano de brócolis super cremoso sem manteiga e sem queijo 350g,6.0,SAL,0.833333,ABA_RECEITA
Vegana350,Risoto vegano de brócolis super cremoso sem manteiga e sem queijo 350g,6.0,CALDO DE LEGUMES NATURAL,66.666667,ABA_RECEITA
Vegana350,Risoto vegano de brócolis super cremoso sem manteiga e sem queijo 350g,6.0,ALHO 65g,2.5,ABA_RECEITA
Vegana350,Risoto vegano de brócolis super cremoso sem manteiga e sem queijo 350g,6.0,CEBOLA 258g,8.333333,ABA_RECEITA
Vegana350,Risoto vegano de brócolis super cremoso sem manteiga e sem queijo 350g,6.0,ARROZ ARBÓREO,50.0,ABA_RECEITA
Vegana350,Salada de arroz integral estilo Thai 350g,3.0,PASTA DE AMENDOIM INTEGRAL 1Kg GRÃO E CEREIAIS,5.0,ABA_RECEITA
Vegana350,Salada de arroz integral estilo Thai 350g,3.0,MOLHO SHOYU DE CÔCO,5.0,ABA_RECEITA
Vegana350,Salada de arroz integral estilo Thai 350g,3.0,MELADO DE CANA 250g,5.0,ABA_RECEITA
Vegana350,Salada de arroz integral estilo Thai 350g,3.0,AZEITE DE OLIVA 500ml,5.0,ABA_RECEITA
Vegana350,Salada de arroz integral estilo Thai 350g,3.0,AGUA FILTRADA 20l,15.0,ABA_RECEITA
Vegana350,Salada de arroz integral estilo Thai 350g,3.0,ARROZ INTEGRAL,66.666667,ABA_RECEITA
Vegana350,Salada de arroz integral estilo Thai 350g,3.0,VAGEM 206g,66.666667,ABA_RECEITA
Vegana350,Salada de arroz integral estilo Thai 350g,3.0,PIMENTÃO AMARELO 288G,66.666667,ABA_RECEITA
Vegana350,Salada de arroz integral estilo Thai 350g,3.0,PIMENTÃO VERMELHO 464g,66.666667,ABA_RECEITA
Vegana350,Salada de arroz integral estilo Thai 350g,3.0,"REPOLHO ROXO 1,236kg",66.666667,ABA_RECEITA
Vegana350,Salada de Couscous Italiano Marroquinho 350g,4.0,AGUA FILTRADA 20l,60.0,ABA_RECEITA
Vegana350,Salada de Couscous Italiano Marroquinho 350g,4.0,AÇAFRÃO DA TERRA (SEM MISTURA)=CURCUMA,1.25,ABA_RECEITA
Vegana350,Salada de Couscous Italiano Marroquinho 350g,4.0,CALDO DE LEGUMES NATURAL,37.5,ABA_RECEITA
Vegana350,Salada de Couscous Italiano Marroquinho 350g,4.0,AZEITE DE OLIVA 500ml,3.75,ABA_RECEITA
Vegana350,Salada de Couscous Italiano Marroquinho 350g,4.0,COUSCOUS ITALIANO DIVELLA CAIXA 500g,100.0,ABA_RECEITA
Vegana350,Salada de Couscous Italiano Marroquinho 350g,4.0,CEBOLA 258g,10.0,ABA_RECEITA
Vegana350,Salada de Couscous Italiano Marroquinho 350g,4.0,PIMENTÃO VERDE 227g,50.0,ABA_RECEITA
Vegana350,Salada de Couscous Italiano Marroquinho 350g,4.0,cebolinha 150g,25.0,ABA_RECEITA
Vegana350,Salada de Couscous Italiano Marroquinho 350g,4.0,"MILHO quero 1,700kg",25.0,ABA_RECEITA
Vegana350,Salada de Couscous Italiano Marroquinho 350g,4.0,FEIJAO PRETO,50.0,ABA_RECEITA
Vegana350,Salada de Quinoa Rainbow com Grão de Bico Crocante 350g,3.0,GRÃO DE BICO (8mm),56.666667,ABA_RECEITA
Vegana350,Salada de Quinoa Rainbow com Grão de Bico Crocante 350g,3.0,AÇAFRÃO DA TERRA (SEM MISTURA)=CURCUMA,3.333333,ABA_RECEITA
Vegana350,Salada de Quinoa Rainbow com Grão de Bico Crocante 350g,3.0,páprica doce,3.333333,ABA_RECEITA
Vegana350,Salada de Quinoa Rainbow com Grão de Bico Crocante 350g,3.0,ALHO EM PÓ,3.333333,ABA_RECEITA
Vegana350,Salada de Quinoa Rainbow com Grão de Bico Crocante 350g,3.0,LIMÃO TAHITI 120g,33.333333,ABA_RECEITA
Vegana350,Salada de Quinoa Rainbow com Grão de Bico Crocante 350g,3.0,AZEITE DE OLIVA 500ml,5.0,ABA_RECEITA
Vegana350,Salada de Quinoa Rainbow com Grão de Bico Crocante 350g,3.0,Pasta de Pimenta Vermelha Gota Picante Maratá 200g,6.666667,ABA_RECEITA
Vegana350,Salada de Quinoa Rainbow com Grão de Bico Crocante 350g,3.0,QUINOA EM GRÃO,56.666667,ABA_RECEITA
Vegana350,Salada de Quinoa Rainbow com Grão de Bico Crocante 350g,3.0,SAL,1.666667,ABA_RECEITA
Vegana350,Salada de Quinoa Rainbow com Grão de Bico Crocante 350g,3.0,RUCULA ORGANICA 200g,33.333333,ABA_RECEITA
Vegana350,Stir Fry de tofu e arroz 350g,5.0,ARROZ BRANCO,50.0,ABA_RECEITA
Vegana350,Stir Fry de tofu e arroz 350g,5.0,AGUA FILTRADA 20l,100.0,ABA_RECEITA
Vegana350,Stir Fry de tofu e arroz 350g,5.0,sal,1.0,ABA_RECEITA
Vegana350,Stir Fry de tofu e arroz 350g,5.0,OLEO DE COCO copra 200ml,3.0,ABA_RECEITA
Vegana350,Stir Fry de tofu e arroz 350g,5.0,QUEIJO TOFU (SOJA),40.0,ABA_RECEITA
Vegana350,Stir Fry de tofu e arroz 350g,5.0,CEBOLA 258g,8.0,ABA_RECEITA
Vegana350,Stir Fry de tofu e arroz 350g,5.0,ALHO PORÓ,9.0,ABA_RECEITA
Vegana350,Stir Fry de tofu e arroz 350g,5.0,PIMENTÃO VERMELHO 464g,27.0,ABA_RECEITA
Vegana350,Stir Fry de tofu e arroz 350g,5.0,PIMENTÃO AMARELO 288G,27.0,ABA_RECEITA
Vegana350,Stir Fry de tofu e arroz 350g,5.0,ASPARGO 250g,18.0,ABA_RECEITA
Premium250,Arroz com brócolis e Camarão 250g,7.0,CAMARÃO DESCASCADO 71/90 400g,128.571429,ABA_RECEITA
Premium250,Arroz com brócolis e Camarão 250g,7.0,LIMÃO TAHITI 120g,14.285714,ABA_RECEITA
Premium250,Arroz com brócolis e Camarão 250g,7.0,ALHO 65g,1.0,ABA_RECEITA
Premium250,Arroz com brócolis e Camarão 250g,7.0,SAL,1.0,ABA_RECEITA
Premium250,Arroz com brócolis e Camarão 250g,7.0,pimenta calabreza,1.0,ABA_RECEITA
Premium250,Arroz com brócolis e Camarão 250g,7.0,MANTEIGA AVIAÇÃO 200g,2.142857,ABA_RECEITA
Premium250,Arroz com brócolis e Camarão 250g,7.0,AZEITE DE OLIVA 500ml,2.857143,ABA_RECEITA
Premium250,Picanha Suína e espaguete de abobrinha 250g,2.0,Picanha Suina,112.5,ABA_RECEITA
Premium250,Picanha Suína e espaguete de abobrinha 250g,2.0,Lemon Pepper 45g,3.5,ABA_RECEITA
Premium250,Picanha Suína e espaguete de abobrinha 250g,2.0,CHIMICHURRI ( SEM PIMENTA),3.5,ABA_RECEITA
Premium250,Picanha Suína e espaguete de abobrinha 250g,2.0,PIMENTA CALABREZA,3.5,ABA_RECEITA
Premium250,Picanha Suína e espaguete de abobrinha 250g,2.0,ABOBRINHA ITALIANA,60.0,ABA_RECEITA
Premium250,Picanha Suína e espaguete de abobrinha 250g,2.0,ALHO 65g,5.0,ABA_RECEITA
Premium250,Picanha Suína e espaguete de abobrinha 250g,2.0,TOMATE CEREJA 280g,25.0,ABA_RECEITA
Premium250,Picanha Suína e espaguete de abobrinha 250g,2.0,AZEITE DE OLIVA 500ml,10.0,ABA_RECEITA
Premium250,Picanha Suína e espaguete de abobrinha 250g,2.0,sal,5.0,ABA_RECEITA
Premium250,Picanha Suína e espaguete de abobrinha 250g,2.0,pimenta preta,2.0,ABA_RECEITA
Premium250,Maminha com farofa de couve 250g,5.0,Maminha bovina,160.0,ABA_RECEITA
Premium250,Maminha com farofa de couve 250g,5.0,CEBOLA 258g,8.0,ABA_RECEITA
Premium250,Maminha com farofa de couve 250g,5.0,ALHO 65g,4.0,ABA_RECEITA
Premium250,Maminha com farofa de couve 250g,5.0,folha de louro,1.0,ABA_RECEITA
Premium250,Maminha com farofa de couve 250g,5.0,NOZ MOSCADA (EM GRÃO),1.0,ABA_RECEITA
Premium250,Maminha com farofa de couve 250g,5.0,CHIMICHURRI ( SEM PIMENTA),1.0,ABA_RECEITA
Premium250,Maminha com farofa de couve 250g,5.0,sal,3.0,ABA_RECEITA
Premium250,Maminha com farofa de couve 250g,5.0,AZEITE DE OLIVA 500ml,4.0,ABA_RECEITA
Premium250,Maminha com farofa de couve 250g,5.0,MANTEIGA AVIAÇÃO 200g,6.0,ABA_RECEITA
Premium250,Filé mignon suíno com molho de laranja e mel 250g,2.0,Filé Mignon suino,150.0,ABA_RECEITA
Premium250,Filé mignon suíno com molho de laranja e mel 250g,2.0,sal,7.5,ABA_RECEITA
Premium250,Filé mignon suíno com molho de laranja e mel 250g,2.0,pimenta preta,5.0,ABA_RECEITA
Premium250,Filé mignon suíno com molho de laranja e mel 250g,2.0,Laranja,75.0,ABA_RECEITA
Premium250,Filé mignon suíno com molho de laranja e mel 250g,2.0,MEL ABV 500g,10.0,ABA_RECEITA
Premium250,Filé mignon suíno com molho de laranja e mel 250g,2.0,MANTEIGA AVIAÇÃO 200g,7.5,ABA_RECEITA
Premium250,Filé mignon suíno com molho de laranja e mel 250g,2.0,TEMPERO A GOSTO,10.0,ABA_RECEITA
Premium250,Filé mignon suíno com molho de laranja e mel 250g,2.0,ALHO 65g,5.0,ABA_RECEITA
Premium250,Filé mignon suíno com molho de laranja e mel 250g,2.0,CEBOLA 258g,5.0,ABA_RECEITA
Premium250,Filé mignon suíno com molho de laranja e mel 250g,2.0,AZEITE DE OLIVA 500ml,10.0,ABA_RECEITA
Premium250,Pintado com farofa e Purê de Cabotiá 250g,7.0,Filé de Pintado,100.0,ABA_RECEITA
Premium250,Pintado com farofa e Purê de Cabotiá 250g,7.0,MANTEIGA AVIAÇÃO 200g,7.428571,ABA_RECEITA
Premium250,Pintado com farofa e Purê de Cabotiá 250g,7.0,CASTANHA DO PARÁ LARGE,3.0,ABA_RECEITA
Premium250,Pintado com farofa e Purê de Cabotiá 250g,7.0,FARINHA DE MANDIOCA,14.285714,ABA_RECEITA
Premium250,Pintado com farofa e Purê de Cabotiá 250g,7.0,CREME DE LEITE 200g,12.285714,ABA_RECEITA
Premium250,Pintado com farofa e Purê de Cabotiá 250g,7.0,ABÓBORA CABOTIÃ,100.0,ABA_RECEITA
Premium250,Pintado com farofa e Purê de Cabotiá 250g,7.0,CEBOLA 258g,12.714286,ABA_RECEITA
Premium250,Pintado com farofa e Purê de Cabotiá 250g,7.0,LIMÃO TAHITI 120g,7.142857,ABA_RECEITA
Premium250,Pintado com farofa e Purê de Cabotiá 250g,7.0,Molho com Curry (sem glúten) 335ml,4.142857,ABA_RECEITA
Premium250,Pintado com farofa e Purê de Cabotiá 250g,7.0,SALSINHA 150G,1.571429,ABA_RECEITA
Premium250,Tilapia ao molho de requeijao Light 250g,7.0,TILAPIA,100.0,ABA_RECEITA
Premium250,Tilapia ao molho de requeijao Light 250g,7.0,LIMÃO TAHITI 120g,14.285714,ABA_RECEITA
Premium250,Tilapia ao molho de requeijao Light 250g,7.0,sal,1.571429,ABA_RECEITA
Premium250,Tilapia ao molho de requeijao Light 250g,7.0,pimenta preta,1.0,ABA_RECEITA
Premium250,Tilapia ao molho de requeijao Light 250g,7.0,ALHO 65g,1.0,ABA_RECEITA
Premium250,Tilapia ao molho de requeijao Light 250g,7.0,FARINHA DE TRIGO BRANCA,12.285714,ABA_RECEITA
Premium250,Tilapia ao molho de requeijao Light 250g,7.0,OLEO de soja liza 900ml,35.714286,ABA_RECEITA
Premium250,Tilapia ao molho de requeijao Light 250g,7.0,CREME DE LEITE 200g,35.714286,ABA_RECEITA
Premium250,Tilapia ao molho de requeijao Light 250g,7.0,REQUEIJÃO LIGHT catupiry 200ml,28.571429,ABA_RECEITA
Premium250,Tilapia ao molho de requeijao Light 250g,7.0,QUEIJO MUSSARELA pedaço,14.285714,ABA_RECEITA
Premium250,Peito de frango ao molho de Cogumelos 250g,4.0,PEITO DE FRANGO SEM OSSO E SEM PELE,80.25,ABA_RECEITA
Premium250,Peito de frango ao molho de Cogumelos 250g,4.0,LIMÃO TAHITI 120g,26.75,ABA_RECEITA
Premium250,Peito de frango ao molho de Cogumelos 250g,4.0,sal,2.75,ABA_RECEITA
Premium250,Peito de frango ao molho de Cogumelos 250g,4.0,pimenta preta,1.75,ABA_RECEITA
Premium250,Peito de frango ao molho de Cogumelos 250g,4.0,CEBOLA 258g,18.75,ABA_RECEITA
Premium250,Peito de frango ao molho de Cogumelos 250g,4.0,COGUMELOS 200g,25.0,ABA_RECEITA
Premium250,Peito de frango ao molho de Cogumelos 250g,4.0,CREME DE LEITE 200g,71.5,ABA_RECEITA
Premium250,Peito de frango ao molho de Cogumelos 250g,4.0,PÁPRICA NORMAL,1.75,ABA_RECEITA
Premium250,Peito de frango ao molho de Cogumelos 250g,4.0,ESPINAFRE 350g,17.75,ABA_RECEITA
Premium250,Peito de frango ao molho de Cogumelos 250g,4.0,alecrim,1.75,ABA_RECEITA
Premium250,Penne com Ragu de maminha 250g,3.0,CEBOLA 258g,13.333333,ABA_RECEITA
Premium250,Penne com Ragu de maminha 250g,3.0,AZEITE DE OLIVA 500ml,3.666667,ABA_RECEITA
Premium250,Penne com Ragu de maminha 250g,3.0,Maminha bovina,111.666667,ABA_RECEITA
Premium250,Penne com Ragu de maminha 250g,3.0,tempero a gosto,9.666667,ABA_RECEITA
Premium250,Penne com Ragu de maminha 250g,3.0,pimenta preta,2.333333,ABA_RECEITA
Premium250,Penne com Ragu de maminha 250g,3.0,MOLHO DE TOMATE fugini,28.666667,ABA_RECEITA
Premium250,Penne com Ragu de maminha 250g,3.0,MACARRÃO SEM GLUTEM 500g PARAFUSO E PENNE,59.666667,ABA_RECEITA
Premium250,Penne com Ragu de maminha 250g,3.0,AZEITONA SEM CAROÇO 160g,14.333333,ABA_RECEITA
Premium250,Penne com Ragu de maminha 250g,3.0,ALHO 65g,5.0,ABA_RECEITA
Premium250,Penne com Ragu de maminha 250g,3.0,SAL,1.666667,ABA_RECEITA
Premium250,Penne à matriciana 250g,3.0,Bacon Saudavel 1Kg,50.0,ABA_RECEITA
Premium250,Penne à matriciana 250g,3.0,AZEITE DE OLIVA 500ml,3.666667,ABA_RECEITA
Premium250,Penne à matriciana 250g,3.0,CEBOLA 258g,10.0,ABA_RECEITA
Premium250,Penne à matriciana 250g,3.0,sal,3.666667,ABA_RECEITA
Premium250,Penne à matriciana 250g,3.0,PIMENTA CALABREZA,2.333333,ABA_RECEITA
Premium250,Penne à matriciana 250g,3.0,TOMATE CARMEM 330g,71.333333,ABA_RECEITA
Premium250,Penne à matriciana 250g,3.0,"PASTA DE TOMATE CONCENTRADA 2,005kg",29.666667,ABA_RECEITA
Premium250,Penne à matriciana 250g,3.0,MACARRÃO SEM GLUTEM 500g PARAFUSO E PENNE,71.333333,ABA_RECEITA
Premium250,Penne à matriciana 250g,3.0,pimenta preta,2.333333,ABA_RECEITA
Premium250,Penne à matriciana 250g,3.0,QUEIJO PARMESÃO,12.0,ABA_RECEITA
Premium250,Nasi Goreng 250g,2.0,CENOURA 200g,43.0,ABA_RECEITA
Premium250,Nasi Goreng 250g,2.0,MANTEIGA AVIAÇÃO 200g,10.5,ABA_RECEITA
Premium250,Nasi Goreng 250g,2.0,PEITO DE FRANGO SEM OSSO E SEM PELE,107.0,ABA_RECEITA
Premium250,Nasi Goreng 250g,2.0,AZEITE DE OLIVA 500ml,3.5,ABA_RECEITA
Premium250,Nasi Goreng 250g,2.0,sal,5.5,ABA_RECEITA
Premium250,Nasi Goreng 250g,2.0,ARROZ BRANCO,85.5,ABA_RECEITA
Premium250,Nasi Goreng 250g,2.0,CANELA EM PÓ (SEM MISTURA),2.0,ABA_RECEITA
Premium250,Nasi Goreng 250g,2.0,páprica doce,1.0,ABA_RECEITA
Premium250,Nasi Goreng 250g,2.0,salsinha 150g,10.5,ABA_RECEITA
Premium250,Mjadra Simples 250g,6.0,ARROZ INTEGRAL,100.0,ABA_RECEITA
Premium250,Mjadra Simples 250g,6.0,LENTLHA (CANADENSE),83.333333,ABA_RECEITA
Premium250,Mjadra Simples 250g,6.0,AGUA FILTRADA 20l,119.0,ABA_RECEITA
Premium250,Mjadra Simples 250g,6.0,CEBOLINHA 150g,14.833333,ABA_RECEITA
Premium250,Mjadra Simples 250g,6.0,CEBOLA 258g,71.5,ABA_RECEITA
Premium250,Mjadra Simples 250g,6.0,AÇAFRÃO DA TERRA (SEM MISTURA)=CURCUMA,1.166667,ABA_RECEITA
Premium250,Mjadra Simples 250g,6.0,pimenta calabreza,1.166667,ABA_RECEITA
Premium250,Mjadra Simples 250g,6.0,sal,1.833333,ABA_RECEITA
Premium250,Mjadra Simples 250g,6.0,AZEITE DE OLIVA 500ml,3.333333,ABA_RECEITA
Premium250,Mjadra Simples 250g,6.0,TEMPERO A GOSTO,3.333333,ABA_RECEITA
Premium250,Risoto de Brie com abóbora Cabotiá e cebola caramelizada no mel 250g,10.0,ABÓBORA CABOTIÃ,130.0,ABA_RECEITA
Premium250,Risoto de Brie com abóbora Cabotiá e cebola caramelizada no mel 250g,10.0,AZEITE DE OLIVA 500ml,3.3,ABA_RECEITA
Premium250,Risoto de Brie com abóbora Cabotiá e cebola caramelizada no mel 250g,10.0,CALDO DE LEGUMES NATURAL,10.0,ABA_RECEITA
Premium250,Risoto de Brie com abóbora Cabotiá e cebola caramelizada no mel 250g,10.0,PÁPRICA PICANTE,1.1,ABA_RECEITA
Premium250,Risoto de Brie com abóbora Cabotiá e cebola caramelizada no mel 250g,10.0,SAL,1.1,ABA_RECEITA
Premium250,Risoto de Brie com abóbora Cabotiá e cebola caramelizada no mel 250g,10.0,ALHO EM PÓ,1.1,ABA_RECEITA
Premium250,Risoto de Brie com abóbora Cabotiá e cebola caramelizada no mel 250g,10.0,ARROZ ARBÓREO,80.0,ABA_RECEITA
Premium250,Risoto de Brie com abóbora Cabotiá e cebola caramelizada no mel 250g,10.0,SALSINHA 150g,11.1,ABA_RECEITA
Premium250,Risoto de Brie com abóbora Cabotiá e cebola caramelizada no mel 250g,10.0,AGUA FILTRADA 20l,71.4,ABA_RECEITA
Premium250,Risoto de Brie com abóbora Cabotiá e cebola caramelizada no mel 250g,10.0,MANTEIGA AVIAÇÃO 200g,4.0,ABA_RECEITA
Premium250,Galinhada com Arroz Basmati 250g,8.0,SOBRE COXA,100.0,ABA_RECEITA
Premium250,Galinhada com Arroz Basmati 250g,8.0,SAL,1.375,ABA_RECEITA
Premium250,Galinhada com Arroz Basmati 250g,8.0,PIMENTA PRETA,0.875,ABA_RECEITA
Premium250,Galinhada com Arroz Basmati 250g,8.0,PÁPRICA PICANTE,0.875,ABA_RECEITA
Premium250,Galinhada com Arroz Basmati 250g,8.0,TOMILHO,0.875,ABA_RECEITA
Premium250,Galinhada com Arroz Basmati 250g,8.0,LIMÃO TAHITI 120g,18.75,ABA_RECEITA
Premium250,Galinhada com Arroz Basmati 250g,8.0,ARROZ BASMATI INDIANO,75.0,ABA_RECEITA
Premium250,Galinhada com Arroz Basmati 250g,8.0,CENOURA 200g,18.75,ABA_RECEITA
Premium250,Galinhada com Arroz Basmati 250g,8.0,ALHO 65g,1.25,ABA_RECEITA
Premium250,Galinhada com Arroz Basmati 250g,8.0,SALSINHA 150G,12.5,ABA_RECEITA
Premium250,Boeuf Bourgugnon Vegano 250g,6.0,SOJA (PROTEINA DE SOJA),66.666667,ABA_RECEITA
Premium250,Boeuf Bourgugnon Vegano 250g,6.0,AGUA FILTRADA 20l,59.5,ABA_RECEITA
Premium250,Boeuf Bourgugnon Vegano 250g,6.0,ALHO EM PÓ,4.166667,ABA_RECEITA
Premium250,Boeuf Bourgugnon Vegano 250g,6.0,PÁPRICA DEFUMADA,1.833333,ABA_RECEITA
Premium250,Boeuf Bourgugnon Vegano 250g,6.0,OREGANO EGÍPICIO,1.166667,ABA_RECEITA
Premium250,Boeuf Bourgugnon Vegano 250g,6.0,MOLHO SHOYU DE CÔCO,3.333333,ABA_RECEITA
Premium250,Boeuf Bourgugnon Vegano 250g,6.0,MANTEIGA DE CÔCO COPRA 200ML,3.333333,ABA_RECEITA
Premium250,Boeuf Bourgugnon Vegano 250g,6.0,AZEITE DE OLIVA 500ml,3.333333,ABA_RECEITA
Premium250,Boeuf Bourgugnon Vegano 250g,6.0,CEBOLA 258g,29.833333,ABA_RECEITA
Premium250,Boeuf Bourgugnon Vegano 250g,6.0,CENOURA 200g,20.0,ABA_RECEITA
Premium350,Arroz com brócolis e Camarão 350g,7.0,CAMARÃO DESCASCADO 71/90 400g,142.857143,ABA_RECEITA
Premium350,Arroz com brócolis e Camarão 350g,7.0,LIMÃO TAHITI 120g,17.142857,ABA_RECEITA
Premium350,Arroz com brócolis e Camarão 350g,7.0,ALHO 65g,1.428571,ABA_RECEITA
Premium350,Arroz com brócolis e Camarão 350g,7.0,SAL,1.428571,ABA_RECEITA
Premium350,Arroz com brócolis e Camarão 350g,7.0,pimenta calabreza,1.428571,ABA_RECEITA
Premium350,Arroz com brócolis e Camarão 350g,7.0,MANTEIGA AVIAÇÃO 200g,2.142857,ABA_RECEITA
Premium350,Arroz com brócolis e Camarão 350g,7.0,AZEITE DE OLIVA 500ml,2.142857,ABA_RECEITA
Premium350,Picanha Suína e espaguete de abobrinha 350g,2.0,Picanha Suina,175.0,ABA_RECEITA
Premium350,Picanha Suína e espaguete de abobrinha 350g,2.0,Lemon Pepper 45g,5.0,ABA_RECEITA
Premium350,Picanha Suína e espaguete de abobrinha 350g,2.0,CHIMICHURRI ( SEM PIMENTA),5.0,ABA_RECEITA
Premium350,Picanha Suína e espaguete de abobrinha 350g,2.0,PIMENTA CALABREZA,5.0,ABA_RECEITA
Premium350,Picanha Suína e espaguete de abobrinha 350g,2.0,ABOBRINHA ITALIANA,150.0,ABA_RECEITA
Premium350,Picanha Suína e espaguete de abobrinha 350g,2.0,ALHO 65g,2.5,ABA_RECEITA
Premium350,Picanha Suína e espaguete de abobrinha 350g,2.0,TOMATE CEREJA 280g,20.0,ABA_RECEITA
Premium350,Picanha Suína e espaguete de abobrinha 350g,2.0,AZEITE DE OLIVA 500ml,5.0,ABA_RECEITA
Premium350,Picanha Suína e espaguete de abobrinha 350g,2.0,sal,7.5,ABA_RECEITA
Premium350,Picanha Suína e espaguete de abobrinha 350g,2.0,pimenta preta,2.5,ABA_RECEITA
Premium350,Maminha com farofa de couve 350g,5.0,Maminha bovina,200.0,ABA_RECEITA
Premium350,Maminha com farofa de couve 350g,5.0,CEBOLA 258g,8.0,ABA_RECEITA
Premium350,Maminha com farofa de couve 350g,5.0,ALHO 65g,4.0,ABA_RECEITA
Premium350,Maminha com farofa de couve 350g,5.0,folha de louro,1.0,ABA_RECEITA
Premium350,Maminha com farofa de couve 350g,5.0,NOZ MOSCADA (EM GRÃO),1.0,ABA_RECEITA
Premium350,Maminha com farofa de couve 350g,5.0,CHIMICHURRI ( SEM PIMENTA),1.0,ABA_RECEITA
Premium350,Maminha com farofa de couve 350g,5.0,sal,3.0,ABA_RECEITA
Premium350,Maminha com farofa de couve 350g,5.0,COUVE 250g,40.0,ABA_RECEITA
Premium350,Maminha com farofa de couve 350g,5.0,TEMPERO A GOSTO,4.0,ABA_RECEITA
Premium350,Maminha com farofa de couve 350g,5.0,MANTEIGA AVIAÇÃO 200g,6.0,ABA_RECEITA
Premium350,Filé mignon suíno com molho de laranja e mel 350g,2.0,Filé Mignon suino,200.0,ABA_RECEITA
Premium350,Filé mignon suíno com molho de laranja e mel 350g,2.0,sal,7.5,ABA_RECEITA
Premium350,Filé mignon suíno com molho de laranja e mel 350g,2.0,pimenta preta,5.0,ABA_RECEITA
Premium350,Filé mignon suíno com molho de laranja e mel 350g,2.0,Laranja,200.0,ABA_RECEITA
Premium350,Filé mignon suíno com molho de laranja e mel 350g,2.0,MEL ABV 500g,30.0,ABA_RECEITA
Premium350,Filé mignon suíno com molho de laranja e mel 350g,2.0,MANTEIGA AVIAÇÃO 200g,15.0,ABA_RECEITA
Premium350,Filé mignon suíno com molho de laranja e mel 350g,2.0,AZEITE DE OLIVA 500ml,10.0,ABA_RECEITA
Premium350,Filé mignon suíno com molho de laranja e mel 350g,2.0,TEMPERO A GOSTO,10.0,ABA_RECEITA
Premium350,Filé mignon suíno com molho de laranja e mel 350g,2.0,CEBOLA 258g,12.5,ABA_RECEITA
Premium350,Filé mignon suíno com molho de laranja e mel 350g,2.0,ALHO 65g,7.5,ABA_RECEITA
Premium350,Pintado com farofa e Purê de Cabotiá 350g,6.0,Filé de Pintado,116.666667,ABA_RECEITA
Premium350,Pintado com farofa e Purê de Cabotiá 350g,6.0,MANTEIGA AVIAÇÃO 200g,13.333333,ABA_RECEITA
Premium350,Pintado com farofa e Purê de Cabotiá 350g,6.0,CASTANHA DO PARÁ LARGE,2.5,ABA_RECEITA
Premium350,Pintado com farofa e Purê de Cabotiá 350g,6.0,FARINHA DE MANDIOCA,34.333333,ABA_RECEITA
Premium350,Pintado com farofa e Purê de Cabotiá 350g,6.0,CREME DE LEITE 200g,20.0,ABA_RECEITA
Premium350,Pintado com farofa e Purê de Cabotiá 350g,6.0,ABÓBORA CABOTIÃ,200.0,ABA_RECEITA
Premium350,Pintado com farofa e Purê de Cabotiá 350g,6.0,CEBOLA 258g,6.666667,ABA_RECEITA
Premium350,Pintado com farofa e Purê de Cabotiá 350g,6.0,LIMÃO TAHITI 120g,25.0,ABA_RECEITA
Premium350,Pintado com farofa e Purê de Cabotiá 350g,6.0,Molho com Curry (sem glúten) 335ml,6.666667,ABA_RECEITA
Premium350,Pintado com farofa e Purê de Cabotiá 350g,6.0,SALSINHA 150G,16.666667,ABA_RECEITA
Premium350,Tilapia ao molho de requeijao Light 350g,7.0,TILAPIA,114.285714,ABA_RECEITA
Premium350,Tilapia ao molho de requeijao Light 350g,7.0,LIMÃO TAHITI 120g,35.714286,ABA_RECEITA
Premium350,Tilapia ao molho de requeijao Light 350g,7.0,sal,2.142857,ABA_RECEITA
Premium350,Tilapia ao molho de requeijao Light 350g,7.0,pimenta preta,1.428571,ABA_RECEITA
Premium350,Tilapia ao molho de requeijao Light 350g,7.0,ALHO 65g,1.428571,ABA_RECEITA
Premium350,Tilapia ao molho de requeijao Light 350g,7.0,FARINHA DE TRIGO BRANCA,29.285714,ABA_RECEITA
Premium350,Tilapia ao molho de requeijao Light 350g,7.0,OLEO de soja liza 900ml,57.142857,ABA_RECEITA
Premium350,Tilapia ao molho de requeijao Light 350g,7.0,CREME DE LEITE 200g,42.857143,ABA_RECEITA
Premium350,Tilapia ao molho de requeijao Light 350g,7.0,REQUEIJÃO LIGHT catupiry 200ml,28.571429,ABA_RECEITA
Premium350,Tilapia ao molho de requeijao Light 350g,7.0,QUEIJO MUSSARELA pedaço,32.857143,ABA_RECEITA
Premium350,Peito de frango ao molho de Cogumelos 350g,4.0,PEITO DE FRANGO SEM OSSO E SEM PELE,225.0,ABA_RECEITA
Premium350,Peito de frango ao molho de Cogumelos 350g,4.0,LIMÃO TAHITI 120g,50.0,ABA_RECEITA
Premium350,Peito de frango ao molho de Cogumelos 350g,4.0,sal,3.75,ABA_RECEITA
Premium350,Peito de frango ao molho de Cogumelos 350g,4.0,pimenta preta,2.5,ABA_RECEITA
Premium350,Peito de frango ao molho de Cogumelos 350g,4.0,CEBOLA 258g,10.0,ABA_RECEITA
Premium350,Peito de frango ao molho de Cogumelos 350g,4.0,COGUMELOS 200g,75.0,ABA_RECEITA
Premium350,Peito de frango ao molho de Cogumelos 350g,4.0,CREME DE LEITE 200g,100.0,ABA_RECEITA
Premium350,Peito de frango ao molho de Cogumelos 350g,4.0,PÁPRICA NORMAL,2.5,ABA_RECEITA
Premium350,Peito de frango ao molho de Cogumelos 350g,4.0,ESPINAFRE 350g,25.0,ABA_RECEITA
Premium350,Peito de frango ao molho de Cogumelos 350g,4.0,alecrim,2.5,ABA_RECEITA
Premium350,Penne com Ragu de maminha 350g,3.0,CEBOLA 258g,13.333333,ABA_RECEITA
Premium350,Penne com Ragu de maminha 350g,3.0,AZEITE DE OLIVA 500ml,5.0,ABA_RECEITA
Premium350,Penne com Ragu de maminha 350g,3.0,Maminha bovina,116.666667,ABA_RECEITA
Premium350,Penne com Ragu de maminha 350g,3.0,tempero a gosto,6.666667,ABA_RECEITA
Premium350,Penne com Ragu de maminha 350g,3.0,pimenta preta,3.333333,ABA_RECEITA
Premium350,Penne com Ragu de maminha 350g,3.0,MOLHO DE TOMATE fugini,66.666667,ABA_RECEITA
Premium350,Penne com Ragu de maminha 350g,3.0,MACARRÃO SEM GLUTEM 500g PARAFUSO E PENNE,116.666667,ABA_RECEITA
Premium350,Penne com Ragu de maminha 350g,3.0,AZEITONA SEM CAROÇO 160g,33.333333,ABA_RECEITA
Premium350,Penne com Ragu de maminha 350g,3.0,ALHO 65g,5.0,ABA_RECEITA
Premium350,Penne com Ragu de maminha 350g,3.0,SAL,3.333333,ABA_RECEITA
Premium350,Penne à matriciana 350g,3.0,Bacon Saudavel 1Kg,200.0,ABA_RECEITA
Premium350,Penne à matriciana 350g,3.0,AZEITE DE OLIVA 500ml,5.0,ABA_RECEITA
Premium350,Penne à matriciana 350g,3.0,CEBOLA 258g,13.333333,ABA_RECEITA
Premium350,Penne à matriciana 350g,3.0,sal,5.0,ABA_RECEITA
Premium350,Penne à matriciana 350g,3.0,PIMENTA CALABREZA,3.333333,ABA_RECEITA
Premium350,Penne à matriciana 350g,3.0,TOMATE CARMEM 330g,100.0,ABA_RECEITA
Premium350,Penne à matriciana 350g,3.0,"PASTA DE TOMATE CONCENTRADA 2,005kg",100.0,ABA_RECEITA
Premium350,Penne à matriciana 350g,3.0,MACARRÃO SEM GLUTEM 500g PARAFUSO E PENNE,166.666667,ABA_RECEITA
Premium350,Penne à matriciana 350g,3.0,pimenta preta,3.333333,ABA_RECEITA
Premium350,Penne à matriciana 350g,3.0,QUEIJO PARMESÃO,33.333333,ABA_RECEITA
Premium350,Nasi Goreng 350g,2.0,CENOURA 200g,150.0,ABA_RECEITA
Premium350,Nasi Goreng 350g,2.0,MANTEIGA AVIAÇÃO 200g,20.0,ABA_RECEITA
Premium350,Nasi Goreng 350g,2.0,PEITO DE FRANGO SEM OSSO E SEM PELE,150.0,ABA_RECEITA
Premium350,Nasi Goreng 350g,2.0,AZEITE DE OLIVA 500ml,5.0,ABA_RECEITA
Premium350,Nasi Goreng 350g,2.0,sal,7.5,ABA_RECEITA
Premium350,Nasi Goreng 350g,2.0,ARROZ BRANCO,100.0,ABA_RECEITA
Premium350,Nasi Goreng 350g,2.0,CANELA EM PÓ (SEM MISTURA),2.5,ABA_RECEITA
Premium350,Nasi Goreng 350g,2.0,páprica doce,1.5,ABA_RECEITA
Premium350,Nasi Goreng 350g,2.0,salsinha 150g,15.0,ABA_RECEITA
Premium350,Nasi Goreng 350g,2.0,ALHO 65g,7.5,ABA_RECEITA
Premium350,Mjadra Simples 350g,6.0,ARROZ INTEGRAL,200.0,ABA_RECEITA
Premium350,Mjadra Simples 350g,6.0,LENTLHA (CANADENSE),200.0,ABA_RECEITA
Premium350,Mjadra Simples 350g,6.0,AGUA FILTRADA 20l,166.666667,ABA_RECEITA
Premium350,Mjadra Simples 350g,6.0,SALSINHA 150g,16.666667,ABA_RECEITA
Premium350,Mjadra Simples 350g,6.0,CEBOLA 258g,200.0,ABA_RECEITA
Premium350,Mjadra Simples 350g,6.0,AÇAFRÃO DA TERRA (SEM MISTURA)=CURCUMA,1.666667,ABA_RECEITA
Premium350,Mjadra Simples 350g,6.0,pimenta calabreza,1.666667,ABA_RECEITA
Premium350,Mjadra Simples 350g,6.0,sal,2.5,ABA_RECEITA
Premium350,Mjadra Simples 350g,6.0,AZEITE DE OLIVA 500ml,3.333333,ABA_RECEITA
Premium350,Risoto de Brie com abóbora Cabotiá e cebola caramelizada no mel 350g,10.0,ABÓBORA CABOTIÃ,400.0,ABA_RECEITA
Premium350,Risoto de Brie com abóbora Cabotiá e cebola caramelizada no mel 350g,10.0,AZEITE DE OLIVA 500ml,3.0,ABA_RECEITA
Premium350,Risoto de Brie com abóbora Cabotiá e cebola caramelizada no mel 350g,10.0,CALDO DE LEGUMES NATURAL,100.0,ABA_RECEITA
Premium350,Risoto de Brie com abóbora Cabotiá e cebola caramelizada no mel 350g,10.0,PÁPRICA PICANTE,1.5,ABA_RECEITA
Premium350,Risoto de Brie com abóbora Cabotiá e cebola caramelizada no mel 350g,10.0,SAL,1.5,ABA_RECEITA
Premium350,Risoto de Brie com abóbora Cabotiá e cebola caramelizada no mel 350g,10.0,ALHO EM PÓ,1.5,ABA_RECEITA
Premium350,Risoto de Brie com abóbora Cabotiá e cebola caramelizada no mel 350g,10.0,ARROZ ARBÓREO,200.0,ABA_RECEITA
Premium350,Risoto de Brie com abóbora Cabotiá e cebola caramelizada no mel 350g,10.0,CEBOLA 258g,100.0,ABA_RECEITA
Premium350,Risoto de Brie com abóbora Cabotiá e cebola caramelizada no mel 350g,10.0,AGUA FILTRADA 20l,100.0,ABA_RECEITA
Premium350,Risoto de Brie com abóbora Cabotiá e cebola caramelizada no mel 350g,10.0,MANTEIGA AVIAÇÃO 200g,12.0,ABA_RECEITA
Premium350,Galinhada com Arroz Basmati 350g,8.0,SOBRE COXA,112.5,ABA_RECEITA
Premium350,Galinhada com Arroz Basmati 350g,8.0,SAL,1.875,ABA_RECEITA
Premium350,Galinhada com Arroz Basmati 350g,8.0,PIMENTA PRETA,1.25,ABA_RECEITA
Premium350,Galinhada com Arroz Basmati 350g,8.0,PÁPRICA PICANTE,1.25,ABA_RECEITA
Premium350,Galinhada com Arroz Basmati 350g,8.0,TOMILHO,1.25,ABA_RECEITA
Premium350,Galinhada com Arroz Basmati 350g,8.0,LIMÃO TAHITI 120g,25.0,ABA_RECEITA
Premium350,Galinhada com Arroz Basmati 350g,8.0,ARROZ BASMATI INDIANO,75.0,ABA_RECEITA
Premium350,Galinhada com Arroz Basmati 350g,8.0,CENOURA 200g,12.5,ABA_RECEITA
Premium350,Galinhada com Arroz Basmati 350g,8.0,ALHO 65g,1.25,ABA_RECEITA
Premium350,Galinhada com Arroz Basmati 350g,8.0,SALSINHA 150G,12.5,ABA_RECEITA
Premium350,Boeuf Bourgugnon Vegano 350g,6.0,SOJA (PROTEINA DE SOJA),83.333333,ABA_RECEITA
Premium350,Boeuf Bourgugnon Vegano 350g,6.0,AGUA FILTRADA 20l,83.333333,ABA_RECEITA
Premium350,Boeuf Bourgugnon Vegano 350g,6.0,ALHO EM PÓ,2.5,ABA_RECEITA
Premium350,Boeuf Bourgugnon Vegano 350g,6.0,PÁPRICA DEFUMADA,2.5,ABA_RECEITA
Premium350,Boeuf Bourgugnon Vegano 350g,6.0,OREGANO EGÍPICIO,1.666667,ABA_RECEITA
Premium350,Boeuf Bourgugnon Vegano 350g,6.0,MOLHO SHOYU DE CÔCO,2.5,ABA_RECEITA
Premium350,Boeuf Bourgugnon Vegano 350g,6.0,MANTEIGA DE CÔCO COPRA 200ML,2.5,ABA_RECEITA
Premium350,Boeuf Bourgugnon Vegano 350g,6.0,AZEITE DE OLIVA 500ml,2.5,ABA_RECEITA
Premium350,Boeuf Bourgugnon Vegano 350g,6.0,CEBOLA 258g,66.666667,ABA_RECEITA
Premium350,Boeuf Bourgugnon Vegano 350g,6.0,CENOURA 200g,41.666667,ABA_RECEITA
Saladas,Salada Agridoce 250g,1.0,Molho de Atum (sem glútem)566g,60.0,ABA_RECEITA
Saladas,Salada Agridoce 250g,1.0,TOMATE CEREJA 280g,80.0,ABA_RECEITA
Saladas,Salada Agridoce 250g,1.0,MACARRÃO INTEGRAL 500g GALO PARAFUSO E ESPAGUETE Nº8,30.0,ABA_RECEITA
Saladas,Salada Agridoce 250g,1.0,CENOURA 200g,25.0,ABA_RECEITA
Saladas,Salada Agridoce 250g,1.0,"MILHO quero 1,700kg",35.0,ABA_RECEITA
Saladas,Salada Agridoce 250g,1.0,RUCULA ORGANICA 200g,20.0,ABA_RECEITA
Saladas,Salada Brasileirinha 250g,1.0,"Molho Ceaser Vegano ( sem glútem, sem leite , sem lactose e Vegano)659ml",50.0,ABA_RECEITA
Saladas,Salada Brasileirinha 250g,1.0,PEPINO COMUM 402g,40.0,ABA_RECEITA
Saladas,Salada Brasileirinha 250g,1.0,MANGA TOMY 567g,50.0,ABA_RECEITA
Saladas,Salada Brasileirinha 250g,1.0,ALFACE CRESPA,20.0,ABA_RECEITA
Saladas,Salada Brasileirinha 250g,1.0,ALFACE ROMANA,20.0,ABA_RECEITA
Saladas,Salada Brasileirinha 250g,1.0,"MILHO quero 1,700kg",50.0,ABA_RECEITA
Saladas,Salada Brasileirinha 250g,1.0,SEMENTE DE GIRASSOL,20.0,ABA_RECEITA
Saladas,Salada Nordestina 250g,1.0,FEIJAO fradinho,50.0,ABA_RECEITA
Saladas,Salada Nordestina 250g,1.0,"Carne seca Caseira 1,200Kg",30.0,ABA_RECEITA
Saladas,Salada Nordestina 250g,1.0,TOMATE CEREJA 280g,40.0,ABA_RECEITA
Saladas,Salada Nordestina 250g,1.0,PIMENTÃO AMARELO 288G,8.0,ABA_RECEITA
Saladas,Salada Nordestina 250g,1.0,PIMENTÃO VERMELHO 464g,8.0,ABA_RECEITA
Saladas,Salada Nordestina 250g,1.0,QUEIJO COALHO,50.0,ABA_RECEITA
Saladas,Salada Nordestina 250g,1.0,LIMÃO TAHITI 120g,60.0,ABA_RECEITA
Saladas,Salada Nordestina 250g,1.0,AZEITE DE OLIVA 500ml,8.0,ABA_RECEITA
Saladas,Salada Nordestina 250g,1.0,coentro 30g,10.0,ABA_RECEITA
Saladas,Saladona 250g,1.0,TOMATE CEREJA 280g,25.0,ABA_RECEITA
Saladas,Saladona 250g,1.0,CENOURA 200g,30.0,ABA_RECEITA
Saladas,Saladona 250g,1.0,ERVILHA QUERO 170g,30.0,ABA_RECEITA
Saladas,Saladona 250g,1.0,"MILHO quero 1,700kg",30.0,ABA_RECEITA
Saladas,Saladona 250g,1.0,PALMITO PUPUNHA RODELA 300g,20.0,ABA_RECEITA
Saladas,Saladona 250g,1.0,AZEITONA SEM CAROÇO,30.0,ABA_RECEITA
Saladas,Saladona 250g,1.0,ALFACE CRESPA,30.0,ABA_RECEITA
Saladas,Saladona 250g,1.0,AGRIÃO 150g,30.0,ABA_RECEITA
Saladas,Saladona 250g,1.0,RUCULA ORGANICA 200g,20.0,ABA_RECEITA
Saladas,Salada gaucha 250g,1.0,"Molho com Orégano(sem glúten, sem leite, sem lactose e Vegano) 115ml",30.0,ABA_RECEITA
Saladas,Salada gaucha 250g,1.0,TOMATE CEREJA 280g,60.0,ABA_RECEITA
Saladas,Salada gaucha 250g,1.0,QUEIJO MUSSARELA pedaço,75.0,ABA_RECEITA
Saladas,Salada gaucha 250g,1.0,CEBOLA ROXA 288g,25.0,ABA_RECEITA
Saladas,Salada gaucha 250g,1.0,ALFACE CRESPA,40.0,ABA_RECEITA
Saladas,Salada gaucha 250g,1.0,Bacon Saudavel 1Kg,20.0,ABA_RECEITA
Saladas,Salada Havaiana 250g,1.0,"Molho de Mostarda (sem glúten, sem leite, sem lactose e Vegano) 70ml",60.0,ABA_RECEITA
Saladas,Salada Havaiana 250g,1.0,TOMATE CEREJA 280g,50.0,ABA_RECEITA
Saladas,Salada Havaiana 250g,1.0,QUINOA EM GRÃO,55.0,ABA_RECEITA
Saladas,Salada Havaiana 250g,1.0,"REPOLHO ROXO 1,236kg",25.0,ABA_RECEITA
Saladas,Salada Havaiana 250g,1.0,ABOBRINHA ITALIANA,35.0,ABA_RECEITA
Saladas,Salada Havaiana 250g,1.0,AGRIÃO 150g,25.0,ABA_RECEITA
Saladas,Salada Camponesa 250g,1.0,"Molho Presto (sem glúten, sem leite, sem lactose e Vegano) 135ml",60.0,ABA_RECEITA
Saladas,Salada Camponesa 250g,1.0,GRÃO DE BICO (8mm),80.0,ABA_RECEITA
Saladas,Salada Camponesa 250g,1.0,TOMATE CARMEM 330g,30.0,ABA_RECEITA
Saladas,Salada Camponesa 250g,1.0,COUVE  FLOR 250g,25.0,ABA_RECEITA
Saladas,Salada Camponesa 250g,1.0,ALFACE ROXA,35.0,ABA_RECEITA
Saladas,Salada Camponesa 250g,1.0,Castanha de cajú w3,20.0,ABA_RECEITA
Saladas,Salada Vintage  250g,1.0,"Molho com Orégano(sem glúten, sem leite, sem lactose e Vegano) 115ml",60.0,ABA_RECEITA
Saladas,Salada Vintage  250g,1.0,BRÓCOLIS 250g,60.0,ABA_RECEITA
Saladas,Salada Vintage  250g,1.0,FEIJAO BRANCO,40.0,ABA_RECEITA
Saladas,Salada Vintage  250g,1.0,CENOURA 200g,35.0,ABA_RECEITA
Saladas,Salada Vintage  250g,1.0,BETERRABA 355g,35.0,ABA_RECEITA
Saladas,Salada Vintage  250g,1.0,ALFACE AMERICANA,20.0,ABA_RECEITA
Saladas,Salada dos Chefs 250g,1.0,"Molho Presto (sem glúten, sem leite, sem lactose e Vegano) 135ml",60.0,ABA_RECEITA
Saladas,Salada dos Chefs 250g,1.0,GRÃO DE BICO (8mm),60.0,ABA_RECEITA
Saladas,Salada dos Chefs 250g,1.0,TOMATE CARMEM 330g,60.0,ABA_RECEITA
Saladas,Salada dos Chefs 250g,1.0,COUVE  FLOR 250g,30.0,ABA_RECEITA
Saladas,Salada dos Chefs 250g,1.0,ALFACE ROXA,25.0,ABA_RECEITA
Saladas,Salada dos Chefs 250g,1.0,Castanha de cajú w3,15.0,ABA_RECEITA
Saladas,Salada a moda da casa 250g,1.0,Molho Caesar (sem glúten) 164ml,60.0,ABA_RECEITA
Saladas,Salada a moda da casa 250g,1.0,PEPINO COMUM 402g,50.0,ABA_RECEITA
Saladas,Salada a moda da casa 250g,1.0,MANGA TOMY 567g,60.0,ABA_RECEITA
Saladas,Salada a moda da casa 250g,1.0,ALFACE AMERICANA,25.0,ABA_RECEITA
Saladas,Salada a moda da casa 250g,1.0,RUCULA ORGANICA 200g,35.0,ABA_RECEITA
Saladas,Salada a moda da casa 250g,1.0,GERGELIM (COM CASCA),20.0,ABA_RECEITA
Saladas,Salada integral king 250g,1.0,Molho de Atum (sem glútem)566g,60.0,ABA_RECEITA
Saladas,Salada integral king 250g,1.0,MACARRÃO INTEGRAL 500g GALO PARAFUSO E ESPAGUETE Nº8,80.0,ABA_RECEITA
Saladas,Salada integral king 250g,1.0,TOMATE CEREJA 280g,40.0,ABA_RECEITA
Saladas,Salada integral king 250g,1.0,CENOURA 200g,35.0,ABA_RECEITA
Saladas,Salada integral king 250g,1.0,RUCULA ORGANICA 200g,35.0,ABA_RECEITA
Saladas,Salada Potenza 250g,1.0,Molho de Iogurte e Hortelã (sem glúten) 300ml,50.0,ABA_RECEITA
Saladas,Salada Potenza 250g,1.0,PEPINO COMUM 402g,50.0,ABA_RECEITA
Saladas,Salada Potenza 250g,1.0,PEITO DE FRANGO SEM OSSO E SEM PELE,40.0,ABA_RECEITA
Saladas,Salada Potenza 250g,1.0,PALMITO PUPUNHA RODELA 300g,45.0,ABA_RECEITA
Saladas,Salada Potenza 250g,1.0,"MILHO quero 1,700kg",35.0,ABA_RECEITA
Saladas,Salada Potenza 250g,1.0,RUCULA ORGANICA 200g,15.0,ABA_RECEITA
Saladas,Salada Potenza 250g,1.0,SEMENTE DE ABÓBORA TORRADA,15.0,ABA_RECEITA
Saladas,Salada Sweet 250g,1.0,Molho de Iogurte e Hortelã (sem glúten) 300ml,60.0,ABA_RECEITA
Saladas,Salada Sweet 250g,1.0,PEPINO COMUM 402g,50.0,ABA_RECEITA
Saladas,Salada Sweet 250g,1.0,PEITO DE FRANGO SEM OSSO E SEM PELE,45.0,ABA_RECEITA
Saladas,Salada Sweet 250g,1.0,"MILHO quero 1,700kg",40.0,ABA_RECEITA
Saladas,Salada Sweet 250g,1.0,ALFACE CRESPA,20.0,ABA_RECEITA
Saladas,Salada Sweet 250g,1.0,RUCULA ORGANICA 200g,20.0,ABA_RECEITA
Saladas,Salada Sweet 250g,1.0,CHIA (EXTRA BLACK),15.0,ABA_RECEITA
Saladas,Salada verão 250g,1.0,"Molho com Orégano(sem glúten, sem leite, sem lactose e Vegano) 115ml",40.0,ABA_RECEITA
Saladas,Salada verão 250g,1.0,BRÓCOLIS 250g,45.0,ABA_RECEITA
Saladas,Salada verão 250g,1.0,PEITO DE FRANGO SEM OSSO E SEM PELE,50.0,ABA_RECEITA
Saladas,Salada verão 250g,1.0,CENOURA 200g,60.0,ABA_RECEITA
Saladas,Salada verão 250g,1.0,BETERRABA 355g,30.0,ABA_RECEITA
Saladas,Salada verão 250g,1.0,ALFACE CRESPA,20.0,ABA_RECEITA
Saladas,Salada verão 250g,1.0,GERGELIM (COM CASCA),15.0,ABA_RECEITA
Detox300,Suco anti-envelhecimento 300ml,3.0,LIMÃO TAHITI 120g,66.666667,ABA_RECEITA
Detox300,Suco anti-envelhecimento 300ml,3.0,MAÇÃ VERMELHA FUJI 230g,43.333333,ABA_RECEITA
Detox300,Suco anti-envelhecimento 300ml,3.0,MANGA TOMY 567g,50.0,ABA_RECEITA
Detox300,Suco anti-envelhecimento 300ml,3.0,HORTELÃ  maço 50g,6.666667,ABA_RECEITA
Detox300,Suco anti-envelhecimento 300ml,3.0,CÕCO VERDE  500ML SÓ DE AGUA,133.333333,ABA_RECEITA
Detox300,Suco Anti-inchaço 300ml,3.0,ABACAXI,66.666667,ABA_RECEITA
Detox300,Suco Anti-inchaço 300ml,3.0,CÕCO VERDE  500ML SÓ DE AGUA,116.666667,ABA_RECEITA
Detox300,Suco Anti-inchaço 300ml,3.0,HORTELÃ  maço 50g,6.666667,ABA_RECEITA
Detox300,Suco Anti-inchaço 300ml,3.0,PEPINO COMUM 402g,16.666667,ABA_RECEITA
Detox300,Suco Antioxidante Laranja 300ml,1.0,Laranja,300.0,ABA_RECEITA
Detox300,Suco Antioxidante Laranja 300ml,1.0,CENOURA 200g,100.0,ABA_RECEITA
Detox300,Suco Antioxidante Laranja 300ml,1.0,AÇAFRÃO DA TERRA (SEM MISTURA)=CURCUMA,10.0,ABA_RECEITA
Detox300,Suco Antioxidante Laranja 300ml,1.0,pimenta preta,10.0,ABA_RECEITA
Detox300,Suco suchá 300ml,2.0,MELÃO 1250kg,75.0,ABA_RECEITA
Detox300,Suco suchá 300ml,2.0,ALFACE CRESPA,10.0,ABA_RECEITA
Detox300,Suco suchá 300ml,2.0,MAÇÃ VERMELHA FUJI 230g,65.0,ABA_RECEITA
Detox300,Suco suchá 300ml,2.0,salsinha 150g,5.0,ABA_RECEITA
Detox300,Suco suchá 300ml,2.0,CÕCO VERDE  500ML SÓ DE AGUA,125.0,ABA_RECEITA
Detox300,Suco suchá 300ml,2.0,CHÁ DE CAPIM CIDREIRA CX COM 10 SACHES 10g = 200ml de agua cada sache,75.0,ABA_RECEITA
Detox300,Suco Desinchá 300ml,3.0,BETERRABA 355g,10.0,ABA_RECEITA
Detox300,Suco Desinchá 300ml,3.0,MORANGO 250g,76.666667,ABA_RECEITA
Detox300,Suco Desinchá 300ml,3.0,Laranja,50.0,ABA_RECEITA
Detox300,Suco Desinchá 300ml,3.0,agua filtrada 20l,166.666667,ABA_RECEITA
Detox300,Suco Imunidade 300ml,3.0,COUVE 250g,6.666667,ABA_RECEITA
Detox300,Suco Imunidade 300ml,3.0,ABACAXI,66.666667,ABA_RECEITA
Detox300,Suco Imunidade 300ml,3.0,Biomassa de Banana Verde 1Kg,10.0,ABA_RECEITA
Detox300,Suco Imunidade 300ml,3.0,GENGIBRE 185g,1.666667,ABA_RECEITA
Detox300,Suco Imunidade 300ml,3.0,HORTELÃ  maço 50g,6.666667,ABA_RECEITA
Detox300,Suco Imunidade 300ml,3.0,CÕCO VERDE  500ML SÓ DE AGUA,133.333333,ABA_RECEITA
Detox300,Suco Imunidade 300ml,3.0,agua filtrada 20l,83.333333,ABA_RECEITA
Detox300,Suco Refrescante 300ml,3.0,MAÇÃ VERMELHA FUJI 230g,44.666667,ABA_RECEITA
Detox300,Suco Refrescante 300ml,3.0,COUVE 250g,10.0,ABA_RECEITA
Detox300,Suco Refrescante 300ml,3.0,LIMÃO TAHITI 120g,66.666667,ABA_RECEITA
Detox300,Suco Refrescante 300ml,3.0,HORTELÃ  maço 50g,10.0,ABA_RECEITA
Detox300,Suco Refrescante 300ml,3.0,GENGIBRE 185g,2.0,ABA_RECEITA
Detox300,Suco Refrescante 300ml,3.0,agua filtrada 20l,166.666667,ABA_RECEITA
Detox300,Suco Revitalizante 300ml,3.0,CENOURA 200g,43.333333,ABA_RECEITA
Detox300,Suco Revitalizante 300ml,3.0,MARACUJÁ azedo 433g,56.666667,ABA_RECEITA
Detox300,Suco Revitalizante 300ml,3.0,AÇUCAR DEMERARA,10.0,ABA_RECEITA
Detox300,Suco Revitalizante 300ml,3.0,COUVE 250g,6.666667,ABA_RECEITA
Detox300,Suco Revitalizante 300ml,3.0,agua filtrada 20l,183.333333,ABA_RECEITA
Detox300,Suco Roxo ativo 300ml,3.0,"REPOLHO ROXO 1,236kg",23.333333,ABA_RECEITA
Detox300,Suco Roxo ativo 300ml,3.0,BETERRABA 355g,23.333333,ABA_RECEITA
Detox300,Suco Roxo ativo 300ml,3.0,AMORA,30.0,ABA_RECEITA
Detox300,Suco Roxo ativo 300ml,3.0,LINHAÇA DOURADA,3.333333,ABA_RECEITA
Detox300,Suco Roxo ativo 300ml,3.0,MAÇÃ VERMELHA FUJI 230g,43.333333,ABA_RECEITA
Detox300,Suco Roxo ativo 300ml,3.0,CÕCO VERDE  500ML SÓ DE AGUA,173.333333,ABA_RECEITA
Detox300,Suco Roxo ativo 300ml,3.0,HORTELÃ  maço 50g,3.333333,ABA_RECEITA
Detox300,Suco de Fibras 300ml,3.0,MAÇA VERDE GRANSMITH 391g,66.666667,ABA_RECEITA
Detox300,Suco de Fibras 300ml,3.0,Biomassa de Banana Verde 1Kg,10.0,ABA_RECEITA
Detox300,Suco de Fibras 300ml,3.0,LIMÃO TAHITI 120g,38.333333,ABA_RECEITA
Detox300,Suco de Fibras 300ml,3.0,CHIA (EXTRA BLACK),5.0,ABA_RECEITA
Detox300,Suco de Fibras 300ml,3.0,HORTELÃ  maço 50g,6.666667,ABA_RECEITA
Detox300,Suco de Fibras 300ml,3.0,AGUA FILTRADA 20l,166.666667,ABA_RECEITA
Detox300,Suco de Fibras 300ml,3.0,COUVE 250g,6.666667,ABA_RECEITA
Detox300,Suco Vermelho 300ml,3.0,"MELANCIA 1,130kg",333.333333,ABA_RECEITA
Detox300,Suco Vermelho 300ml,3.0,GENGIBRE 185g,1.666667,ABA_RECEITA
Detox300,Suco Vermelho 300ml,3.0,CANELA EM PÓ (SEM MISTURA),1.666667,ABA_RECEITA
Detox300,Vitamina Antioxidante 300ml,2.0,ABACATE,65.0,ABA_RECEITA
Detox300,Vitamina Antioxidante 300ml,2.0,LIMÃO TAHITI 120g,77.5,ABA_RECEITA
Detox300,Vitamina Antioxidante 300ml,2.0,MEL ABV 500g,7.5,ABA_RECEITA
Detox300,Vitamina Antioxidante 300ml,2.0,CÕCO VERDE  500ML SÓ DE AGUA,150.0,ABA_RECEITA
Detox300,Suco Saudável de Caju com Laranja 300ml,4.0,Cajú,150.0,ABA_RECEITA
Detox300,Suco Saudável de Caju com Laranja 300ml,4.0,Laranja,125.0,ABA_RECEITA
Detox300,Suco Saudável de Caju com Laranja 300ml,4.0,AÇUCAR DEMERARA,12.5,ABA_RECEITA
Detox300,Suco Diurético 300ml,5.0,PEPINO COMUM 402g,80.0,ABA_RECEITA
Detox300,Suco Diurético 300ml,5.0,LIMÃO TAHITI 120g,80.0,ABA_RECEITA
Detox300,Suco Diurético 300ml,5.0,GENGIBRE 185g,10.0,ABA_RECEITA
Detox300,Suco Diurético 300ml,5.0,AGUA FILTRADA 20l,300.0,ABA_RECEITA
Detox300,Suco Diurético 300ml,5.0,HORTELÃ  maço 50g,10.0,ABA_RECEITA
Detox1000,Suco anti-envelhecimento 1000ml,3.0,LIMÃO TAHITI 120g,222.0,ABA_RECEITA
Detox1000,Suco anti-envelhecimento 1000ml,3.0,MAÇÃ VERMELHA FUJI 230g,144.333333,ABA_RECEITA
Detox1000,Suco anti-envelhecimento 1000ml,3.0,MANGA TOMY 567g,166.666667,ABA_RECEITA
Detox1000,Suco anti-envelhecimento 1000ml,3.0,HORTELÃ  maço 50g,22.333333,ABA_RECEITA
Detox1000,Suco anti-envelhecimento 1000ml,3.0,CÕCO VERDE  500ML SÓ DE AGUA,444.0,ABA_RECEITA
Detox1000,Suco Anti-inchaço 1000ml,3.0,ABACAXI,222.0,ABA_RECEITA
Detox1000,Suco Anti-inchaço 1000ml,3.0,CÕCO VERDE  500ML SÓ DE AGUA,388.666667,ABA_RECEITA
Detox1000,Suco Anti-inchaço 1000ml,3.0,HORTELÃ  maço 50g,22.333333,ABA_RECEITA
Detox1000,Suco Anti-inchaço 1000ml,3.0,PEPINO COMUM 402g,55.666667,ABA_RECEITA
Detox1000,Suco Antioxidante Laranja 1000ml,1.0,Laranja,999.0,ABA_RECEITA
Detox1000,Suco Antioxidante Laranja 1000ml,1.0,CENOURA 200g,333.0,ABA_RECEITA
Detox1000,Suco Antioxidante Laranja 1000ml,1.0,AÇAFRÃO DA TERRA (SEM MISTURA)=CURCUMA,33.0,ABA_RECEITA
Detox1000,Suco Antioxidante Laranja 1000ml,1.0,pimenta preta,33.0,ABA_RECEITA
Detox1000,Suco suchá 1000ml,2.0,MELÃO 1250kg,250.0,ABA_RECEITA
Detox1000,Suco suchá 1000ml,2.0,ALFACE CRESPA,33.5,ABA_RECEITA
Detox1000,Suco suchá 1000ml,2.0,MAÇÃ VERMELHA FUJI 230g,216.5,ABA_RECEITA
Detox1000,Suco suchá 1000ml,2.0,salsinha 150g,16.5,ABA_RECEITA
Detox1000,Suco suchá 1000ml,2.0,CÕCO VERDE  500ML SÓ DE AGUA,416.5,ABA_RECEITA
Detox1000,Suco suchá 1000ml,2.0,CHÁ DE CAPIM CIDREIRA CX COM 10 SACHES 10g = 200ml de agua cada sache,250.0,ABA_RECEITA
Detox1000,Suco Desinchá 1000ml,3.0,BETERRABA 355g,33.333333,ABA_RECEITA
Detox1000,Suco Desinchá 1000ml,3.0,MORANGO 250g,255.333333,ABA_RECEITA
Detox1000,Suco Desinchá 1000ml,3.0,Laranja,166.666667,ABA_RECEITA
Detox1000,Suco Desinchá 1000ml,3.0,agua filtrada 20l,555.0,ABA_RECEITA
Detox1000,Suco Imunidade 1000ml,3.0,COUVE 250g,22.333333,ABA_RECEITA
Detox1000,Suco Imunidade 1000ml,3.0,ABACAXI,222.0,ABA_RECEITA
Detox1000,Suco Imunidade 1000ml,3.0,Biomassa de Banana Verde 1Kg,33.333333,ABA_RECEITA
Detox1000,Suco Imunidade 1000ml,3.0,GENGIBRE 185g,5.666667,ABA_RECEITA
Detox1000,Suco Imunidade 1000ml,3.0,HORTELÃ  maço 50g,22.333333,ABA_RECEITA
Detox1000,Suco Imunidade 1000ml,3.0,CÕCO VERDE  500ML SÓ DE AGUA,444.0,ABA_RECEITA
Detox1000,Suco Imunidade 1000ml,3.0,agua filtrada 20l,277.666667,ABA_RECEITA
Detox1000,Suco Refrescante 1000ml,3.0,MAÇÃ VERMELHA FUJI 230g,148.666667,ABA_RECEITA
Detox1000,Suco Refrescante 1000ml,3.0,COUVE 250g,33.333333,ABA_RECEITA
Detox1000,Suco Refrescante 1000ml,3.0,LIMÃO TAHITI 120g,222.0,ABA_RECEITA
Detox1000,Suco Refrescante 1000ml,3.0,HORTELÃ  maço 50g,33.333333,ABA_RECEITA
Detox1000,Suco Refrescante 1000ml,3.0,GENGIBRE 185g,6.666667,ABA_RECEITA
Detox1000,Suco Refrescante 1000ml,3.0,agua filtrada 20l,555.0,ABA_RECEITA
Detox1000,Suco Revitalizante 1000ml,3.0,CENOURA 200g,144.333333,ABA_RECEITA
Detox1000,Suco Revitalizante 1000ml,3.0,MARACUJÁ azedo 433g,188.666667,ABA_RECEITA
Detox1000,Suco Revitalizante 1000ml,3.0,AÇUCAR DEMERARA,33.333333,ABA_RECEITA
Detox1000,Suco Revitalizante 1000ml,3.0,COUVE 250g,22.333333,ABA_RECEITA
Detox1000,Suco Revitalizante 1000ml,3.0,agua filtrada 20l,610.666667,ABA_RECEITA
Detox1000,Suco Roxo Ativo 1000ml,3.0,"REPOLHO ROXO 1,236kg",77.666667,ABA_RECEITA
Detox1000,Suco Roxo Ativo 1000ml,3.0,BETERRABA 355g,77.666667,ABA_RECEITA
Detox1000,Suco Roxo Ativo 1000ml,3.0,AMORA,100.0,ABA_RECEITA
Detox1000,Suco Roxo Ativo 1000ml,3.0,LINHAÇA DOURADA,11.0,ABA_RECEITA
Detox1000,Suco Roxo Ativo 1000ml,3.0,MAÇÃ VERMELHA FUJI 230g,144.333333,ABA_RECEITA
Detox1000,Suco Roxo Ativo 1000ml,3.0,CÕCO VERDE  500ML SÓ DE AGUA,577.333333,ABA_RECEITA
Detox1000,Suco Roxo Ativo 1000ml,3.0,HORTELÃ  maço 50g,11.0,ABA_RECEITA
Detox1000,Suco de Fibras 1000ml,3.0,MAÇA VERDE GRANSMITH 391g,222.0,ABA_RECEITA
Detox1000,Suco de Fibras 1000ml,3.0,Biomassa de Banana Verde 1Kg,33.333333,ABA_RECEITA
Detox1000,Suco de Fibras 1000ml,3.0,LIMÃO TAHITI 120g,127.666667,ABA_RECEITA
Detox1000,Suco de Fibras 1000ml,3.0,CHIA (EXTRA BLACK),16.666667,ABA_RECEITA
Detox1000,Suco de Fibras 1000ml,3.0,HORTELÃ  maço 50g,22.333333,ABA_RECEITA
Detox1000,Suco de Fibras 1000ml,3.0,AGUA FILTRADA 20l,555.0,ABA_RECEITA
Detox1000,Suco de Fibras 1000ml,3.0,COUVE 250g,22.333333,ABA_RECEITA
Detox1000,Suco Vermelho 1000ml,3.0,"MELANCIA 1,130kg",1110.0,ABA_RECEITA
Detox1000,Suco Vermelho 1000ml,3.0,GENGIBRE 185g,5.666667,ABA_RECEITA
Detox1000,Suco Vermelho 1000ml,3.0,CANELA EM PÓ (SEM MISTURA),5.666667,ABA_RECEITA
Detox1000,Vitamina Antioxidante1000ml,2.0,ABACATE,216.5,ABA_RECEITA
Detox1000,Vitamina Antioxidante1000ml,2.0,LIMÃO TAHITI 120g,258.0,ABA_RECEITA
Detox1000,Vitamina Antioxidante1000ml,2.0,MEL ABV 500g,25.0,ABA_RECEITA
Detox1000,Vitamina Antioxidante1000ml,2.0,CÕCO VERDE  500ML SÓ DE AGUA,499.5,ABA_RECEITA
Detox1000,Suco Saudável de Caju com Laranja 1000ml,4.0,Cajú,499.5,ABA_RECEITA
Detox1000,Suco Saudável de Caju com Laranja 1000ml,4.0,Laranja,416.25,ABA_RECEITA
Detox1000,Suco Saudável de Caju com Laranja 1000ml,4.0,AÇUCAR DEMERARA,41.75,ABA_RECEITA
Detox1000,Suco Diurético 1000ml,5.0,PEPINO COMUM 402g,133.8,ABA_RECEITA
Detox1000,Suco Diurético 1000ml,5.0,LIMÃO TAHITI 120g,80.0,ABA_RECEITA
Detox1000,Suco Diurético 1000ml,5.0,GENGIBRE 185g,7.4,ABA_RECEITA
Detox1000,Suco Diurético 1000ml,5.0,AGUA FILTRADA 20l,999.0,ABA_RECEITA
Detox1000,Suco Diurético 1000ml,5.0,HORTELÃ  maço 50g,6.6,ABA_RECEITA
ccs,Caldo de abobora cabotiá com carne seca 400g,7.0,ABÓBORA CABOTIÃ,285.714286,ABA_RECEITA
ccs,Caldo de abobora cabotiá com carne seca 400g,7.0,"Carne seca Caseira 1,200Kg",42.857143,ABA_RECEITA
ccs,Caldo de abobora cabotiá com carne seca 400g,7.0,CEBOLA 258g,71.428571,ABA_RECEITA
ccs,Caldo de abobora cabotiá com carne seca 400g,7.0,ALHO 65g,2.857143,ABA_RECEITA
ccs,Caldo de abobora cabotiá com carne seca 400g,7.0,AGUA FILTRADA 20l,142.857143,ABA_RECEITA
ccs,Caldo de abobora cabotiá com carne seca 400g,7.0,cebolinha 150g,14.285714,ABA_RECEITA
ccs,Caldo de abobora cabotiá com carne seca 400g,7.0,tomilho,2.857143,ABA_RECEITA
ccs,Caldo de abobora cabotiá com carne seca 400g,7.0,sal,2.142857,ABA_RECEITA
ccs,Caldo de abobora cabotiá com carne seca 400g,7.0,pimenta preta,1.428571,ABA_RECEITA
ccs,Caldo de abobora cabotiá com carne seca 400g,7.0,azeite de oliva 500ml,5.714286,ABA_RECEITA
ccs,Caldo de Abóbora com Carne moída 400g,9.0,ABÓBORA CABOTIÃ,222.222222,ABA_RECEITA
ccs,Caldo de Abóbora com Carne moída 400g,9.0,"Carne Moída Coringa 2,700Kg",133.333333,ABA_RECEITA
ccs,Caldo de Abóbora com Carne moída 400g,9.0,azeite de oliva 500ml,2.222222,ABA_RECEITA
ccs,Caldo de Abóbora com Carne moída 400g,9.0,CEBOLA 258g,27.777778,ABA_RECEITA
ccs,Caldo de Abóbora com Carne moída 400g,9.0,ALHO 65g,2.777778,ABA_RECEITA
ccs,Caldo de Abóbora com Carne moída 400g,9.0,tempero a gosto,4.444444,ABA_RECEITA
ccs,Caldo de Abóbora com Carne moída 400g,9.0,sal,2.222222,ABA_RECEITA
ccs,Caldo de Abóbora com Carne moída 400g,9.0,cebolinha 150g,11.111111,ABA_RECEITA
ccs,"Caldo de chuchu, frango com abóbora Cabotiá 400g",6.0,ABÓBORA CABOTIÃ,333.333333,ABA_RECEITA
ccs,"Caldo de chuchu, frango com abóbora Cabotiá 400g",6.0,CHUCHU 494g,133.333333,ABA_RECEITA
ccs,"Caldo de chuchu, frango com abóbora Cabotiá 400g",6.0,CEBOLA 258g,33.333333,ABA_RECEITA
ccs,"Caldo de chuchu, frango com abóbora Cabotiá 400g",6.0,ALHO 65g,3.333333,ABA_RECEITA
ccs,"Caldo de chuchu, frango com abóbora Cabotiá 400g",6.0,PEITO DE FRANGO SEM OSSO E SEM PELE,83.333333,ABA_RECEITA
ccs,"Caldo de chuchu, frango com abóbora Cabotiá 400g",6.0,sal,1.666667,ABA_RECEITA
ccs,"Caldo de chuchu, frango com abóbora Cabotiá 400g",6.0,azeite de oliva 500ml,3.333333,ABA_RECEITA
ccs,"Caldo de chuchu, frango com abóbora Cabotiá 400g",6.0,tempero a gosto,6.666667,ABA_RECEITA
ccs,"Caldo de chuchu, frango com abóbora Cabotiá 400g",6.0,agua filtrada 20l,333.333333,ABA_RECEITA
ccs,Caldo de Feijão com Couve 400g,4.0,FEIJÃO CARIOCA,225.0,ABA_RECEITA
ccs,Caldo de Feijão com Couve 400g,4.0,CEBOLA 258g,50.0,ABA_RECEITA
ccs,Caldo de Feijão com Couve 400g,4.0,ALHO 65g,6.25,ABA_RECEITA
ccs,Caldo de Feijão com Couve 400g,4.0,folha de louro,5.0,ABA_RECEITA
ccs,Caldo de Feijão com Couve 400g,4.0,COUVE  FLOR 250g,125.0,ABA_RECEITA
ccs,Caldo de Feijão com Couve 400g,4.0,azeite de oliva 500ml,5.0,ABA_RECEITA
ccs,Caldo de Feijão com Couve 400g,4.0,sal,5.0,ABA_RECEITA
ccs,Caldo de Feijão com Couve 400g,4.0,tempero a gosto,10.0,ABA_RECEITA
ccs,Caldo de Feijão com Couve 400g,4.0,cebolinha 150g,25.0,ABA_RECEITA
ccs,"Caldo Frango desfiado, cenoura e gengibri 400g",6.0,CENOURA 200g,133.333333,ABA_RECEITA
ccs,"Caldo Frango desfiado, cenoura e gengibri 400g",6.0,CEBOLA 258g,40.0,ABA_RECEITA
ccs,"Caldo Frango desfiado, cenoura e gengibri 400g",6.0,ALHO 65g,2.5,ABA_RECEITA
ccs,"Caldo Frango desfiado, cenoura e gengibri 400g",6.0,PEITO DE FRANGO SEM OSSO E SEM PELE,100.0,ABA_RECEITA
ccs,"Caldo Frango desfiado, cenoura e gengibri 400g",6.0,GENGIBRE 185g,0.833333,ABA_RECEITA
ccs,"Caldo Frango desfiado, cenoura e gengibri 400g",6.0,AZEITE DE OLIVA 500ML,5.0,ABA_RECEITA
ccs,"Caldo Frango desfiado, cenoura e gengibri 400g",6.0,SAL,2.5,ABA_RECEITA
ccs,"Caldo Frango desfiado, cenoura e gengibri 400g",6.0,TEMPERO A GOSTO,6.666667,ABA_RECEITA
ccs,"Caldo Frango desfiado, cenoura e gengibri 400g",6.0,AGUA FILTraDA 20L,333.333333,ABA_RECEITA
ccs,Creme de Cenoura 400g,11.0,CENOURA 200g,200.0,ABA_RECEITA
ccs,Creme de Cenoura 400g,11.0,CEBOLA 258g,22.727273,ABA_RECEITA
ccs,Creme de Cenoura 400g,11.0,ALHO 65g,2.727273,ABA_RECEITA
ccs,Creme de Cenoura 400g,11.0,azeite de oliva 500ml,1.363636,ABA_RECEITA
ccs,Creme de Cenoura 400g,11.0,LEITE SEM LACTOSE 1L PAULISTA,181.818182,ABA_RECEITA
ccs,Creme de Cenoura 400g,11.0,CREME DE LEITE SEM LACTOSE 200g,36.363636,ABA_RECEITA
ccs,Creme de Cenoura 400g,11.0,sal,1.818182,ABA_RECEITA
ccs,Creme de Cenoura 400g,11.0,tempero a gosto,3.636364,ABA_RECEITA
ccs,Creme de Couve Flor 400g,9.0,CEBOLA 258g,26.666667,ABA_RECEITA
ccs,Creme de Couve Flor 400g,9.0,ALHO 65g,3.333333,ABA_RECEITA
ccs,Creme de Couve Flor 400g,9.0,CRAVO DA INDIA,0.111111,ABA_RECEITA
ccs,Creme de Couve Flor 400g,9.0,COUVE  FLOR 250g,222.222222,ABA_RECEITA
ccs,Creme de Couve Flor 400g,9.0,CHEIRO VERDE,13.333333,ABA_RECEITA
ccs,Creme de Couve Flor 400g,9.0,agua filtrada 20l,111.111111,ABA_RECEITA
ccs,Creme de Couve Flor 400g,9.0,"Leite de Arroz 1,250Kg",44.444444,ABA_RECEITA
ccs,Creme de Couve Flor 400g,9.0,NOZ MOSCADA (EM GRÃO),0.555556,ABA_RECEITA
ccs,Creme de Couve Flor 400g,9.0,sal,0.555556,ABA_RECEITA
ccs,Creme de Couve Flor 400g,9.0,azeite de oliva 500ml,1.111111,ABA_RECEITA
ccs,Creme de ervilha com bacon saudavel 400g,5.0,ERVILHA 500g YOKI,260.0,ABA_RECEITA
ccs,Creme de ervilha com bacon saudavel 400g,5.0,CEBOLA 258g,48.0,ABA_RECEITA
ccs,Creme de ervilha com bacon saudavel 400g,5.0,ALHO 65g,3.0,ABA_RECEITA
ccs,Creme de ervilha com bacon saudavel 400g,5.0,Bacon Saudavel 1Kg,80.0,ABA_RECEITA
ccs,Creme de ervilha com bacon saudavel 400g,5.0,tempero a gosto,1.6,ABA_RECEITA
ccs,Creme de ervilha com bacon saudavel 400g,5.0,azeite de oliva 500ml,3.0,ABA_RECEITA
ccs,Creme de ervilha com bacon saudavel 400g,5.0,sal,8.0,ABA_RECEITA
ccs,Creme de ervilha com bacon saudavel 400g,5.0,salsinha 150g,15.0,ABA_RECEITA
ccs,Creme de ervilha com bacon saudavel 400g,5.0,cebolinha 150g,15.0,ABA_RECEITA
ccs,Sopa de Abóbora e queijo branco 400g,8.0,azeite de oliva 500ml,7.5,ABA_RECEITA
ccs,Sopa de Abóbora e queijo branco 400g,8.0,CEBOLA 258g,25.0,ABA_RECEITA
ccs,Sopa de Abóbora e queijo branco 400g,8.0,ALHO 65g,1.25,ABA_RECEITA
ccs,Sopa de Abóbora e queijo branco 400g,8.0,ABÓBORA CABOTIÃ,375.0,ABA_RECEITA
ccs,Sopa de Abóbora e queijo branco 400g,8.0,agua filtrada 20l,250.0,ABA_RECEITA
ccs,Sopa de Abóbora e queijo branco 400g,8.0,sal,2.5,ABA_RECEITA
ccs,Sopa de Abóbora e queijo branco 400g,8.0,tomilho,1.25,ABA_RECEITA
ccs,Sopa de Abóbora e queijo branco 400g,8.0,QUEIJO BRANCO frescal,62.5,ABA_RECEITA
ccs,Sopa de Chuchu com Bacon Saudável 400g,9.0,CHUCHU 494g,222.222222,ABA_RECEITA
ccs,Sopa de Chuchu com Bacon Saudável 400g,9.0,Bacon Saudavel 1Kg,111.111111,ABA_RECEITA
ccs,Sopa de Chuchu com Bacon Saudável 400g,9.0,COUVE  FLOR 250g,27.777778,ABA_RECEITA
ccs,Sopa de Chuchu com Bacon Saudável 400g,9.0,CEBOLA 258g,44.444444,ABA_RECEITA
ccs,Sopa de Chuchu com Bacon Saudável 400g,9.0,ALHO 65g,3.333333,ABA_RECEITA
ccs,Sopa de Chuchu com Bacon Saudável 400g,9.0,AZEITE DE OLIVA 500ml,1.111111,ABA_RECEITA
ccs,Sopa de Chuchu com Bacon Saudável 400g,9.0,sal,1.666667,ABA_RECEITA
ccs,Sopa de Chuchu com Bacon Saudável 400g,9.0,tempero a gosto,4.444444,ABA_RECEITA
ccs,Sopa Detox de Frango com abóbora 400g,10.0,PEITO DE FRANGO SEM OSSO E SEM PELE,100.0,ABA_RECEITA
ccs,Sopa Detox de Frango com abóbora 400g,10.0,ABÓBORA CABOTIÃ,300.0,ABA_RECEITA
ccs,Sopa Detox de Frango com abóbora 400g,10.0,COUVE  FLOR 250g,50.0,ABA_RECEITA
ccs,Sopa Detox de Frango com abóbora 400g,10.0,BRÓCOLIS 250g,50.0,ABA_RECEITA
ccs,Sopa Detox de Frango com abóbora 400g,10.0,CEBOLA 258g,25.0,ABA_RECEITA
ccs,Sopa Detox de Frango com abóbora 400g,10.0,CENOURA 200g,12.0,ABA_RECEITA
ccs,Sopa Detox de Frango com abóbora 400g,10.0,azeite de oliva 500ml,3.0,ABA_RECEITA
ccs,Sopa Detox de Frango com abóbora 400g,10.0,NOZ MOSCADA (EM GRÃO),1.5,ABA_RECEITA
ccs,Sopa Detox de Frango com abóbora 400g,10.0,agua filtrada 20l,100.0,ABA_RECEITA
ccs,Sopa Detox de Frango com abóbora 400g,10.0,sal,1.5,ABA_RECEITA
ccs,Sopa Verde 400g,10.0,PEITO DE FRANGO SEM OSSO E SEM PELE,100.0,ABA_RECEITA
ccs,Sopa Verde 400g,10.0,ABÓBORA CABOTIÃ,300.0,ABA_RECEITA
ccs,Sopa Verde 400g,10.0,COUVE  FLOR 250g,80.0,ABA_RECEITA
ccs,Sopa Verde 400g,10.0,BRÓCOLIS 250g,80.0,ABA_RECEITA
ccs,Sopa Verde 400g,10.0,CEBOLA 258g,25.0,ABA_RECEITA
ccs,Sopa Verde 400g,10.0,CENOURA 200g,30.0,ABA_RECEITA
ccs,Sopa Verde 400g,10.0,agua filtrada 20l,100.0,ABA_RECEITA
ccs,Sopa Verde 400g,10.0,azeite de oliva 500ml,3.0,ABA_RECEITA
ccs,Sopa Verde 400g,10.0,pimenta preta,1.0,ABA_RECEITA
ccs,Sopa Verde 400g,10.0,sal,1.5,ABA_RECEITA
ccs,Caldo cremoso de mandioca com frango 400g,7.0,PEITO DE FRANGO SEM OSSO E SEM PELE,85.714286,ABA_RECEITA
ccs,Caldo cremoso de mandioca com frango 400g,7.0,MANDIOCA,285.714286,ABA_RECEITA
ccs,Caldo cremoso de mandioca com frango 400g,7.0,PIMENTÃO VERDE 227g,28.571429,ABA_RECEITA
ccs,Caldo cremoso de mandioca com frango 400g,7.0,CEBOLA 258g,57.142857,ABA_RECEITA
ccs,Caldo cremoso de mandioca com frango 400g,7.0,ALHO 65g,28.571429,ABA_RECEITA
ccs,Caldo cremoso de mandioca com frango 400g,7.0,TOMATE CARMEM 330g,57.142857,ABA_RECEITA
ccs,Caldo cremoso de mandioca com frango 400g,7.0,sal,1.428571,ABA_RECEITA
ccs,Caldo cremoso de mandioca com frango 400g,7.0,tempero a gosto,5.714286,ABA_RECEITA
ccs,Caldo cremoso de mandioca com frango 400g,7.0,AZEITE DE OLIVA 500ml,2.857143,ABA_RECEITA
ccs,Caldo de Frango com Milho 400g,7.0,PEITO DE FRANGO SEM OSSO E SEM PELE,100.0,ABA_RECEITA
ccs,Caldo de Frango com Milho 400g,7.0,ALHO 65g,3.571429,ABA_RECEITA
ccs,Caldo de Frango com Milho 400g,7.0,CEBOLA 258g,57.142857,ABA_RECEITA
ccs,Caldo de Frango com Milho 400g,7.0,MILHO VERDE ESPIGA 700g,171.428571,ABA_RECEITA
ccs,Caldo de Frango com Milho 400g,7.0,sal,2.142857,ABA_RECEITA
ccs,Caldo de Frango com Milho 400g,7.0,tempero a gosto,5.714286,ABA_RECEITA
ccs,Caldo de Frango com Milho 400g,7.0,azeite de oliva 500ml,2.857143,ABA_RECEITA
ccs,Caldo de Mandioca com Carne Seca 400g,9.0,MANDIOCA,222.222222,ABA_RECEITA
ccs,Caldo de Mandioca com Carne Seca 400g,9.0,"Carne seca Caseira 1,200Kg",55.555556,ABA_RECEITA
ccs,Caldo de Mandioca com Carne Seca 400g,9.0,COUVE  FLOR 250g,33.333333,ABA_RECEITA
ccs,Caldo de Mandioca com Carne Seca 400g,9.0,CEBOLA 258g,33.333333,ABA_RECEITA
ccs,Caldo de Mandioca com Carne Seca 400g,9.0,ALHO 65g,2.222222,ABA_RECEITA
ccs,Caldo de Mandioca com Carne Seca 400g,9.0,AZEITE DE OLIVA 500ml,2.222222,ABA_RECEITA
ccs,Caldo de Mandioca com Carne Seca 400g,9.0,agua filtrada 20l,222.222222,ABA_RECEITA
ccs,"Caldo de mandioquinha, couve e cubos de frango grelhado 400g",4.0,MANDIOQUINHA 150g,125.0,ABA_RECEITA
ccs,"Caldo de mandioquinha, couve e cubos de frango grelhado 400g",4.0,ABOBRINHA,90.0,ABA_RECEITA
ccs,"Caldo de mandioquinha, couve e cubos de frango grelhado 400g",4.0,CEBOLA 258g,50.0,ABA_RECEITA
ccs,"Caldo de mandioquinha, couve e cubos de frango grelhado 400g",4.0,ALHO 65g,6.25,ABA_RECEITA
ccs,"Caldo de mandioquinha, couve e cubos de frango grelhado 400g",4.0,PEITO DE FRANGO SEM OSSO E SEM PELE,75.0,ABA_RECEITA
ccs,"Caldo de mandioquinha, couve e cubos de frango grelhado 400g",4.0,COUVE  FLOR 250g,50.0,ABA_RECEITA
ccs,"Caldo de mandioquinha, couve e cubos de frango grelhado 400g",4.0,AZEITE DE OLIVA 500ml,5.0,ABA_RECEITA
ccs,"Caldo de mandioquinha, couve e cubos de frango grelhado 400g",4.0,sal,3.75,ABA_RECEITA
ccs,"Caldo de mandioquinha, couve e cubos de frango grelhado 400g",4.0,tempero a gosto,10.0,ABA_RECEITA
ccs,"Caldo de mandioquinha, couve e cubos de frango grelhado 400g",4.0,AGUA FILTRADA 20l,250.0,ABA_RECEITA
ccs,Caldo de Vaca Atolada 400g,10.0,MANDIOCA,130.0,ABA_RECEITA
ccs,Caldo de Vaca Atolada 400g,10.0,PALETA BOVINA,140.0,ABA_RECEITA
ccs,Caldo de Vaca Atolada 400g,10.0,ALHO 65g,2.5,ABA_RECEITA
ccs,Caldo de Vaca Atolada 400g,10.0,AZEITE DE OLIVA 500ml,2.0,ABA_RECEITA
ccs,Caldo de Vaca Atolada 400g,10.0,CEBOLA 258g,40.0,ABA_RECEITA
ccs,Caldo de Vaca Atolada 400g,10.0,sal,1.5,ABA_RECEITA
ccs,Caldo de Vaca Atolada 400g,10.0,tempero a gosto,4.0,ABA_RECEITA
ccs,Caldo de Vaca Atolada 400g,10.0,AGUA FILTRADA 20l,100.0,ABA_RECEITA
ccs,Caldo verde 400g,7.0,BATATA INGLESA,120.0,ABA_RECEITA
ccs,Caldo verde 400g,7.0,CHUCHU 494g,57.142857,ABA_RECEITA
ccs,Caldo verde 400g,7.0,CEBOLA 258g,28.571429,ABA_RECEITA
ccs,Caldo verde 400g,7.0,COUVE  FLOR 250g,50.0,ABA_RECEITA
ccs,Caldo verde 400g,7.0,sal,1.428571,ABA_RECEITA
ccs,Caldo verde 400g,7.0,pimenta preta,1.428571,ABA_RECEITA
ccs,Caldo verde 400g,7.0,ALHO EM PÓ,1.428571,ABA_RECEITA
ccs,Caldo verde 400g,7.0,agua filtrada 20l,142.857143,ABA_RECEITA
ccs,Caldo verde 400g,7.0,PATINHO (CARNE MOIDA),71.428571,ABA_RECEITA
ccs,Sopa de Lentilha com Tomates 400g,9.0,TOMATE CARMEM 330g,111.111111,ABA_RECEITA
ccs,Sopa de Lentilha com Tomates 400g,9.0,CEBOLA 258g,2.222222,ABA_RECEITA
ccs,Sopa de Lentilha com Tomates 400g,9.0,MANJERICÃO maço 50g,1.111111,ABA_RECEITA
ccs,Sopa de Lentilha com Tomates 400g,9.0,agua filtrada 20l,111.111111,ABA_RECEITA
ccs,Sopa de Lentilha com Tomates 400g,9.0,LENTLHA (CANADENSE),144.444444,ABA_RECEITA
ccs,Sopa de Lentilha com Tomates 400g,9.0,azeite de oliva 500ml,6.666667,ABA_RECEITA
ccs,Sopa de Lentilha com Tomates 400g,9.0,sal,1.111111,ABA_RECEITA
ccs,Sopa de Lentilha com Tomates 400g,9.0,pimenta preta,1.111111,ABA_RECEITA
ccs,Sopa de Lentilha com Tomates 400g,9.0,NOZ MOSCADA (EM GRÃO),1.111111,ABA_RECEITA
ccs,Sopa de Lentilha com Tomates 400g,9.0,tomilho,1.111111,ABA_RECEITA
ccs,Sopa de legumes com macarrão integal 400g,10.0,COUVE  FLOR 250g,70.0,ABA_RECEITA
ccs,Sopa de legumes com macarrão integal 400g,10.0,BRÓCOLIS 250g,70.0,ABA_RECEITA
ccs,Sopa de legumes com macarrão integal 400g,10.0,ABOBRINHA,30.0,ABA_RECEITA
ccs,Sopa de legumes com macarrão integal 400g,10.0,CENOURA 200g,60.0,ABA_RECEITA
ccs,Sopa de legumes com macarrão integal 400g,10.0,INHAME 155g,40.0,ABA_RECEITA
ccs,Sopa de legumes com macarrão integal 400g,10.0,MACARRÃO INTEGRAL 500g GALO PARAFUSO E ESPAGUETE Nº8,50.0,ABA_RECEITA
ccs,Sopa de legumes com macarrão integal 400g,10.0,CEBOLA 258g,40.0,ABA_RECEITA
ccs,Sopa de legumes com macarrão integal 400g,10.0,ALHO 65g,3.0,ABA_RECEITA
ccs,Sopa de legumes com macarrão integal 400g,10.0,AZEITE DE OLIVA 500ml,2.0,ABA_RECEITA
ccs,Sopa de legumes com macarrão integal 400g,10.0,sal,1.5,ABA_RECEITA
ccs,Caldo de cenoura e abobrinha com frango 400g,10.0,PEITO DE FRANGO SEM OSSO E SEM PELE,70.0,ABA_RECEITA
ccs,Caldo de cenoura e abobrinha com frango 400g,10.0,CENOURA 200g,150.0,ABA_RECEITA
ccs,Caldo de cenoura e abobrinha com frango 400g,10.0,ABOBRINHA,170.0,ABA_RECEITA
ccs,Caldo de cenoura e abobrinha com frango 400g,10.0,ALHO 65g,1.5,ABA_RECEITA
ccs,Caldo de cenoura e abobrinha com frango 400g,10.0,CEBOLA 258g,25.0,ABA_RECEITA
ccs,Caldo de cenoura e abobrinha com frango 400g,10.0,MANJERICÃO maço 50g,1.0,ABA_RECEITA
ccs,Caldo de cenoura e abobrinha com frango 400g,10.0,AZEITE DE OLIVA 500ml,1.5,ABA_RECEITA
ccs,Caldo de cenoura e abobrinha com frango 400g,10.0,GERGELIM,2.0,ABA_RECEITA
ccs,Caldo de cenoura e abobrinha com frango 400g,10.0,PIMENTA BRANCA 110G,1.0,ABA_RECEITA
ccs,Caldo de cenoura e abobrinha com frango 400g,10.0,SAL,1.5,ABA_RECEITA
Sobremesa,"Bolo Chocolatudo (sem leite, sem lactose, integral) 1600Kg",1.0,FARINHA DE AVEIA,250.0,ABA_RECEITA
Sobremesa,"Bolo Chocolatudo (sem leite, sem lactose, integral) 1600Kg",1.0,FARINHA DE TRIGO INTEGRAL,250.0,ABA_RECEITA
Sobremesa,"Bolo Chocolatudo (sem leite, sem lactose, integral) 1600Kg",1.0,OLEO DE COCO copra 200ml,45.0,ABA_RECEITA
Sobremesa,"Bolo Chocolatudo (sem leite, sem lactose, integral) 1600Kg",1.0,CACAU 100% BARRA,280.0,ABA_RECEITA
Sobremesa,"Bolo Chocolatudo (sem leite, sem lactose, integral) 1600Kg",1.0,OVOS,90.0,ABA_RECEITA
Sobremesa,"Bolo Chocolatudo (sem leite, sem lactose, integral) 1600Kg",1.0,AÇUCAR DE CÔCO,125.0,ABA_RECEITA
Sobremesa,"Bolo Chocolatudo (sem leite, sem lactose, integral) 1600Kg",1.0,AÇUCAR DEMERARA,170.0,ABA_RECEITA
Sobremesa,"Bolo Chocolatudo (sem leite, sem lactose, integral) 1600Kg",1.0,agua filtrada 20l,250.0,ABA_RECEITA
Sobremesa,"Bolo Chocolatudo (sem leite, sem lactose, integral) 1600Kg",1.0,FERMENTO EM PÓ ROYAL,15.0,ABA_RECEITA
Sobremesa,"Bolo Chocolatudo (sem leite, sem lactose, integral) 1600Kg",1.0,Leite de Côco 450ml,400.0,ABA_RECEITA
Sobremesa,"Bolo de banana (sem leite, sem lactose, integral e sem açúcar)  1400Kg",1.0,BANANA VERDE NANICA 200g,400.0,ABA_RECEITA
Sobremesa,"Bolo de banana (sem leite, sem lactose, integral e sem açúcar)  1400Kg",1.0,FARINHA DE AVEIA,375.0,ABA_RECEITA
Sobremesa,"Bolo de banana (sem leite, sem lactose, integral e sem açúcar)  1400Kg",1.0,OLEO DE COCO copra 200ml,70.0,ABA_RECEITA
Sobremesa,"Bolo de banana (sem leite, sem lactose, integral e sem açúcar)  1400Kg",1.0,AVEIA EM FLOCOS FINOS Nº 3,125.0,ABA_RECEITA
Sobremesa,"Bolo de banana (sem leite, sem lactose, integral e sem açúcar)  1400Kg",1.0,UVA PASSAS SEM SEMENTE (flame),250.0,ABA_RECEITA
Sobremesa,"Bolo de banana (sem leite, sem lactose, integral e sem açúcar)  1400Kg",1.0,OVOS,240.0,ABA_RECEITA
Sobremesa,"Bolo de banana (sem leite, sem lactose, integral e sem açúcar)  1400Kg",1.0,CANELA EM PÓ (SEM MISTURA),15.0,ABA_RECEITA
Sobremesa,"Bolo de banana (sem leite, sem lactose, integral e sem açúcar)  1400Kg",1.0,FERMENTO EM PÓ ROYAL,15.0,ABA_RECEITA
Sobremesa,"Bolo de churros (sem leite, sem lactose, integral) 1600Kg",1.0,OVOS,90.0,ABA_RECEITA
Sobremesa,"Bolo de churros (sem leite, sem lactose, integral) 1600Kg",1.0,OLEO DE COCO copra 200ml,30.0,ABA_RECEITA
Sobremesa,"Bolo de churros (sem leite, sem lactose, integral) 1600Kg",1.0,AÇUCAR DEMERARA,375.0,ABA_RECEITA
Sobremesa,"Bolo de churros (sem leite, sem lactose, integral) 1600Kg",1.0,FARINHA DE TRIGO INTEGRAL RENATA,375.0,ABA_RECEITA
Sobremesa,"Bolo de churros (sem leite, sem lactose, integral) 1600Kg",1.0,FARINHA DE AMENDOAS,125.0,ABA_RECEITA
Sobremesa,"Bolo de churros (sem leite, sem lactose, integral) 1600Kg",1.0,CANELA EM PÓ (SEM MISTURA),5.0,ABA_RECEITA
Sobremesa,"Bolo de churros (sem leite, sem lactose, integral) 1600Kg",1.0,Leite de Côco 450ml,725.0,ABA_RECEITA
Sobremesa,"Bolo de churros (sem leite, sem lactose, integral) 1600Kg",1.0,FERMENTO EM PÓ ROYAL,15.0,ABA_RECEITA
Sobremesa,"Bolo de churros (sem leite, sem lactose, integral) 1600Kg",1.0,EXTRATO DE BAUNILHA (BOMBAY EXTRATO NATURAL DE BAUNILHA),2.0,ABA_RECEITA
Sobremesa,"Bolo de churros (sem leite, sem lactose, integral) 1600Kg",1.0,SAL,10.0,ABA_RECEITA
Sobremesa,"Bolo de Cenoura (sem leite, sem lactose, integral)  1800kg",1.0,CENOURA 200g,200.0,ABA_RECEITA
Sobremesa,"Bolo de Cenoura (sem leite, sem lactose, integral)  1800kg",1.0,OVOS,240.0,ABA_RECEITA
Sobremesa,"Bolo de Cenoura (sem leite, sem lactose, integral)  1800kg",1.0,FARINHA DE ARROZ,250.0,ABA_RECEITA
Sobremesa,"Bolo de Cenoura (sem leite, sem lactose, integral)  1800kg",1.0,FÉCULA DE BATATA,125.0,ABA_RECEITA
Sobremesa,"Bolo de Cenoura (sem leite, sem lactose, integral)  1800kg",1.0,POLVILHO DOCE,125.0,ABA_RECEITA
Sobremesa,"Bolo de Cenoura (sem leite, sem lactose, integral)  1800kg",1.0,GOMA XANTANA,5.0,ABA_RECEITA
Sobremesa,"Bolo de Cenoura (sem leite, sem lactose, integral)  1800kg",1.0,OLEO DE COCO copra 200ml,155.0,ABA_RECEITA
Sobremesa,"Bolo de Cenoura (sem leite, sem lactose, integral)  1800kg",1.0,AÇUCAR DEMERARA,125.0,ABA_RECEITA
Sobremesa,"Bolo de Cenoura (sem leite, sem lactose, integral)  1800kg",1.0,FERMENTO EM PÓ ROYAL,15.0,ABA_RECEITA
Sobremesa,"Bolo Cuca de Uva (sem leite, sem lactose, integral) 1400Kg",1.0,OVOS,240.0,ABA_RECEITA
Sobremesa,"Bolo Cuca de Uva (sem leite, sem lactose, integral) 1400Kg",1.0,Leite de Amêndoas 500ml,250.0,ABA_RECEITA
Sobremesa,"Bolo Cuca de Uva (sem leite, sem lactose, integral) 1400Kg",1.0,AÇUCAR DEMERARA,155.0,ABA_RECEITA
Sobremesa,"Bolo Cuca de Uva (sem leite, sem lactose, integral) 1400Kg",1.0,OLEO DE COCO copra 200ml,140.0,ABA_RECEITA
Sobremesa,"Bolo Cuca de Uva (sem leite, sem lactose, integral) 1400Kg",1.0,FARINHA DE AVEIA,545.0,ABA_RECEITA
Sobremesa,"Bolo Cuca de Uva (sem leite, sem lactose, integral) 1400Kg",1.0,UVA VERDE SEM SEMENTE 500g ITALIA,100.0,ABA_RECEITA
Sobremesa,"Bolo Cuca de Uva (sem leite, sem lactose, integral) 1400Kg",1.0,CANELA EM PÓ (SEM MISTURA),20.0,ABA_RECEITA
Sobremesa,"Bolo Cuca de Uva (sem leite, sem lactose, integral) 1400Kg",1.0,EXTRATO DE BAUNILHA (BOMBAY EXTRATO NATURAL DE BAUNILHA),5.0,ABA_RECEITA
Sobremesa,"Bolo Cuca de Uva (sem leite, sem lactose, integral) 1400Kg",1.0,FERMENTO EM PÓ ROYAL,15.0,ABA_RECEITA
Sobremesa,Bolo de Laranja (sem leite e sem lactose) 1700Kg,1.0,FARINHA DE ARROZ,250.0,ABA_RECEITA
Sobremesa,Bolo de Laranja (sem leite e sem lactose) 1700Kg,1.0,AVEIA EM FLOCOS FINOS Nº 3,250.0,ABA_RECEITA
Sobremesa,Bolo de Laranja (sem leite e sem lactose) 1700Kg,1.0,AMIDO DE MILHO,125.0,ABA_RECEITA
Sobremesa,Bolo de Laranja (sem leite e sem lactose) 1700Kg,1.0,Laranja,500.0,ABA_RECEITA
Sobremesa,Bolo de Laranja (sem leite e sem lactose) 1700Kg,1.0,RASPA DE CASCA DE LARANJA,60.0,ABA_RECEITA
Sobremesa,Bolo de Laranja (sem leite e sem lactose) 1700Kg,1.0,OVOS,240.0,ABA_RECEITA
Sobremesa,Bolo de Laranja (sem leite e sem lactose) 1700Kg,1.0,OLEO DE COCO copra 200ml,125.0,ABA_RECEITA
Sobremesa,Bolo de Laranja (sem leite e sem lactose) 1700Kg,1.0,AÇUCAR DEMERARA,170.0,ABA_RECEITA
Sobremesa,Bolo de Laranja (sem leite e sem lactose) 1700Kg,1.0,FERMENTO EM PÓ ROYAL,15.0,ABA_RECEITA
Sobremesa,Bolo de Laranja (sem leite e sem lactose) 1700Kg,1.0,Leite de Côco 450ml,150.0,ABA_RECEITA
Sobremesa,Bolo de Limão (Fit)1500g,1.0,OVOS,180.0,ABA_RECEITA
Sobremesa,Bolo de Limão (Fit)1500g,1.0,AÇUCAR DEMERARA,155.0,ABA_RECEITA
Sobremesa,Bolo de Limão (Fit)1500g,1.0,OLEO DE COCO copra 200ml,70.0,ABA_RECEITA
Sobremesa,Bolo de Limão (Fit)1500g,1.0,IOGURTE DESNATADO NESTLE 160g,200.0,ABA_RECEITA
Sobremesa,Bolo de Limão (Fit)1500g,1.0,LIMÃO TAHITI 120g,225.0,ABA_RECEITA
Sobremesa,Bolo de Limão (Fit)1500g,1.0,FARINHA DE ARROZ,125.0,ABA_RECEITA
Sobremesa,Bolo de Limão (Fit)1500g,1.0,AMIDO DE MILHO,140.0,ABA_RECEITA
Sobremesa,Bolo de Limão (Fit)1500g,1.0,POLVILHO DOCE,75.0,ABA_RECEITA
Sobremesa,Bolo de Limão (Fit)1500g,1.0,FERMENTO EM PÓ ROYAL,8.0,ABA_RECEITA
Sobremesa,Bolo de Limão (Fit)1500g,1.0,RASPA DE CASCA DE LIMÃO,30.0,ABA_RECEITA
Sobremesa,"Bolo de milho com erva docê (sem glúten, sem leite, sem lactose) 1200Kg",1.0,OVOS,240.0,ABA_RECEITA
Sobremesa,"Bolo de milho com erva docê (sem glúten, sem leite, sem lactose) 1200Kg",1.0,AÇUCAR DEMERARA,250.0,ABA_RECEITA
Sobremesa,"Bolo de milho com erva docê (sem glúten, sem leite, sem lactose) 1200Kg",1.0,OLEO DE COCO copra 200ml,125.0,ABA_RECEITA
Sobremesa,"Bolo de milho com erva docê (sem glúten, sem leite, sem lactose) 1200Kg",1.0,FLOCOS DE MILHO (CEREAL SEM AÇUCAR),250.0,ABA_RECEITA
Sobremesa,"Bolo de milho com erva docê (sem glúten, sem leite, sem lactose) 1200Kg",1.0,Leite de Côco 450ml,200.0,ABA_RECEITA
Sobremesa,"Bolo de milho com erva docê (sem glúten, sem leite, sem lactose) 1200Kg",1.0,ERVA DOCE,10.0,ABA_RECEITA
Sobremesa,"Bolo de milho com erva docê (sem glúten, sem leite, sem lactose) 1200Kg",1.0,"MILHO quero 1,700kg",170.0,ABA_RECEITA
Sobremesa,"Cupcake de Prestígio (sem glúten, sem leite, sem lactose) 140g cada",12.0,OVOS,20.0,ABA_RECEITA
Sobremesa,"Cupcake de Prestígio (sem glúten, sem leite, sem lactose) 140g cada",12.0,OLEO DE COCO copra 200ml,3.75,ABA_RECEITA
Sobremesa,"Cupcake de Prestígio (sem glúten, sem leite, sem lactose) 140g cada",12.0,FARINHA DE CÔCO,5.0,ABA_RECEITA
Sobremesa,"Cupcake de Prestígio (sem glúten, sem leite, sem lactose) 140g cada",12.0,FARINHA DE ARROZ,7.5,ABA_RECEITA
Sobremesa,"Cupcake de Prestígio (sem glúten, sem leite, sem lactose) 140g cada",12.0,FÉCULA DE BATATA,2.5,ABA_RECEITA
Sobremesa,"Cupcake de Prestígio (sem glúten, sem leite, sem lactose) 140g cada",12.0,Leite de Côco 450ml,58.333333,ABA_RECEITA
Sobremesa,"Cupcake de Prestígio (sem glúten, sem leite, sem lactose) 140g cada",12.0,CACAU 100% BARRA,5.0,ABA_RECEITA
Sobremesa,"Cupcake de Prestígio (sem glúten, sem leite, sem lactose) 140g cada",12.0,AÇUCAR MASCAVO,5.0,ABA_RECEITA
Sobremesa,"Cupcake de Prestígio (sem glúten, sem leite, sem lactose) 140g cada",12.0,FERMENTO EM PÓ ROYAL,1.25,ABA_RECEITA
Sobremesa,"Cupcake de Prestígio (sem glúten, sem leite, sem lactose) 140g cada",12.0,LEITE EM PÓ MOLICO 260g,6.25,ABA_RECEITA
Sobremesa,"Cupcake de Maçã (vegano, vegetariano, sem ovos, integral) 140g cada",9.0,MAÇÃ VERMELHA FUJI 230g,43.333333,ABA_RECEITA
Sobremesa,"Cupcake de Maçã (vegano, vegetariano, sem ovos, integral) 140g cada",9.0,LIMÃO TAHITI 120g,8.333333,ABA_RECEITA
Sobremesa,"Cupcake de Maçã (vegano, vegetariano, sem ovos, integral) 140g cada",9.0,CANELA EM PÓ (SEM MISTURA),1.666667,ABA_RECEITA
Sobremesa,"Cupcake de Maçã (vegano, vegetariano, sem ovos, integral) 140g cada",9.0,OLEO de soja liza 900ml,20.777778,ABA_RECEITA
Sobremesa,"Cupcake de Maçã (vegano, vegetariano, sem ovos, integral) 140g cada",9.0,AÇUCAR MASCAVO,10.0,ABA_RECEITA
Sobremesa,"Cupcake de Maçã (vegano, vegetariano, sem ovos, integral) 140g cada",9.0,agua filtrada 20l,6.666667,ABA_RECEITA
Sobremesa,"Cupcake de Maçã (vegano, vegetariano, sem ovos, integral) 140g cada",9.0,FARINHA DE TRIGO INTEGRAL RENATA,55.555556,ABA_RECEITA
Sobremesa,"Cupcake de Maçã (vegano, vegetariano, sem ovos, integral) 140g cada",9.0,FERMENTO EM PÓ ROYAL,1.666667,ABA_RECEITA
Sobremesa,"Cupcake de Maçã (vegano, vegetariano, sem ovos, integral) 140g cada",9.0,BICARBONATO DE SÓDIO,0.555556,ABA_RECEITA
Sobremesa,"Cupcake de Maçã (vegano, vegetariano, sem ovos, integral) 140g cada",9.0,VINAGRE DE MAÇÃ 750ml,1.666667,ABA_RECEITA
Sobremesa,Brownie saudável com calda de frutas vermelhas 120g,12.0,CHOCOLATE AMARGO 70% barra,8.333333,ABA_RECEITA
Sobremesa,Brownie saudável com calda de frutas vermelhas 120g,12.0,AÇUCAR MASCAVO,8.333333,ABA_RECEITA
Sobremesa,Brownie saudável com calda de frutas vermelhas 120g,12.0,FARINHA DE AVEIA,5.833333,ABA_RECEITA
Sobremesa,Brownie saudável com calda de frutas vermelhas 120g,12.0,OVOS,15.0,ABA_RECEITA
Sobremesa,Brownie saudável com calda de frutas vermelhas 120g,12.0,SAL,1.25,ABA_RECEITA
Sobremesa,Brownie saudável com calda de frutas vermelhas 120g,12.0,FRUTAS VERMELHAS MIX 300g,33.333333,ABA_RECEITA
Sobremesa,Brownie saudável com calda de frutas vermelhas 120g,12.0,OLEO DE COCO copra 200ml,5.833333,ABA_RECEITA
Sobremesa,Brownie saudável com calda de frutas vermelhas 120g,12.0,AÇUCAR DEMERARA,3.75,ABA_RECEITA
Sobremesa,Cocada Fit 120g,5.0,LEITE EM PÓ MOLICO 260g,50.0,ABA_RECEITA
Sobremesa,Cocada Fit 120g,5.0,ADOÇANTE XILITOL,3.0,ABA_RECEITA
Sobremesa,Cocada Fit 120g,5.0,Leite de Côco 450ml,25.0,ABA_RECEITA
Sobremesa,Cocada Fit 120g,5.0,CÔCO RALADO SEM AÇUCAR SOCOCO 100g,30.0,ABA_RECEITA
Sobremesa,Cocada Fit 120g,5.0,OLEO DE COCO 200ml EXTRAVIRGEM COPRA,8.0,ABA_RECEITA
Sobremesa,"Pudim de Laranja sem lactose, sem glútem e sem ovos 1200Kg",1.0,Laranja,800.0,ABA_RECEITA
Sobremesa,"Pudim de Laranja sem lactose, sem glútem e sem ovos 1200Kg",1.0,Leite de Côco 450ml,200.0,ABA_RECEITA
Sobremesa,"Pudim de Laranja sem lactose, sem glútem e sem ovos 1200Kg",1.0,AMIDO DE MILHO,60.0,ABA_RECEITA
Sobremesa,"Pudim de Laranja sem lactose, sem glútem e sem ovos 1200Kg",1.0,ADOÇANTE XILITOL,125.0,ABA_RECEITA
Sobremesa,Rocambole de Prestígio 500g,1.0,LEITE EM PÓ PIRACANJUBA 400g,270.0,ABA_RECEITA
Sobremesa,Rocambole de Prestígio 500g,1.0,ADOÇANTE XILITOL,50.0,ABA_RECEITA
Sobremesa,Rocambole de Prestígio 500g,1.0,AGUA FILTRADA 20l,100.0,ABA_RECEITA
Sobremesa,Rocambole de Prestígio 500g,1.0,CACAU 70% BARRA 80g,20.0,ABA_RECEITA
Sobremesa,Rocambole de Prestígio 500g,1.0,CÔCO RALADO SEM AÇUCAR SOCOCO 100g,30.0,ABA_RECEITA
Sobremesa,Brigadeiro proteico com whey 50g,15.0,AVEIA EM FLOCOS FINOS Nº 3,16.666667,ABA_RECEITA
Sobremesa,Brigadeiro proteico com whey 50g,15.0,PASTA DE AMENDOIM INTEGRAL 1Kg GRÃO E CEREIAIS,16.666667,ABA_RECEITA
Sobremesa,Brigadeiro proteico com whey 50g,15.0,MEL ABV 500g,8.333333,ABA_RECEITA
Sobremesa,Brigadeiro proteico com whey 50g,15.0,PROTEINA EM PÓ  SABOR CHOCOLATE (WHEY) 450g,2.666667,ABA_RECEITA
Sobremesa,Brigadeiro proteico com whey 50g,15.0,GOTAS DE CHOCOLATE,2.0,ABA_RECEITA
Sobremesa,Brigadeiro proteico com whey 50g,15.0,CHIA (EXTRA BLACK),1.666667,ABA_RECEITA
Sobremesa,Brigadeiro proteico com whey 50g,15.0,CÔCO RALADO SEM AÇUCAR SOCOCO 100g,1.666667,ABA_RECEITA
Sobremesa,torta low carb de limão 1kg,1.0,FARINHA DE AVEIA,300.0,ABA_RECEITA
Sobremesa,torta low carb de limão 1kg,1.0,LINHAÇA DOURADA,30.0,ABA_RECEITA
Sobremesa,torta low carb de limão 1kg,1.0,MELADO DE CANA 250g,155.0,ABA_RECEITA
Sobremesa,torta low carb de limão 1kg,1.0,MANTEIGA AVIAÇÃO 200g,30.0,ABA_RECEITA
Sobremesa,torta low carb de limão 1kg,1.0,SAL,20.0,ABA_RECEITA
Sobremesa,torta low carb de limão 1kg,1.0,Castanha de cajú w3,150.0,ABA_RECEITA
Sobremesa,torta low carb de limão 1kg,1.0,LIMÃO TAHITI 120g,300.0,ABA_RECEITA
Sobremesa,torta low carb de limão 1kg,1.0,EXTRATO DE BAUNILHA (BOMBAY EXTRATO NATURAL DE BAUNILHA),15.0,ABA_RECEITA
Sobremesa,torta low carb de limão 1kg,1.0,RASPA DE CASCA DE LIMÃO,30.0,ABA_RECEITA
Sobremesa,Brigadeiro com bio massa de banana verde recheado 50g,10.0,Biomassa de Banana Verde 1Kg,30.0,ABA_RECEITA
Sobremesa,Brigadeiro com bio massa de banana verde recheado 50g,10.0,CACAU 70% BARRA 80g,5.0,ABA_RECEITA
Sobremesa,Brigadeiro com bio massa de banana verde recheado 50g,10.0,AÇUCAR DEMERARA,4.5,ABA_RECEITA
Sobremesa,Brigadeiro com bio massa de banana verde recheado 50g,10.0,OLEO DE COCO copra 200ml,1.5,ABA_RECEITA
Sobremesa,Brigadeiro com bio massa de banana verde recheado 50g,10.0,Leite de Côco 450ml,10.0,ABA_RECEITA
Sobremesa,Brigadeiro com bio massa de banana verde recheado 50g,10.0,CHOCOLATE AMARGO 70% barra,3.0,ABA_RECEITA
Sobremesa,Panqueca de Prestígio 150g,1.0,OVOS,120.0,ABA_RECEITA
Sobremesa,Panqueca de Prestígio 150g,1.0,TAPIOCA,45.0,ABA_RECEITA
Sobremesa,Panqueca de Prestígio 150g,1.0,FARINHA DE AVEIA,30.0,ABA_RECEITA
Sobremesa,Panqueca de Prestígio 150g,1.0,CACAU 50% BARRA 80g,20.0,ABA_RECEITA
Sobremesa,Panqueca de Prestígio 150g,1.0,OLEO DE COCO copra 200ml,15.0,ABA_RECEITA
tradsalgados,Filé de frango parmegiana com arroz branco e batata 350g,1.0,ARROZ BRANCO,50.0,ABA_RECEITA
tradsalgados,Filé de frango parmegiana com arroz branco e batata 350g,1.0,AZEITE DE OLIVA 500ml,20.0,ABA_RECEITA
tradsalgados,Filé de frango parmegiana com arroz branco e batata 350g,1.0,BATATA INGLESA,60.0,ABA_RECEITA
tradsalgados,Filé de frango parmegiana com arroz branco e batata 350g,1.0,PEITO DE FRANGO SEM OSSO E SEM PELE,120.0,ABA_RECEITA
tradsalgados,Filé de frango parmegiana com arroz branco e batata 350g,1.0,QUEIJO MUSSARELA pedaço,50.0,ABA_RECEITA
tradsalgados,Filé de frango parmegiana com arroz branco e batata 350g,1.0,SAL,20.0,ABA_RECEITA
tradsalgados,Filé de frango parmegiana com arroz branco e batata 350g,1.0,TEMPERO A GOSTO,40.0,ABA_RECEITA
traddoces,Bolo Coucha Felputada 2.200g,1.0,OVOS,485.0,ABA_RECEITA
traddoces,Bolo Coucha Felputada 2.200g,1.0,FARINHA DE TRIGO BRANCA,600.0,ABA_RECEITA
traddoces,Bolo Coucha Felputada 2.200g,1.0,AÇUCAR CRISTAL 5KG,700.0,ABA_RECEITA
traddoces,Bolo Coucha Felputada 2.200g,1.0,ESSÊNCIA PARA BOLO,5.0,ABA_RECEITA
traddoces,Bolo Coucha Felputada 2.200g,1.0,FERMENTO EM PÓ ROYAL,15.0,ABA_RECEITA
traddoces,Bolo Coucha Felputada 2.200g,1.0,Emulsificante 200g,30.0,ABA_RECEITA
traddoces,Bolo Coucha Felputada 2.200g,1.0,AGUA FILTRADA 20l,750.0,ABA_RECEITA
traddoces,Bolo Coucha Felputada 2.200g,1.0,Prato de bolo nº 7,1.0,ABA_RECEITA
traddoces,Bolo Coucha Felputada 2.200g,1.0,CÔCO RALADO SEM  AÇUCAR GRANEL,150.0,ABA_RECEITA
Personalizada,Personalizada - composi??o complementar,1.0,Couve flor ao molho branco gratinada com queijo 200g,19.0,ABA_COMPLEMENTAR
Personalizada,Personalizada - composi??o complementar,1.0,Picanha Suína e espaguete de abobrinha 250g,33.0,ABA_COMPLEMENTAR
Personalizada,Personalizada - composi??o complementar,1.0,Lasanha de Abobrinha 350g,47.0,ABA_COMPLEMENTAR
Personalizada,Personalizada - composi??o complementar,1.0,Lasanha de Beringela 350g,61.0,ABA_COMPLEMENTAR
Personalizada,Personalizada - composi??o complementar,1.0,"Purê de mandioquinha, carne moída e legume salteados na manteiga 360g I",75.0,ABA_COMPLEMENTAR
Personalizada,Personalizada - composi??o complementar,1.0,"Purê de mandioquinha, carne moída e legume salteados na manteiga 230g II",89.0,ABA_COMPLEMENTAR
Personalizada,Personalizada - composi??o complementar,1.0,"Purê de mandioquinha, carne moída e legume salteados na manteiga 260g III",103.0,ABA_COMPLEMENTAR
Personalizada,Personalizada - composi??o complementar,1.0,"Almôndegas de frango, quinoa e creme de milho e vagem 320g I",117.0,ABA_COMPLEMENTAR
Personalizada,Personalizada - composi??o complementar,1.0,"Almôndegas de frango, quinoa e creme de milho e vagem 180g II",131.0,ABA_COMPLEMENTAR
Personalizada,Personalizada - composi??o complementar,1.0,Escondidinho de Batata Doce com Frango e molho branco de inhame 240g I,145.0,ABA_COMPLEMENTAR
Personalizada,Personalizada - composi??o complementar,1.0,Escondidinho de Batata Doce com Frango e molho branco de inhame 180g II,159.0,ABA_COMPLEMENTAR
Personalizada,Personalizada - composi??o complementar,1.0,Escondidinho de Batata Doce com Frango e molho branco de inhame 240g III,173.0,ABA_COMPLEMENTAR
Personalizada,Personalizada - composi??o complementar,1.0,Pernil c/ mandioca acompanhado de repolho c/ gergelim preto 320g I,187.0,ABA_COMPLEMENTAR
Personalizada,Personalizada - composi??o complementar,1.0,Pernil c/ mandioca acompanhado de repolho c/ gergelim preto 230g II,201.0,ABA_COMPLEMENTAR
Personalizada,Personalizada - composi??o complementar,1.0,Sobrecoxa assada com de creme de milho e pure de abóbora 240g I,215.0,ABA_COMPLEMENTAR
Personalizada,Personalizada - composi??o complementar,1.0,Sobrecoxa assada com de creme de milho e pure de abóbora 180g II,229.0,ABA_COMPLEMENTAR
Personalizada,Personalizada - composi??o complementar,1.0,Escondidinho de abobora recheado com frango 240g I,243.0,ABA_COMPLEMENTAR
Personalizada,Personalizada - composi??o complementar,1.0,Escondidinho de abobora recheado com frango 180g II,257.0,ABA_COMPLEMENTAR
Personalizada,Personalizada - composi??o complementar,1.0,Carne de panela acompanhada de purê de abóbora e brócolis no vapor 340g I,271.0,ABA_COMPLEMENTAR
Personalizada,Personalizada - composi??o complementar,1.0,Carne de panela acompanhada de purê de abóbora e brócolis no vapor 230g II,285.0,ABA_COMPLEMENTAR
Personalizada,Personalizada - composi??o complementar,1.0,Ragu de carne acompanhado com purê de abóbora 240g I,299.0,ABA_COMPLEMENTAR
Personalizada,Personalizada - composi??o complementar,1.0,Ragu de carne acompanhado com purê de abóbora 180g II,313.0,ABA_COMPLEMENTAR
Personalizada,Personalizada - composi??o complementar,1.0,Ragu de carne acompanhado com purê de abóbora 240g III,327.0,ABA_COMPLEMENTAR
Personalizada,Personalizada - composi??o complementar,1.0,Fricassê de Frango 250g,341.0,ABA_COMPLEMENTAR
Combos,Combo Equilíbrio I (07unds/250g),1.0,Pernil c/ mandioca acompanhado de repolho c/ gergelim preto 250g,250.0,MontagemdosCombosEquilíbrio250
Combos,Combo Equilíbrio I (07unds/250g),1.0,"Carne Moida acompanhada de arroz, Brócolis e feijão de Caldo 250g",250.0,MontagemdosCombosEquilíbrio250
Combos,Combo Equilíbrio I (07unds/250g),1.0,Escondidinho de purê misto de batata doce e cenoura recheado com frango 250g,250.0,MontagemdosCombosEquilíbrio250
Combos,Combo Equilíbrio I (07unds/250g),1.0,Feijoada Fit acompanhada de arroz integral e couve refogada 250g,250.0,MontagemdosCombosEquilíbrio250
Combos,Combo Equilíbrio I (07unds/250g),1.0,Frango Xadrez com Arroz branco 250g,250.0,MontagemdosCombosEquilíbrio250
Combos,Combo Equilíbrio I (07unds/250g),1.0,Galinhada Fit acompanhada de brócolis 250g,250.0,MontagemdosCombosEquilíbrio250
Combos,Combo Equilíbrio I (07unds/250g),1.0,Macarrão Integral ao molho Parisiense com Bacon Saudável 250g,250.0,MontagemdosCombosEquilíbrio250
Combos,Combo Equilíbrio II (07unds/250g),1.0,Pernil c/ mandioca acompanhado de repolho c/ gergelim preto 250g,250.0,MontagemdosCombosEquilíbrio250
Combos,Combo Equilíbrio II (07unds/250g),1.0,"Pernil desfiado com legumes, arroz com açafrão e feijão 250g",250.0,MontagemdosCombosEquilíbrio250
Combos,Combo Equilíbrio II (07unds/250g),1.0,Ragu de carne acompanhado com purê de abóbora 250g,250.0,MontagemdosCombosEquilíbrio250
Combos,Combo Equilíbrio II (07unds/250g),1.0,"Strogonoff de carne com biomassa de banana verde,arroz à grega,brócolis 250g",250.0,MontagemdosCombosEquilíbrio250
Combos,Combo Equilíbrio II (07unds/250g),1.0,"Strogonoff de Frango com biomassa de banana verde, arroz à grega e brócolis 250g",250.0,MontagemdosCombosEquilíbrio250
Combos,Combo Equilíbrio II (07unds/250g),1.0,Sobrecoxa assada com de creme de milho 250g,250.0,MontagemdosCombosEquilíbrio250
Combos,Combo Equilíbrio II (07unds/250g),1.0,"Almôndegas de frango, quinoa e creme de milho e vagem 250g",250.0,MontagemdosCombosEquilíbrio250
Combos,Combo Equilíbrio III (07unds/250g),1.0,"Berinjela com carne moida na cama de legumes, arroz branco e linhaça 250g",250.0,MontagemdosCombosEquilíbrio250
Combos,Combo Equilíbrio III (07unds/250g),1.0,"Carne Moida acompanhada de arroz, Brócolis e feijão de Caldo 250g",250.0,MontagemdosCombosEquilíbrio250
Combos,Combo Equilíbrio III (07unds/250g),1.0,Feijoada Fit acompanhada de arroz integral e couve refogada 250g,250.0,MontagemdosCombosEquilíbrio250
Combos,Combo Equilíbrio III (07unds/250g),1.0,Frango Xadrez com Arroz branco 250g,250.0,MontagemdosCombosEquilíbrio250
Combos,Combo Equilíbrio III (07unds/250g),1.0,"Pernil desfiado com legumes, arroz com açafrão e feijão 250g",250.0,MontagemdosCombosEquilíbrio250
Combos,Combo Equilíbrio III (07unds/250g),1.0,Ragu de carne acompanhado com purê de abóbora 250g,250.0,MontagemdosCombosEquilíbrio250
Combos,Combo Equilíbrio III (07unds/250g),1.0,Sobrecoxa assada com de creme de milho 250g,250.0,MontagemdosCombosEquilíbrio250
Combos,Combo Equilíbrio I (07unds/350g),2.0,Pernil c/ mandioca acompanhado de repolho c/ gergelim preto 350g,350.0,MontagemdosCombosEquilíbrio350
Combos,Combo Equilíbrio I (07unds/350g),2.0,"Carne Moida acompanhada de arroz, Brócolis e feijão de Caldo 350g",350.0,MontagemdosCombosEquilíbrio350
Combos,Combo Equilíbrio I (07unds/350g),2.0,Escondidinho de purê misto de batata doce e cenoura recheado com frango 350g,350.0,MontagemdosCombosEquilíbrio350
Combos,Combo Equilíbrio I (07unds/350g),2.0,Feijoada Fit acompanhada de arroz integral e couve refogada 350g,350.0,MontagemdosCombosEquilíbrio350
Combos,Combo Equilíbrio I (07unds/350g),2.0,Frango Xadrez com Arroz branco 350g,350.0,MontagemdosCombosEquilíbrio350
Combos,Combo Equilíbrio I (07unds/350g),2.0,Galinhada Fit acompanhada de brócolis 350g,350.0,MontagemdosCombosEquilíbrio350
Combos,Combo Equilíbrio I (07unds/350g),2.0,Macarrão Integral ao molho Parisiense com Bacon Saudável 350g,350.0,MontagemdosCombosEquilíbrio350
Combos,Combo Equilíbrio II (07unds/350g),1.0,Pernil c/ mandioca acompanhado de repolho c/ gergelim preto 350g,350.0,MontagemdosCombosEquilíbrio350
Combos,Combo Equilíbrio II (07unds/350g),1.0,"Pernil desfiado com legumes, arroz com açafrão e feijão 350g",350.0,MontagemdosCombosEquilíbrio350
Combos,Combo Equilíbrio II (07unds/350g),1.0,Ragu de carne acompanhado com purê de abóbora 350g,350.0,MontagemdosCombosEquilíbrio350
Combos,Combo Equilíbrio II (07unds/350g),1.0,"Strogonoff de carne com biomassa de banana verde,arroz à grega e brócolis 350g",350.0,MontagemdosCombosEquilíbrio350
Combos,Combo Equilíbrio II (07unds/350g),1.0,"Strogonoff de Frango com biomassa de banana verde, arroz à grega,brócolis 350g",350.0,MontagemdosCombosEquilíbrio350
Combos,Combo Equilíbrio II (07unds/350g),1.0,Sobrecoxa assada com de creme de milho 350g,350.0,MontagemdosCombosEquilíbrio350
Combos,Combo Equilíbrio II (07unds/350g),1.0,"Almôndegas de frango, quinoa e creme de milho e vagem 350g",350.0,MontagemdosCombosEquilíbrio350
Combos,Combo Equilíbrio III (07unds/350g),1.0,"Berinjela com carne moida na cama de legumes, arroz branco e linhaça 350g",350.0,MontagemdosCombosEquilíbrio350
Combos,Combo Equilíbrio III (07unds/350g),1.0,"Almondega verde de frango, brócolis, arroz com legumes e chia 350g",350.0,MontagemdosCombosEquilíbrio350
Combos,Combo Equilíbrio III (07unds/350g),1.0,Strogonoff fit arroz a grega e brócolis 350g,350.0,MontagemdosCombosEquilíbrio350
Combos,Combo Equilíbrio III (07unds/350g),1.0,Ragu de carne acompanhado com purê de abóbora 350g,350.0,MontagemdosCombosEquilíbrio350
Combos,Combo Equilíbrio III (07unds/350g),1.0,Pernil c/ mandioca acompanhado de repolho c/ gergelim preto 350g,350.0,MontagemdosCombosEquilíbrio350
Combos,Combo Equilíbrio III (07unds/350g),1.0,Frango Xadrez com Arroz branco 350g,350.0,MontagemdosCombosEquilíbrio350
Combos,Combo Equilíbrio III (07unds/350g),1.0,Feijoada Fit acompanhada de arroz integral e couve refogada 350g,350.0,MontagemdosCombosEquilíbrio350
Combos,Combo Low Carb I (7unds/250g),1.0,Almôndegas de frango acompanhada de purê de cenoura c/vagem  250g,250.0,MontagemdosCombosLowcarb250
Combos,Combo Low Carb I (7unds/250g),1.0,Carne de panela acompanhada de purê de abóbora e brócolis no vapor 250g,250.0,MontagemdosCombosLowcarb250
Combos,Combo Low Carb I (7unds/250g),1.0,Couve flor ao molho branco gratinada com queijo 250g,250.0,MontagemdosCombosLowcarb250
Combos,Combo Low Carb I (7unds/250g),1.0,Lasanha de Abobrinha 250g,250.0,MontagemdosCombosLowcarb250
Combos,Combo Low Carb I (7unds/250g),1.0,Moqueca de Peixe 250g,250.0,MontagemdosCombosLowcarb250
Combos,Combo Low Carb I (7unds/250g),1.0,"Purê de mandioca, carne moída e legume salteados na manteiga 250G",250.0,MontagemdosCombosLowcarb250
Combos,Combo Low Carb I (7unds/250g),1.0,Escondidinho de abobora recheado com frango 250g,250.0,MontagemdosCombosLowcarb250
Combos,Combo Low Carb II (7unds/250g),1.0,Fricassê de Frango 250g,250.0,MontagemdosCombosLowcarb250
Combos,Combo Low Carb II (7unds/250g),1.0,Lasanha de Beringela 250g,250.0,MontagemdosCombosLowcarb250
Combos,Combo Low Carb II (7unds/250g),1.0,Fricasse de frango com arroz e brocolis 250g,250.0,MontagemdosCombosLowcarb250
Combos,Combo Low Carb II (7unds/250g),1.0,Pernil em cubos com arroz integral e cenoura refogada com ervas naturais 250g,250.0,MontagemdosCombosLowcarb250
Combos,Combo Low Carb II (7unds/250g),1.0,"Coxa de frango assada c/ parmesão,creme de cebola,arroz branco e ervas 250g",250.0,MontagemdosCombosLowcarb250
Combos,Combo Low Carb II (7unds/250g),1.0,Espaguete de abobrinha Low Carb 250g,250.0,MontagemdosCombosLowcarb250
Combos,Combo Low Carb II (7unds/250g),1.0,Muffin salgado 25g,25.0,MontagemdosCombosLowcarb250
Combos,Combo Low Carb III (7unds/250g),1.0,Espaguete de abobrinha Low Carb 250g,250.0,MontagemdosCombosLowcarb250
Combos,Combo Low Carb III (7unds/250g),1.0,Pernil em cubos com arroz integral e cenoura refogada com ervas naturais 250g,250.0,MontagemdosCombosLowcarb250
Combos,Combo Low Carb III (7unds/250g),1.0,Fricassê de Frango 250g,250.0,MontagemdosCombosLowcarb250
Combos,Combo Low Carb III (7unds/250g),1.0,Couve flor ao molho branco gratinada com queijo 250g,250.0,MontagemdosCombosLowcarb250
Combos,Combo Low Carb III (7unds/250g),1.0,Carne de panela acompanhada de purê de abóbora e brócolis no vapor 250g,250.0,MontagemdosCombosLowcarb250
Combos,Combo Low Carb III (7unds/250g),1.0,"Purê de mandioca, carne moída e legume salteados na manteiga 250G",250.0,MontagemdosCombosLowcarb250
Combos,Combo Low Carb III (7unds/250g),1.0,Moqueca de Peixe 250g,250.0,MontagemdosCombosLowcarb250
Combos,Combo Low Carb I (7unds/350g),1.0,Almôndegas de frango acompanhada de purê de cenoura c/vagem 350g,350.0,MontagemdosCombosLowcarb350
Combos,Combo Low Carb I (7unds/350g),1.0,Carne de panela acompanhada de purê de abóbora e brócolis no vapor 350g,350.0,MontagemdosCombosLowcarb350
Combos,Combo Low Carb I (7unds/350g),1.0,Couve flor ao molho branco gratinada com queijo 350g,350.0,MontagemdosCombosLowcarb350
Combos,Combo Low Carb I (7unds/350g),1.0,Fricassê de Frango 350g,350.0,MontagemdosCombosLowcarb350
Combos,Combo Low Carb I (7unds/350g),1.0,Lasanha de Abobrinha 350g,350.0,MontagemdosCombosLowcarb350
Combos,Combo Low Carb I (7unds/350g),1.0,"Purê de mandioca, carne moída e legume salteados na manteiga 350G",350.0,MontagemdosCombosLowcarb350
Combos,Combo Low Carb I (7unds/350g),1.0,Escondidinho de abobora recheado com frango 350g,350.0,MontagemdosCombosLowcarb350
Combos,Combo Low Carb II (7unds/350g),1.0,Fricasse de frango com arroz e brocolis 350g,350.0,MontagemdosCombosLowcarb350
Combos,Combo Low Carb II (7unds/350g),1.0,Pernil em cubos com arroz integral e cenoura refogada com ervas naturais 350g,350.0,MontagemdosCombosLowcarb350
Combos,Combo Low Carb II (7unds/350g),1.0,"Coxa de frango assada c/ parmesão,creme de cebola,arroz branco e ervas 350g",350.0,MontagemdosCombosLowcarb350
Combos,Combo Low Carb II (7unds/350g),1.0,Espaguete de abobrinha Low Carb 350g,350.0,MontagemdosCombosLowcarb350
Combos,Combo Low Carb II (7unds/350g),1.0,Muffin salgado low carb 350g,350.0,MontagemdosCombosLowcarb350
Combos,Combo Low Carb II (7unds/350g),1.0,Moqueca de Peixe 350g,350.0,MontagemdosCombosLowcarb350
Combos,Combo Low Carb II (7unds/350g),1.0,Lasanha de Beringela 350g,350.0,MontagemdosCombosLowcarb350
Combos,Combo Low Carb III (7unds/350g),1.0,Muffin salgado low carb 350g,350.0,MontagemdosCombosLowcarb350
Combos,Combo Low Carb III (7unds/350g),1.0,Espaguete de abobrinha Low Carb 350g,350.0,MontagemdosCombosLowcarb350
Combos,Combo Low Carb III (7unds/350g),1.0,Moqueca de Peixe 350g,350.0,MontagemdosCombosLowcarb350
Combos,Combo Low Carb III (7unds/350g),1.0,Lasanha de Abobrinha 350g,350.0,MontagemdosCombosLowcarb350
Combos,Combo Low Carb III (7unds/350g),1.0,Pernil em cubos com arroz integral e cenoura refogada com ervas naturais 350g,350.0,MontagemdosCombosLowcarb350
Combos,Combo Low Carb III (7unds/350g),1.0,Fricassê de Frango 350g,350.0,MontagemdosCombosLowcarb350
Combos,Combo Low Carb III (7unds/350g),1.0,Escondidinho de abobora recheado com frango 350g,350.0,MontagemdosCombosLowcarb350
Combos,Combo Prato Personalizado I (07unds/250g),1.0,"Almondegas verde de frango,abobrinha,lascas abóbora grel., pimenta, linhaça 250g",250.0,MontagemdosCombosdietadetox250
Combos,Combo Prato Personalizado I (07unds/250g),1.0,"Berinjela recheada de carne, espinafre, tomate cereja,aspargos e amendoas 250g",250.0,MontagemdosCombosdietadetox250
Combos,Combo Prato Personalizado I (07unds/250g),1.0,"Filé de frango, vagem, tomate cereja, lascas de abóbora e linhaça 250g",250.0,MontagemdosCombosdietadetox250
Combos,Combo Prato Personalizado I (07unds/250g),1.0,"Filé de Tilapia, abobrinha, lasca de abóbora, pimenta biquinho e nozes 250g",250.0,MontagemdosCombosdietadetox250
Combos,Combo Prato Personalizado I (07unds/250g),1.0,"Filé mignon suino, pure de abóbora, brócolis, pimenta biquinho e chia 250g",250.0,MontagemdosCombosdietadetox250
Combos,Combo Prato Personalizado I (07unds/250g),1.0,"Frango desfiado, pure de abóbora, brócolis, tomate cereja  e chia 250g",250.0,MontagemdosCombosdietadetox250
Combos,Combo Prato Personalizado I (07unds/250g),1.0,"Frango xadrez,brócolis,tomate cereja,pimentão,cebola,semente de girassol 250g",250.0,MontagemdosCombosdietadetox250
Combos,Combo Prato Personalizado II (7unds/250g),1.0,Almondegas de carne ao alho poró tomate cereja e chia 250g,250.0,MontagemdosCombosdietadetox250
Combos,Combo Prato Personalizado II (7unds/250g),1.0,"Berinjela de carne moida brocolis, tomate cereja e amendoas 250g",250.0,MontagemdosCombosdietadetox250
Combos,Combo Prato Personalizado II (7unds/250g),1.0,Caldo de frango desfiado com ervilha e nozes 250g,250.0,MontagemdosCombosdietadetox250
Combos,Combo Prato Personalizado II (7unds/250g),1.0,"Carne moida , vagem, tomate cereja e semente de girassol 250g",250.0,MontagemdosCombosdietadetox250
Combos,Combo Prato Personalizado II (7unds/250g),1.0,"Escondidinho de frango,purê de abobrinha,aspargo,tomate,semente de girassol 250g",250.0,MontagemdosCombosdietadetox250
Combos,Combo Prato Personalizado II (7unds/250g),1.0,"Filé de frango, brócolis, vagem, tomate cereja e chia 250g",250.0,MontagemdosCombosdietadetox250
Combos,Combo Prato Personalizado II (7unds/250g),1.0,"Filé de merluza com pure de couve flor, tomate cereja e nozes 250g",250.0,MontagemdosCombosdietadetox250
Combos,Combo Vegetariana I (7unds/250g),1.0,Arroz com brócolis e amêndoas 250g,250.0,MontagemdosCombosVegetariana250
Combos,Combo Vegetariana I (7unds/250g),1.0,Arroz de Forno com Cenoura e Ervilha 250g,250.0,MontagemdosCombosVegetariana250
Combos,Combo Vegetariana I (7unds/250g),1.0,Caçarola de Abobrinha com Carne Moída 250g,250.0,MontagemdosCombosVegetariana250
Combos,Combo Vegetariana I (7unds/250g),1.0,Curry de Frango Vegetal 250g,250.0,MontagemdosCombosVegetariana250
Combos,Combo Vegetariana I (7unds/250g),1.0,Escondidinho de Frango Vegetal com Purê de Mandioca 250g,250.0,MontagemdosCombosVegetariana250
Combos,Combo Vegetariana I (7unds/250g),1.0,Nhoque de Abóbora com Molho de Carne Moída e Creme com Sálvia 250g,250.0,MontagemdosCombosVegetariana250
Combos,Combo Vegetariana I (7unds/250g),1.0,Panqueca de legumes 250g,250.0,MontagemdosCombosVegetariana250
Combos,Combo Vegetariana II (7unds/250g),1.0,Arroz com Tofu e Legumes 250g,250.0,MontagemdosCombosVegetariana250
Combos,Combo Vegetariana II (7unds/250g),1.0,Arroz de Forno Cremoso com Espinafre 250g,250.0,MontagemdosCombosVegetariana250
Combos,Combo Vegetariana II (7unds/250g),1.0,Couscous de couve flor 250g,250.0,MontagemdosCombosVegetariana250
Combos,Combo Vegetariana II (7unds/250g),1.0,Ensopado de Lentilha com Curry e Maçã 250g,250.0,MontagemdosCombosVegetariana250
Combos,Combo Vegetariana II (7unds/250g),1.0,Frango Vegetal Xadrez 250g,250.0,MontagemdosCombosVegetariana250
Combos,Combo Vegetariana II (7unds/250g),1.0,Nhoque de Arroz Recheado 250g,250.0,MontagemdosCombosVegetariana250
Combos,Combo Vegetariana II (7unds/250g),1.0,Risoto de ervilhas e cogumelos 250g,250.0,MontagemdosCombosVegetariana250
Combos,Combo Vegetariana III (7unds/250g),1.0,Parmegiana de hambúrguer Vegetal 250g,250.0,MontagemdosCombosVegetariana250
Combos,Combo Vegetariana III (7unds/250g),1.0,Risoto de ervilhas e cogumelos 250g,250.0,MontagemdosCombosVegetariana250
Combos,Combo Vegetariana III (7unds/250g),1.0,Panqueca de legumes 250g,250.0,MontagemdosCombosVegetariana250
Combos,Combo Vegetariana III (7unds/250g),1.0,Nhoque de Abóbora com Molho de Carne Moída e Creme com Sálvia 250g,250.0,MontagemdosCombosVegetariana250
Combos,Combo Vegetariana III (7unds/250g),1.0,Escondidinho de Frango Vegetal com Purê de Mandioca 250g,250.0,MontagemdosCombosVegetariana250
Combos,Combo Vegetariana III (7unds/250g),1.0,Curry de Frango Vegetal 250g,250.0,MontagemdosCombosVegetariana250
Combos,Combo Vegetariana III (7unds/250g),1.0,Couscous de couve flor 250g,250.0,MontagemdosCombosVegetariana250
Combos,Combo Vegetariana I (7unds/350g),1.0,Arroz com brócolis e amêndoas 350g,350.0,MontagemdosCombosVegetariana350
Combos,Combo Vegetariana I (7unds/350g),1.0,Arroz de Forno com Cenoura e Ervilha 350g,350.0,MontagemdosCombosVegetariana350
Combos,Combo Vegetariana I (7unds/350g),1.0,Caçarola de Abobrinha com Carne Moída 350g,350.0,MontagemdosCombosVegetariana350
Combos,Combo Vegetariana I (7unds/350g),1.0,Curry de Frango Vegetal 350g,350.0,MontagemdosCombosVegetariana350
Combos,Combo Vegetariana I (7unds/350g),1.0,Escondidinho de Frango Vegetal com Purê de Mandioca 350g,350.0,MontagemdosCombosVegetariana350
Combos,Combo Vegetariana I (7unds/350g),1.0,Nhoque de Abóbora com Molho de Carne Moída e Creme com Sálvia 350g,350.0,MontagemdosCombosVegetariana350
Combos,Combo Vegetariana I (7unds/350g),1.0,Panqueca de legumes 350g,350.0,MontagemdosCombosVegetariana350
Combos,Combo Vegetariana II (7unds/350g),1.0,Arroz com Tofu e Legumes 350g,350.0,MontagemdosCombosVegetariana350
Combos,Combo Vegetariana II (7unds/350g),1.0,Arroz de Forno com Cenoura e Ervilha 350g,350.0,MontagemdosCombosVegetariana350
Combos,Combo Vegetariana II (7unds/350g),1.0,Couscous de couve flor 350g,350.0,MontagemdosCombosVegetariana350
Combos,Combo Vegetariana II (7unds/350g),1.0,Ensopado de Lentilha com Curry e Maçã 350g,350.0,MontagemdosCombosVegetariana350
Combos,Combo Vegetariana II (7unds/350g),1.0,Frango Vegetal Xadrez 350g,350.0,MontagemdosCombosVegetariana350
Combos,Combo Vegetariana II (7unds/350g),1.0,Nhoque de Arroz Recheado 350g,350.0,MontagemdosCombosVegetariana350
Combos,Combo Vegetariana II (7unds/350g),1.0,Risoto de ervilhas e cogumelos 350g,350.0,MontagemdosCombosVegetariana350
Combos,Combo Vegetariana III (7unds/350g),1.0,Arroz de Forno com Cenoura e Ervilha 350g,350.0,MontagemdosCombosVegetariana350
Combos,Combo Vegetariana III (7unds/350g),1.0,Couscous de couve flor 350g,350.0,MontagemdosCombosVegetariana350
Combos,Combo Vegetariana III (7unds/350g),1.0,Escondidinho de Frango Vegetal com Purê de Mandioca 350g,350.0,MontagemdosCombosVegetariana350
Combos,Combo Vegetariana III (7unds/350g),1.0,Nhoque de Arroz Recheado 350g,350.0,MontagemdosCombosVegetariana350
Combos,Combo Vegetariana III (7unds/350g),1.0,Parmegiana de hambúrguer Vegetal 350g,350.0,MontagemdosCombosVegetariana350
Combos,Combo Vegetariana III (7unds/350g),1.0,Arroz com brócolis e amêndoas 350g,350.0,MontagemdosCombosVegetariana350
Combos,Combo Vegetariana III (7unds/350g),1.0,Arroz de Forno Cremoso com Espinafre 350g,350.0,MontagemdosCombosVegetariana350
Combos,Combo Vegana I (7unds/250g),1.0,Arroz com proteina de soja ao molho e seleta 250g,250.0,MontagemdosCombosVegana250
Combos,Combo Vegana I (7unds/250g),1.0,Grão de Bico com arroz e Seleta 250g,250.0,MontagemdosCombosVegana250
Combos,Combo Vegana I (7unds/250g),1.0,Chili sem carne com abóbora assada 250g,250.0,MontagemdosCombosVegana250
Combos,Combo Vegana I (7unds/250g),1.0,Curry super cremoso de grão-de-bico e couve-flor 250g,250.0,MontagemdosCombosVegana250
Combos,Combo Vegana I (7unds/250g),1.0,ESPAGUETE COM ABOBRINHA E BOLONHESA DE SOJA E BERINJELA 250g,250.0,MontagemdosCombosVegana250
Combos,Combo Vegana I (7unds/250g),1.0,Macarrão ao molho cremoso de grão-de-bico e pimentão vermelho 250g,250.0,MontagemdosCombosVegana250
Combos,Combo Vegana I (7unds/250g),1.0,REFOGADO DE LENTILHA E ARROZ COM BRÓCOLIS 250g,250.0,MontagemdosCombosVegana250
Combos,Combo Vegana II (7unds/250g),1.0,Arroz com proteina de soja e hortelã e purê de abobora Cabotiá com batata 250g,250.0,MontagemdosCombosVegana250
Combos,Combo Vegana II (7unds/250g),1.0,Arroz frito de couve-flor com lascas de coco 250g,250.0,MontagemdosCombosVegana250
Combos,Combo Vegana II (7unds/250g),1.0,Chilli sem carne e arroz com brócolis 250g,250.0,MontagemdosCombosVegana250
Combos,Combo Vegana II (7unds/250g),1.0,DAHL DE LENTILHAS MARRONS COM ARROZ 250g,250.0,MontagemdosCombosVegana250
Combos,Combo Vegana II (7unds/250g),1.0,Lasanha de beringela com molho bolonhesa de quinoa 250g,250.0,MontagemdosCombosVegana250
Combos,Combo Vegana II (7unds/250g),1.0,Macarrão com molho bolonhesa de grão-de-bico 250g,250.0,MontagemdosCombosVegana250
Combos,Combo Vegana II (7unds/250g),1.0,Risoto vegano de brócolis super cremoso sem manteiga e sem queijo 250g,250.0,MontagemdosCombosVegana250
Combos,Combo Vegana III (7unds/250g),1.0,Grão de Bico com arroz e Seleta 250g,250.0,MontagemdosCombosVegana250
Combos,Combo Vegana III (7unds/250g),1.0,Chili sem carne com abóbora assada 250g,250.0,MontagemdosCombosVegana250
Combos,Combo Vegana III (7unds/250g),1.0,Curry super cremoso de grão-de-bico e couve-flor 250g,250.0,MontagemdosCombosVegana250
Combos,Combo Vegana III (7unds/250g),1.0,ESPAGUETE COM ABOBRINHA E BOLONHESA DE SOJA E BERINJELA 250g,250.0,MontagemdosCombosVegana250
Combos,Combo Vegana III (7unds/250g),1.0,Macarrão ao molho cremoso de grão-de-bico e pimentão vermelho 250g,250.0,MontagemdosCombosVegana250
Combos,Combo Vegana III (7unds/250g),1.0,REFOGADO DE LENTILHA E ARROZ COM BRÓCOLIS 250g,250.0,MontagemdosCombosVegana250
Combos,Combo Vegana III (7unds/250g),1.0,Salada de arroz integral estilo Thai 250g,250.0,MontagemdosCombosVegana250
Combos,Combo Vegana I (7unds/350g),1.0,Arroz com proteina de soja ao molho e seleta 350g,350.0,MontagemdosCombosVegana350
Combos,Combo Vegana I (7unds/350g),1.0,Grão de Bico com arroz e Seleta 350g,350.0,MontagemdosCombosVegana350
Combos,Combo Vegana I (7unds/350g),1.0,Chili sem carne com abóbora assada 350g,350.0,MontagemdosCombosVegana350
Combos,Combo Vegana I (7unds/350g),1.0,Curry super cremoso de grão-de-bico e couve-flor 350g,350.0,MontagemdosCombosVegana350
Combos,Combo Vegana I (7unds/350g),1.0,ESPAGUETE COM ABOBRINHA E BOLONHESA DE SOJA E BERINJELA 350g,350.0,MontagemdosCombosVegana350
Combos,Combo Vegana I (7unds/350g),1.0,REFOGADO DE LENTILHA E ARROZ COM BRÓCOLIS 350g,350.0,MontagemdosCombosVegana350
Combos,Combo Vegana I (7unds/350g),1.0,Salada de arroz integral estilo Thai 350g,350.0,MontagemdosCombosVegana350
Combos,Combo Vegana II (7unds/350g),1.0,Arroz com proteina de soja e hortelã e purê de abobora Cabotiá com batata 350g,350.0,MontagemdosCombosVegana350
Combos,Combo Vegana II (7unds/350g),1.0,Arroz frito de couve-flor com lascas de coco 350g,350.0,MontagemdosCombosVegana350
Combos,Combo Vegana II (7unds/350g),1.0,Chilli sem carne e arroz com brócolis 350g,350.0,MontagemdosCombosVegana350
Combos,Combo Vegana II (7unds/350g),1.0,DAHL DE LENTILHAS MARRONS COM ARROZ 350g,350.0,MontagemdosCombosVegana350
Combos,Combo Vegana II (7unds/350g),1.0,Lasanha de beringela com molho bolonhesa de quinoa 350g,350.0,MontagemdosCombosVegana350
Combos,Combo Vegana II (7unds/350g),1.0,Macarrão com molho bolonhesa de grão-de-bico 350g,350.0,MontagemdosCombosVegana350
Combos,Combo Vegana II (7unds/350g),1.0,Risoto vegano de brócolis super cremoso sem manteiga e sem queijo 350g,350.0,MontagemdosCombosVegana350
Combos,Combo Vegana III (7unds/350g),1.0,Grão de Bico com arroz e Seleta 350g,350.0,MontagemdosCombosVegana350
Combos,Combo Vegana III (7unds/350g),1.0,Chilli sem carne e arroz com brócolis 350g,350.0,MontagemdosCombosVegana350
Combos,Combo Vegana III (7unds/350g),1.0,ESPAGUETE COM ABOBRINHA E BOLONHESA DE SOJA E BERINJELA 350g,350.0,MontagemdosCombosVegana350
Combos,Combo Vegana III (7unds/350g),1.0,Macarrão com molho bolonhesa de grão-de-bico 350g,350.0,MontagemdosCombosVegana350
Combos,Combo Vegana III (7unds/350g),1.0,Salada de arroz integral estilo Thai 350g,350.0,MontagemdosCombosVegana350
Combos,Combo Vegana III (7unds/350g),1.0,Stir Fry de tofu e arroz 350g,350.0,MontagemdosCombosVegana350
Combos,Combo Vegana III (7unds/350g),1.0,Arroz com proteina de soja ao molho e seleta 350g,350.0,MontagemdosCombosVegana350
Combos,Combo Premium I (7unds/250g),1.0,Arroz com brócolis e Camarão,1.0,MontagemdosCombosPremium250
Combos,Combo Premium I (7unds/250g),1.0,Maminha com farofa de couve 250g,250.0,MontagemdosCombosPremium250
Combos,Combo Premium I (7unds/250g),1.0,Pintado com farofa e Purê de Cabotiá 250g,250.0,MontagemdosCombosPremium250
Combos,Combo Premium I (7unds/250g),1.0,Peito de frango ao molho de Cogumelos 250g,250.0,MontagemdosCombosPremium250
Combos,Combo Premium I (7unds/250g),1.0,Penne à matriciana 250g,250.0,MontagemdosCombosPremium250
Combos,Combo Premium I (7unds/250g),1.0,Mjadra Simples 250g,250.0,MontagemdosCombosPremium250
Combos,Combo Premium I (7unds/250g),1.0,Galinhada com Arroz Basmati 250g,250.0,MontagemdosCombosPremium250
Combos,Combo Premium II (7unds/250g),1.0,Picanha Suína e espaguete de abobrinha 250g,250.0,MontagemdosCombosPremium250
Combos,Combo Premium II (7unds/250g),1.0,Filé mignon suíno com molho de laranja e mel 250g,250.0,MontagemdosCombosPremium250
Combos,Combo Premium II (7unds/250g),1.0,Tilapia ao molho de requeijao Light 250g,250.0,MontagemdosCombosPremium250
Combos,Combo Premium II (7unds/250g),1.0,Penne com Ragu de maminha 250g,250.0,MontagemdosCombosPremium250
Combos,Combo Premium II (7unds/250g),1.0,Nasi Goreng 250g,250.0,MontagemdosCombosPremium250
Combos,Combo Premium II (7unds/250g),1.0,Risoto de Brie com abóbora Cabotiá e cebola caramelizada no mel 250g,250.0,MontagemdosCombosPremium250
Combos,Combo Premium II (7unds/250g),1.0,Boeuf Bourgugnon Vegano 250g,250.0,MontagemdosCombosPremium250
Combos,Combo Premium III (7unds/250g),1.0,Mjadra Simples 250g,250.0,MontagemdosCombosPremium250
Combos,Combo Premium III (7unds/250g),1.0,Boeuf Bourgugnon Vegano 250g,250.0,MontagemdosCombosPremium250
Combos,Combo Premium III (7unds/250g),1.0,Nasi Goreng 250g,250.0,MontagemdosCombosPremium250
Combos,Combo Premium III (7unds/250g),1.0,Penne à matriciana 250g,250.0,MontagemdosCombosPremium250
Combos,Combo Premium III (7unds/250g),1.0,Pintado com farofa e Purê de Cabotiá 250g,250.0,MontagemdosCombosPremium250
Combos,Combo Premium III (7unds/250g),1.0,Maminha com farofa de couve 250g,250.0,MontagemdosCombosPremium250
Combos,Combo Premium III (7unds/250g),1.0,Picanha Suína e espaguete de abobrinha 250g,250.0,MontagemdosCombosPremium250
Combos,Combo Premium I (7unds/350g),1.0,Arroz com brócolis e Camarão 350g,350.0,MontagemdosCombosPremium350
Combos,Combo Premium I (7unds/350g),1.0,Maminha com farofa de couve 350g,350.0,MontagemdosCombosPremium350
Combos,Combo Premium I (7unds/350g),1.0,Pintado com farofa e Purê de Cabotiá 350g,350.0,MontagemdosCombosPremium350
Combos,Combo Premium I (7unds/350g),1.0,Peito de frango ao molho de Cogumelos 350g,350.0,MontagemdosCombosPremium350
Combos,Combo Premium I (7unds/350g),1.0,Penne à matriciana 350g,350.0,MontagemdosCombosPremium350
Combos,Combo Premium I (7unds/350g),1.0,Mjadra Simples 350g,350.0,MontagemdosCombosPremium350
Combos,Combo Premium I (7unds/350g),1.0,Galinhada com Arroz Basmati 350g,350.0,MontagemdosCombosPremium350
Combos,Combo Premium II (7unds/350g),1.0,Picanha Suína e espaguete de abobrinha 350g,350.0,MontagemdosCombosPremium350
Combos,Combo Premium II (7unds/350g),1.0,Filé mignon suíno com molho de laranja e mel 350g,350.0,MontagemdosCombosPremium350
Combos,Combo Premium II (7unds/350g),1.0,Tilapia ao molho de requeijao Light 350g,350.0,MontagemdosCombosPremium350
Combos,Combo Premium II (7unds/350g),1.0,Penne com Ragu de maminha 350g,350.0,MontagemdosCombosPremium350
Combos,Combo Premium II (7unds/350g),1.0,Nasi Goreng 350g,350.0,MontagemdosCombosPremium350
Combos,Combo Premium II (7unds/350g),1.0,Risoto de Brie com abóbora Cabotiá e cebola caramelizada no mel 350g,350.0,MontagemdosCombosPremium350
Combos,Combo Premium II (7unds/350g),1.0,Boeuf Bourgugnon Vegano 350g,350.0,MontagemdosCombosPremium350
Combos,Combo Premium III (7unds/350g),1.0,Maminha com farofa de couve 350g,350.0,MontagemdosCombosPremium350
Combos,Combo Premium III (7unds/350g),1.0,Pintado com farofa e Purê de Cabotiá 350g,350.0,MontagemdosCombosPremium350
Combos,Combo Premium III (7unds/350g),1.0,Peito de frango ao molho de Cogumelos 350g,350.0,MontagemdosCombosPremium350
Combos,Combo Premium III (7unds/350g),1.0,Penne à matriciana 350g,350.0,MontagemdosCombosPremium350
Combos,Combo Premium III (7unds/350g),1.0,Mjadra Simples 350g,350.0,MontagemdosCombosPremium350
Combos,Combo Premium III (7unds/350g),1.0,Galinhada com Arroz Basmati 350g,350.0,MontagemdosCombosPremium350
Combos,Combo Premium III (7unds/350g),1.0,Arroz com brócolis e Camarão 350g,350.0,MontagemdosCombosPremium350
Combos,Combo Suco Personalizado I (7unds/300ml),1.0,Suco Anti-inchaço 300ml,300.0,MontagemdosCombosDetox300
Combos,Combo Suco Personalizado I (7unds/300ml),1.0,Suco Antioxidante Laranja 300ml,300.0,MontagemdosCombosDetox300
Combos,Combo Suco Personalizado I (7unds/300ml),1.0,Suco Desinchá 300ml,300.0,MontagemdosCombosDetox300
Combos,Combo Suco Personalizado I (7unds/300ml),1.0,Suco Imunidade 300ml,300.0,MontagemdosCombosDetox300
Combos,Combo Suco Personalizado I (7unds/300ml),1.0,Suco Roxo ativo 300ml,300.0,MontagemdosCombosDetox300
Combos,Combo Suco Personalizado I (7unds/300ml),1.0,Suco de Fibras 300ml,300.0,MontagemdosCombosDetox300
Combos,Combo Suco Personalizado I (7unds/300ml),1.0,Vitamina Antioxidante 300ml,300.0,MontagemdosCombosDetox300
Combos,Combo Suco Personalizado II (7unds/300ml),1.0,Suco anti-envelhecimento 300ml,300.0,MontagemdosCombosDetox300
Combos,Combo Suco Personalizado II (7unds/300ml),1.0,Suco suchá 300ml,300.0,MontagemdosCombosDetox300
Combos,Combo Suco Personalizado II (7unds/300ml),1.0,Suco Refrescante 300ml,300.0,MontagemdosCombosDetox300
Combos,Combo Suco Personalizado II (7unds/300ml),1.0,Suco Detox Vermelho 300ml,300.0,MontagemdosCombosDetox300
Combos,Combo Suco Personalizado II (7unds/300ml),1.0,Suco Saudável de Caju com Laranja 300ml,300.0,MontagemdosCombosDetox300
Combos,Combo Suco Personalizado II (7unds/300ml),1.0,Suco Diurético 300ml,300.0,MontagemdosCombosDetox300
Combos,Combo Suco Personalizado II (7unds/300ml),1.0,Suco Revitalizante 300ml,300.0,MontagemdosCombosDetox300
Combos,Combo Suco Personalizado III (7unds/300ml),1.0,Suco Anti-inchaço 300ml,300.0,MontagemdosCombosDetox300
Combos,Combo Suco Personalizado III (7unds/300ml),1.0,Suco anti-envelhecimento 300ml,300.0,MontagemdosCombosDetox300
Combos,Combo Suco Personalizado III (7unds/300ml),1.0,Suco Antioxidante Laranja 300ml,300.0,MontagemdosCombosDetox300
Combos,Combo Suco Personalizado III (7unds/300ml),1.0,Suco suchá 300ml,300.0,MontagemdosCombosDetox300
Combos,Combo Suco Personalizado III (7unds/300ml),1.0,Suco Desinchá 300ml,300.0,MontagemdosCombosDetox300
Combos,Combo Suco Personalizado III (7unds/300ml),1.0,Suco Refrescante 300ml,300.0,MontagemdosCombosDetox300
Combos,Combo Suco Personalizado III (7unds/300ml),1.0,Suco de Fibras 300ml,300.0,MontagemdosCombosDetox300
Combos,Combo Suco Personalizado I (7unds/1000ml),1.0,Suco Anti-inchaço 1000ml,1000.0,MontagemdosCombosDetox1000
Combos,Combo Suco Personalizado I (7unds/1000ml),1.0,Suco Antioxidante Laranja 1000ml,1000.0,MontagemdosCombosDetox1000
Combos,Combo Suco Personalizado I (7unds/1000ml),1.0,Suco Desinchá 1000ml,1000.0,MontagemdosCombosDetox1000
Combos,Combo Suco Personalizado I (7unds/1000ml),1.0,Suco Imunidade 1000ml,1000.0,MontagemdosCombosDetox1000
Combos,Combo Suco Personalizado I (7unds/1000ml),1.0,Suco Roxo Ativo 1000ml,1000.0,MontagemdosCombosDetox1000
Combos,Combo Suco Personalizado I (7unds/1000ml),1.0,Suco de Fibras 1000ml,1000.0,MontagemdosCombosDetox1000
Combos,Combo Suco Personalizado I (7unds/1000ml),1.0,Vitamina Antioxidante1000ml,1000.0,MontagemdosCombosDetox1000
Combos,Combo Suco Personalizado II (7unds/1000ml),1.0,Suco anti-envelhecimento 1000ml,1000.0,MontagemdosCombosDetox1000
Combos,Combo Suco Personalizado II (7unds/1000ml),1.0,Suco suchá 1000ml,1000.0,MontagemdosCombosDetox1000
Combos,Combo Suco Personalizado II (7unds/1000ml),1.0,Suco Refrescante 1000ml,1000.0,MontagemdosCombosDetox1000
Combos,Combo Suco Personalizado II (7unds/1000ml),1.0,Suco Revitalizante 1000ml,1000.0,MontagemdosCombosDetox1000
Combos,Combo Suco Personalizado II (7unds/1000ml),1.0,Suco Detox Vermelho 1000ml,1000.0,MontagemdosCombosDetox1000
Combos,Combo Suco Personalizado II (7unds/1000ml),1.0,Suco Saudável de Caju com Laranja 1000ml,1000.0,MontagemdosCombosDetox1000
Combos,Combo Suco Personalizado II (7unds/1000ml),1.0,Suco Diurético 1000ml,1000.0,MontagemdosCombosDetox1000
Combos,Combo Suco Personalizado III (7unds/1000ml),1.0,Suco anti-envelhecimento 1000ml,1000.0,MontagemdosCombosDetox1000
Combos,Combo Suco Personalizado III (7unds/1000ml),1.0,Suco Anti-inchaço 1000ml,1000.0,MontagemdosCombosDetox1000
Combos,Combo Suco Personalizado III (7unds/1000ml),1.0,Suco suchá 1000ml,1000.0,MontagemdosCombosDetox1000
Combos,Combo Suco Personalizado III (7unds/1000ml),1.0,Suco Desinchá 1000ml,1000.0,MontagemdosCombosDetox1000
Combos,Combo Suco Personalizado III (7unds/1000ml),1.0,Suco Refrescante 1000ml,1000.0,MontagemdosCombosDetox1000
Combos,Combo Suco Personalizado III (7unds/1000ml),1.0,Suco Imunidade 1000ml,1000.0,MontagemdosCombosDetox1000
Combos,Combo Suco Personalizado III (7unds/1000ml),1.0,Suco Saudável de Caju com Laranja 1000ml,1000.0,MontagemdosCombosDetox1000
Combos,"Combo Sopas, Caldos e Cremes I (7unds/400g)",1.0,Caldo de abobora cabotiá com carne seca 400g,400.0,MontagemdosCombosSCC400
Combos,"Combo Sopas, Caldos e Cremes I (7unds/400g)",1.0,Caldo de Abóbora com Carne moída 400g,400.0,MontagemdosCombosSCC400
Combos,"Combo Sopas, Caldos e Cremes I (7unds/400g)",1.0,"Caldo de chuchu, frango com abóbora Cabotiá 400g",400.0,MontagemdosCombosSCC400
Combos,"Combo Sopas, Caldos e Cremes I (7unds/400g)",1.0,Caldo de Feijão com Couve 400g,400.0,MontagemdosCombosSCC400
Combos,"Combo Sopas, Caldos e Cremes I (7unds/400g)",1.0,"Caldo Frango desfiado, cenoura e gengibri 400g",400.0,MontagemdosCombosSCC400
Combos,"Combo Sopas, Caldos e Cremes I (7unds/400g)",1.0,Creme de Cenoura 400g,400.0,MontagemdosCombosSCC400
Combos,"Combo Sopas, Caldos e Cremes I (7unds/400g)",1.0,Creme de Couve Flor 400g,400.0,MontagemdosCombosSCC400
Combos,"Combo Sopas, Caldos e Cremes II (7unds/400g)",1.0,Creme de ervilha com bacon saudavel 400g,400.0,MontagemdosCombosSCC400
Combos,"Combo Sopas, Caldos e Cremes II (7unds/400g)",1.0,Sopa de Abóbora e queijo branco 400g,400.0,MontagemdosCombosSCC400
Combos,"Combo Sopas, Caldos e Cremes II (7unds/400g)",1.0,Sopa de Chuchu com Bacon Saudável 400g,400.0,MontagemdosCombosSCC400
Combos,"Combo Sopas, Caldos e Cremes II (7unds/400g)",1.0,Sopa Detox de Frango com abóbora 400g,400.0,MontagemdosCombosSCC400
Combos,"Combo Sopas, Caldos e Cremes II (7unds/400g)",1.0,Sopa Verde 400g,400.0,MontagemdosCombosSCC400
Combos,"Combo Sopas, Caldos e Cremes II (7unds/400g)",1.0,Caldo cremoso de mandioca com frango 400g,400.0,MontagemdosCombosSCC400
Combos,"Combo Sopas, Caldos e Cremes II (7unds/400g)",1.0,Caldo de Frango com Milho 400g,400.0,MontagemdosCombosSCC400
Combos,"Combo Sopas, Caldos e Cremes III (7unds/400g)",1.0,Caldo de cenoura e abobrinha com frango 400g,400.0,MontagemdosCombosSCC400
Combos,"Combo Sopas, Caldos e Cremes III (7unds/400g)",1.0,Sopa de legumes com macarrão integal 400g,400.0,MontagemdosCombosSCC400
Combos,"Combo Sopas, Caldos e Cremes III (7unds/400g)",1.0,Sopa de Lentilha com Tomates 400g,400.0,MontagemdosCombosSCC400
Combos,"Combo Sopas, Caldos e Cremes III (7unds/400g)",1.0,Caldo verde 400g,400.0,MontagemdosCombosSCC400
Combos,"Combo Sopas, Caldos e Cremes III (7unds/400g)",1.0,Caldo de Vaca Atolada 400g,400.0,MontagemdosCombosSCC400
Combos,"Combo Sopas, Caldos e Cremes III (7unds/400g)",1.0,"Caldo de mandioquinha, couve e cubos de frango grelhado 400g",400.0,MontagemdosCombosSCC400
Combos,"Combo Sopas, Caldos e Cremes III (7unds/400g)",1.0,Caldo de Mandioca com Carne Seca 400g,400.0,MontagemdosCombosSCC400
Combos,Combo Equilíbrio I (14unds/250g),1.0,"Berinjela com carne moida na cama de legumes, arroz branco e linhaça 250g",500.0,MontagemdosCombosEquilíbrio250
Combos,Combo Equilíbrio I (14unds/250g),1.0,"Carne Moida acompanhada de arroz, Brócolis e feijão de Caldo 250g",500.0,MontagemdosCombosEquilíbrio250
Combos,Combo Equilíbrio I (14unds/250g),1.0,Feijoada Fit acompanhada de arroz integral e couve refogada 250g,500.0,MontagemdosCombosEquilíbrio250
Combos,Combo Equilíbrio I (14unds/250g),1.0,Frango Xadrez com Arroz branco 250g,500.0,MontagemdosCombosEquilíbrio250
Combos,Combo Equilíbrio I (14unds/250g),1.0,"Pernil desfiado com legumes, arroz com açafrão e feijão 250g",500.0,MontagemdosCombosEquilíbrio250
Combos,Combo Equilíbrio I (14unds/250g),1.0,Ragu de carne acompanhado com purê de abóbora 250g,500.0,MontagemdosCombosEquilíbrio250
Combos,Combo Equilíbrio I (14unds/250g),1.0,Sobrecoxa assada com de creme de milho 250g,500.0,MontagemdosCombosEquilíbrio250
Combos,Combo Equilíbrio II (14unds/250g),1.0,Ragu de carne acompanhado com purê de abóbora 250g,500.0,MontagemdosCombosEquilíbrio250
Combos,Combo Equilíbrio II (14unds/250g),1.0,"Carne Moida acompanhada de arroz, Brócolis e feijão de Caldo 250g",500.0,MontagemdosCombosEquilíbrio250
Combos,Combo Equilíbrio II (14unds/250g),1.0,Escondidinho de purê misto de batata doce e cenoura recheado com frango 250g,500.0,MontagemdosCombosEquilíbrio250
Combos,Combo Equilíbrio II (14unds/250g),1.0,Feijoada Fit acompanhada de arroz integral e couve refogada 250g,500.0,MontagemdosCombosEquilíbrio250
Combos,Combo Equilíbrio II (14unds/250g),1.0,Frango Xadrez com Arroz branco 250g,500.0,MontagemdosCombosEquilíbrio250
Combos,Combo Equilíbrio II (14unds/250g),1.0,Galinhada Fit acompanhada de brócolis 250g,500.0,MontagemdosCombosEquilíbrio250
Combos,Combo Equilíbrio II (14unds/250g),1.0,Macarrão Integral ao molho Parisiense com Bacon Saudável 250g,500.0,MontagemdosCombosEquilíbrio250
